fetchTimestamp,ticker,longName,industry,sector,fullExchangeName,website,city,zip,marketCap,regularMarketTime,currentPrice,open,dayHigh,dayLow,volume,previousClose,regularMarketChange,regularMarketChangePercent,fiftyTwoWeekLow,fiftyTwoWeekHigh,allTimeHigh,allTimeLow,fiftyDayAverage,fiftyDayAverageChange,fiftyDayAverageChangePercent,twoHundredDayAverage,twoHundredDayAverageChange,twoHundredDayAverageChangePercent,fiftyTwoWeekLowChange,fiftyTwoWeekLowChangePercent,fiftyTwoWeekHighChange,fiftyTwoWeekHighChangePercent,fiftyTwoWeekRange,averageVolume,averageDailyVolume10Day,averageDailyVolume3Month,floatShares,impliedSharesOutstanding,sharesOutstanding,heldPercentInsiders,heldPercentInstitutions,totalCash,totalCashPerShare,totalDebt,totalRevenue,revenuePerShare,returnOnAssets,returnOnEquity,grossProfits,earningsGrowth,revenueGrowth,grossMargins,ebitdaMargins,operatingMargins,profitMargins,bookValue,priceToBook,enterpriseValue,trailingPE,forwardPE,trailingEps,forwardEps,dividendRate,dividendYield,exDividendDate,payoutRatio,fiveYearAvgDividendYield,lastSplitFactor,enterpriseToRevenue,netIncomeToCommon,lastSplitDate,beta
2026-10-09T03:05:37.553451,EASEMYTRIP.NS,Easy Trip Planners Limited,Travel Services,Consumer Cyclical,NSE,https://www.easemytrip.com,New Delhi,110092,23031277568.0,1791453603.0,5.78,5.78,5.87,5.77,6710223.0,5.86,-0.07999992,-1.3651863,5.71,10.6,36.75,5.03125,6.0836,-0.30359983,-0.049904633,7.0324,-1.2523999,-0.17808998,0.07000017,0.012259224,-4.82,-0.45471698,5.71 - 10.6,17056586.0,11834005.0,17056586.0,1820655667.0,3984650000.0,3984650000.0,0.55122,0.02142,933859968.0,0.246,354489984.0,5566110208.0,1.463,,,2913179904.0,,0.184,0.52338004,0.05763,-0.00364,-0.09373,2.36,2.4491527,21539696640.0,,,-0.14,,,0.0,1702944000.0,0.0,,2:1,3.87,-521700000.0,1732838400.0,0.539
2026-10-09T03:05:37.553451,ALLCARGO.NS,Allcargo Logistics Limited,Integrated Freight & Logistics,Industrials,NSE,https://www.allcargologistics.com,Mumbai,400098,14962805760.0,1791453599.0,9.99,10.28,10.28,9.93,4295600.0,10.28,-0.28999996,-2.8210113,7.11,36.55,123.75,7.0075,10.9446,-0.95460033,-0.08722112,9.3815,0.6084995,0.06486164,2.8799996,0.40506324,-26.56,-0.7266758,7.11 - 36.55,20622006.0,5552280.0,20622006.0,847777777.0,1497778469.0,1497778469.0,0.45452,0.05406,1310000000.0,0.842,6929999872.0,21130000384.0,13.093,,,4120000000.0,,-0.857,0.19498,0.12553,0.03663,0.01467,3.731,2.6775663,21159999488.0,58.764706,9.99,0.17,1.0,,0.0,1729814400.0,0.0,1.14,4:1,1.001,300000000.0,1704153600.0,0.815
2026-10-09T03:05:37.553451,RTNPOWER.NS,RattanIndia Power Limited,Utilities - Independent Power Producers,Utilities,NSE,https://www.rattanindiapower.com,New Delhi,110037,34529779712.0,1791453603.0,6.43,6.7,6.73,6.36,14688803.0,6.7,-0.26999998,-4.0298505,6.36,11.94,45.05,0.95,7.5796,-1.1496,-0.15167028,8.5915,-2.1615005,-0.2515859,0.069999695,0.011006241,-5.5099998,-0.46147403,6.36 - 11.94,16050757.0,11820153.0,16050757.0,2849781278.0,5370105860.0,5370105860.0,0.50163,0.030280001,753500032.0,0.148,37107101696.0,29679499264.0,6.083,,,6958600192.0,,-0.028,0.23446,0.14706999,0.080019996,0.03753,8.661,0.74240845,69110874112.0,32.149998,,0.2,,,0.0,,0.0,,,2.329,1114000000.0,,0.425
2026-10-09T03:05:37.553451,PCJEWELLER.NS,PC Jeweller Limited,Luxury Goods,Consumer Cyclical,NSE,https://www.pcjeweller.com,New Delhi,110005,136327823360.0,1791453600.0,13.9,13.49,14.38,13.42,858952367.0,13.14,0.7599993,5.78386,7.47,14.86,60.065,0.775,11.7166,2.1833992,0.18635091,9.96635,3.93365,0.39469317,6.43,0.8607764,-0.96000004,-0.06460296,7.47 - 14.86,321002383.0,316202603.0,321002383.0,4428337200.0,9807757077.0,9807757077.0,0.54245,0.01158,1361699968.0,0.141,11665600512.0,35050098688.0,4.414,,,8753899520.0,0.438,0.21,0.24975,0.22528,0.2692,0.22103001,10.693,1.2999158,144577904640.0,18.783783,0.6780488,0.74,20.5,,0.0,1537315200.0,0.0,0.38,10:1,4.125,7747100160.0,1734307200.0,0.351
2026-10-09T03:05:37.553451,IDEA.NS,Vodafone Idea Limited,Telecom Services,Communication Services,NSE,https://www.myvi.in,Mumbai,400030,1386790912000.0,1791452699.0,12.8,13.17,13.29,12.8,296285707.0,13.18,-0.3800001,-2.8831573,8.13,15.79,123.00568,2.4,13.931,-1.1309996,-0.08118582,12.22855,0.57145023,0.046730824,4.67,0.57441574,-2.9899998,-0.18936034,8.13 - 15.79,386319369.0,401168795.0,386319369.0,27774811480.0,108343035001.0,108343035001.0,0.74638003,0.09769,37149999104.0,0.343,1925280038912.0,454630014976.0,4.201,,,205500006400.0,,0.061,0.45202,0.27031,-0.03766,0.82278,-3.3,-3.878788,3274920427520.0,3.8208957,-8.835813,3.35,-1.44865,,0.0,1474502400.0,0.0,0.33,,7.203,374059991040.0,,0.737
2026-10-09T03:05:37.553451,ALOKINDS.NS,Alok Industries Limited,Textile Manufacturing,Consumer Cyclical,NSE,https://www.alokind.com,Navi Mumbai,400710,44687163392.0,1791453600.0,9.0,8.5,9.47,8.24,148774974.0,8.29,0.71000004,8.564536,6.92,18.45,97.395,1.4,9.1914,-0.19139957,-0.020823767,12.49245,-3.4924498,-0.27956486,2.08,0.30057803,-9.450001,-0.51219517,6.92 - 18.45,20178085.0,37877255.0,20178085.0,1238082694.0,4965240401.0,4965240401.0,0.74998003,0.012150001,293000000.0,0.059,261057593344.0,37754101760.0,7.59,,,18194599936.0,,0.065,0.48192,0.019550001,-0.0095,-0.18827,-43.357,-0.20757894,305451761664.0,,,-1.56,,,0.0,1387324800.0,0.0,1.76,,8.091,-7107999744.0,,0.236
2026-10-09T03:05:37.553451,CCAVENUE.NS,AvenuesAI Limited,Software - Infrastructure,Technology,NSE,https://avenuesai.com,Gandhinagar,382355,52284915712.0,1791453598.0,15.02,15.56,15.56,14.98,9782518.0,15.56,-0.53999996,-3.4704368,12.92,20.5,50.6307,5.507418,15.7488,-0.7287998,-0.04627653,15.5369,-0.5168991,-0.03326913,2.1000004,0.16253872,-5.4799995,-0.26731706,12.92 - 20.5,14618158.0,10264262.0,14618158.0,1499647333.0,3481019690.0,3472828470.0,0.53226,0.03793,11894899712.0,3.749,4295300096.0,95160401920.0,29.991,,,4782199808.0,0.143,1.094,0.05025,0.039890002,0.0248,0.03089,16.742,0.8971449,42367606784.0,14.871287,13.654546,1.01,1.1,,0.0,1722988800.0,0.0,0.17,1:10,0.445,2939399936.0,1791849600.0,-0.012
2026-10-09T03:05:37.553451,JPPOWER.NS,Jaiprakash Power Ventures Limited,Utilities - Independent Power Producers,Utilities,NSE,https://www.jppowerventures.com,New Delhi,110057,98073001984.0,1791453603.0,14.31,14.96,14.99,14.2,43308547.0,14.86,-0.54999924,-3.7012062,13.15,24.5,143.4,0.35,16.5124,-2.2023993,-0.1333785,16.80395,-2.493949,-0.14841445,1.1600008,0.08821299,-10.19,-0.41591835,13.15 - 24.5,57046112.0,35288433.0,57046112.0,2772018492.0,6853458827.0,6853458827.0,0.32986,0.11337,7549499904.0,1.102,33910800384.0,57559998464.0,6.31,,,21137199104.0,0.677,0.122,0.36722,0.2658,0.36141,0.111420006,13.025,1.0986565,162489597952.0,21.044119,-8.417647,0.68,-1.7,,0.0,1249862400.0,0.0,1.5,,2.823,6395700224.0,,0.338
2026-10-09T03:05:37.553451,HCC.NS,Hindustan Construction Company Limited,Engineering & Construction,Industrials,NSE,https://www.hccindia.com,Mumbai,400083,49115025408.0,1791453603.0,18.75,19.8,19.85,18.68,21286154.0,19.8,-1.0499992,-5.3030267,13.65,29.5,457.55215,0.2945,21.6218,-2.8717995,-0.13281964,20.669,-1.9190006,-0.09284438,5.1000004,0.3736264,-10.75,-0.3644068,13.65 - 29.5,25405037.0,13277339.0,25405037.0,2160877788.0,2619468062.0,2619468062.0,0.20871,0.06404,5991399936.0,2.287,10191500288.0,38716801024.0,14.78,,,13762400256.0,-0.304,-0.09,0.35546002,0.124350004,0.09932999,0.04284,8.121,2.3088288,53315125248.0,26.041666,27.573528,0.72,0.68,,0.0,1306713600.0,0.0,0.95,2:1,1.377,1658700032.0,1281398400.0,0.696
2026-10-09T03:05:37.553451,YESBANK.NS,Yes Bank Limited,Banks - Regional,Financial Services,NSE,https://www.yes.bank.in,Mumbai,400055,641906442240.0,1791452705.0,20.45,20.76,20.79,20.35,62693783.0,20.79,-0.34000015,-1.6354022,17.2,25.78,404.0,5.65,22.397,-1.9469986,-0.08693123,21.7679,-1.3178997,-0.06054326,3.25,0.18895347,-5.33,-0.20674941,17.2 - 25.78,64783342.0,79052698.0,64783342.0,15283552764.0,31389067719.0,31389067719.0,0.44162998,0.18063,236114001920.0,7.49,685089619968.0,162813394944.0,5.175,0.00863,0.074650005,162813394944.0,0.308,0.09,0.0,0.0,0.30765,0.23185,16.634,1.2294096,1093679448064.0,17.184874,11.230957,1.19,1.82086,,0.0,1559520000.0,0.0,1.06,5:1,6.717,37748600832.0,1505952000.0,0.539
2026-10-09T03:05:37.553451,JINDWORLD.NS,Jindal Worldwide Limited,Textile Manufacturing,Consumer Cyclical,NSE,https://www.jindaltextiles.com,Ahmedabad,380015,43051728896.0,1791453596.0,42.94,44.4,44.49,42.7,1538443.0,44.83,-1.8900032,-4.215934,17.85,61.99,95.34,1.12,43.7456,-0.805603,-0.018415635,31.19405,11.745949,0.37654454,25.089998,1.4056021,-19.050003,-0.30730766,17.85 - 61.99,23056861.0,4134915.0,23056861.0,67890077.0,1002602000.0,1002602000.0,0.91839,0.00017999999,3581236992.0,3.537,5583431168.0,23003584512.0,23.144,,,4700446208.0,0.882,0.027,0.20434,0.06343,0.07982,0.036849998,8.56,5.0163546,45477478400.0,53.675,,0.8,,,0.0,1725840000.0,0.0,0.05,5:1,1.977,847673024.0,1740700800.0,0.221
2026-10-09T03:05:37.553451,RPOWER.NS,Reliance Power Limited,Utilities - Independent Power Producers,Utilities,NSE,https://www.reliancepower.co.in,Mumbai,400001,,1791453599.0,19.8,20.31,20.36,19.75,17851735.0,20.32,-0.52000046,-2.5590575,19.09,50.73,331.25,1.0,21.9128,-2.1128006,-0.09641856,25.3705,-5.5705013,-0.21956608,0.7099991,0.0371922,-30.93,-0.6096984,19.09 - 50.73,20402066.0,26831649.0,20402066.0,2877462650.0,,,0.29806998,0.1062,17051599872.0,4.123,148120305664.0,76904497152.0,18.595,,,40941699072.0,0.472,0.038,0.53237,0.32871,0.18153,-0.041199997,38.782,0.5105461,212956971008.0,,,-0.75,,,0.0,1447891200.0,0.0,,8:5,2.769,-3167200000.0,1212105600.0,0.901
2026-10-09T03:05:37.553451,RENUKA.NS,Shree Renuka Sugars Limited,Confectioners,Consumer Defensive,NSE,https://renukasugars.com,Belgaum,590010,46039232512.0,1791453600.0,21.63,22.95,23.03,21.5,10343837.0,22.78,-1.1500015,-5.0482945,20.95,30.9,123.5,3.25,23.2854,-1.6554012,-0.07109181,24.27085,-2.64085,-0.10880748,0.6799984,0.032458156,-9.27,-0.3,20.95 - 30.9,15771453.0,13882050.0,15771453.0,794476144.0,2128489773.0,2128489773.0,0.62624,0.08604,605000000.0,0.284,71743995904.0,92710002688.0,43.504,,,18859999232.0,,0.055,0.20343,0.02878,-0.05609,-0.08415,-12.485,-1.732479,117167906816.0,,-5.030232,-3.48,-4.3,,0.0,1376870400.0,0.093,1.48,2:1,1.264,-7801999872.0,1268611200.0,-0.246
2026-10-09T03:05:37.553451,TRIDENT.NS,Trident Limited,Textile Manufacturing,Consumer Cyclical,NSE,https://www.tridentindia.com,Barnala,148101,111236603904.0,1791453593.0,21.83,22.16,22.32,21.8,2994062.0,22.31,-0.47999954,-2.1514995,21.8,30.94,70.35,0.525,23.8362,-2.0062008,-0.08416613,24.94965,-3.11965,-0.12503782,0.030000687,0.0013761783,-9.110001,-0.29444087,21.8 - 30.94,4020122.0,3016667.0,4020122.0,1184502074.0,5095584070.0,5095584070.0,0.75532997,0.0251,4690400256.0,0.92,18285299712.0,67809898496.0,13.37,,,32428599296.0,0.148,0.047,0.47823003,0.13137001,0.13338,0.05829,9.358,2.3327634,124920856576.0,27.98718,18.982609,0.78,1.15,0.5,2.24,1779408000.0,0.641,1.29,10:1,1.842,3952399872.0,1576195200.0,0.12
2026-10-09T03:05:37.553451,OLAELEC.NS,Ola Electric Mobility Limited,Auto Manufacturers,Consumer Cyclical,NSE,https://www.olaelectric.com,Bengaluru,560095,153018925056.0,1791453600.0,34.63,36.02,36.08,32.7,163838037.0,36.32,-1.6899986,-4.65308,22.25,57.95,157.4,22.25,38.3484,-3.718399,-0.09696361,35.80775,-1.1777496,-0.032890912,12.380001,0.55640453,-23.32,-0.40241587,22.25 - 57.95,67894302.0,91894104.0,67894302.0,2135033600.0,4418680703.0,4418680703.0,0.39256,0.24659,15420000256.0,3.442,27630000128.0,18800001024.0,4.25,,,6140000256.0,,-0.45,0.3266,-0.41449,-0.64176005,-0.92606,7.573,4.5728245,167352401920.0,,-12.214176,-3.93,-2.83523,,0.0,,,,,8.902,-17410000896.0,,1.378
2026-10-09T03:05:37.553451,PATELENG.NS,Patel Engineering Limited,Engineering & Construction,Industrials,NSE,https://www.pateleng.com,Mumbai,400102,23761586176.0,1791453600.0,24.88,25.71,25.75,24.8,2554858.0,25.74,-0.8600006,-3.3411055,22.0,38.17,740.4035,6.554391,27.4594,-2.579401,-0.09393508,27.88725,-3.0072517,-0.107836075,2.8799992,0.13090906,-13.289999,-0.3481792,22.0 - 38.17,3118198.0,1858909.0,3118198.0,662492983.0,955047697.0,955047697.0,0.33783,0.02253,5501060096.0,5.473,12160889856.0,51500359680.0,54.312,,,13575999488.0,0.08,0.038,0.26361,0.13594,0.11958,0.05567,42.746,0.58204275,31688300544.0,8.822695,5.9238095,2.82,4.2,,0.0,1349049600.0,0.0,0.48,,0.615,2867239936.0,,0.643
2026-10-09T03:05:37.553451,UCOBANK.NS,UCO Bank,Banks - Regional,Financial Services,NSE,https://www.uco.bank.in,Kolkata,700001,287908265984.0,1791453599.0,22.96,23.4,23.49,22.9,3559011.0,23.4,-0.44000053,-1.8803442,22.22,34.2,152.4,8.4,24.7454,-1.7854004,-0.072150804,26.2869,-3.3269005,-0.12656116,0.7399998,0.03330332,-11.240002,-0.328655,22.22 - 34.2,4230034.0,3791175.0,4230034.0,1110569169.0,12539558979.0,12539558979.0,0.90950996,0.02616,218040205312.0,17.275,248677302272.0,130761711616.0,10.435,0.00735,0.08541001,130761711616.0,0.083,0.53,0.0,0.0,0.60444,0.21541001,26.961,0.8516004,320427622400.0,10.436363,16.4,2.2,1.4,0.44,1.88,1777852800.0,0.19639999,3.39,,2.45,28167387136.0,,0.728
2026-10-09T03:05:37.553451,RTNINDIA.NS,RattanIndia Enterprises Limited,Internet Retail,Consumer Cyclical,NSE,https://www.rattanindia.com,New Delhi,110037,34563616768.0,1791453594.0,25.03,25.95,25.95,24.87,807106.0,25.78,-0.75,-2.909232,24.4,54.39,94.85,1.15,28.6474,-3.6173992,-0.12627321,32.22895,-7.19895,-0.22336905,0.63000107,0.025819717,-29.359999,-0.5398051,24.4 - 54.39,1420646.0,1705719.0,1420646.0,300880561.0,1380887604.0,1380887604.0,0.79904,0.0034,10594899968.0,7.718,11008600064.0,75623407616.0,54.942,,,1435480064.0,-0.97,0.019,0.01898,-0.00029,-0.05661,-0.08635,5.575,4.4896865,34787168256.0,,,-4.73,,,0.0,,0.0,,,0.46,-6530409984.0,,0.662
2026-10-09T03:05:37.553451,NETWORK18.NS,Network18 Media & Investments Limited,Entertainment,Communication Services,NSE,https://www.nw18.com,Mumbai,400013,37670051840.0,1791453598.0,24.39,25.65,25.7,24.25,4647916.0,25.7,-1.3100014,-5.0972815,24.25,53.24,682.06714,14.7,27.7812,-3.391201,-0.1220682,32.23165,-7.841652,-0.24329042,0.13999939,0.005773171,-28.850002,-0.54188585,24.25 - 53.24,4418384.0,2741380.0,4418384.0,589615236.0,1544487688.0,1542000018.0,0.61521,0.01879,1644899968.0,1.062,32877099008.0,21692200960.0,14.058,,,8810300416.0,,0.103,0.40615,0.02637,-0.045619998,-0.01592,32.229,0.7567718,69686673408.0,,,-0.21,,,0.0,1202947200.0,0.0,,,3.213,-345300000.0,,0.265
2026-10-09T03:05:37.553451,JISLJALEQS.NS,Jain Irrigation Systems Limited,Conglomerates,Industrials,NSE,https://www.jains.com,Jalgaon,425001,19819448320.0,1791453600.0,27.02,27.9,27.9,26.5,2710420.0,27.95,-0.9300003,-3.3273711,26.11,55.79,251.80952,2.380952,28.9956,-1.9755993,-0.06813445,32.2462,-5.2262,-0.16207181,0.90999985,0.034852542,-28.77,-0.5156838,26.11 - 55.79,3668265.0,4574622.0,3668265.0,498020116.0,733510251.0,714215947.0,0.42728,0.0086900005,1342300032.0,1.829,43057598464.0,63622397952.0,85.902,,,27583799296.0,,-0.024,0.43355,0.12946,0.06005,-0.0084,79.712,0.3389703,63022493696.0,,,-0.74,,,0.0,1568246400.0,0.0,1.07,21:20,0.991,-534700000.0,1320710400.0,0.281
2026-10-09T03:05:37.553451,IOB.NS,Indian Overseas Bank,Banks - Regional,Financial Services,NSE,https://www.iob.bank.in,Chennai,600002,586940874752.0,1791453599.0,30.48,31.03,31.19,30.4,1864687.0,31.03,-0.55000114,-1.7724819,30.07,41.8,227.45,6.05,32.724,-2.2439995,-0.06857351,33.9351,-3.455101,-0.10181496,0.40999985,0.0136348475,-11.32,-0.2708134,30.07 - 41.8,3209829.0,4148123.0,3209829.0,1396558672.0,19256589795.0,19256589795.0,0.92438006,0.04318,197357092864.0,10.234,472398987264.0,162917253120.0,8.464,0.0133299995,0.16525999,162917253120.0,0.459,0.481,0.0,0.0,0.37078997,0.36560002,20.196,1.5092098,862822989824.0,10.1262455,33.86667,3.01,0.9,,0.0,1403136000.0,0.0,2.64,,5.296,59563057152.0,,0.295
2026-10-09T03:05:37.553451,CENTRALBK.NS,Central Bank of India,Banks - Regional,Financial Services,NSE,https://centralbank.bank.in,Mumbai,400021,271451521024.0,1791453602.0,29.99,30.42,30.62,29.9,4705791.0,30.44,-0.45000076,-1.4783205,29.32,40.92,212.14337,10.1,30.86,-0.87000084,-0.02819186,33.78665,-3.7966518,-0.112371355,0.6700001,0.0228513,-10.929998,-0.26710653,29.32 - 40.92,7235082.0,4462626.0,7235082.0,423039099.0,9051401274.0,9051401274.0,0.81189,0.09475,371055984640.0,40.944,288185712640.0,163976839168.0,18.099,0.00878,0.115600005,163976839168.0,0.028,-0.032,0.0,0.0,0.39668998,0.27839002,45.195,0.663569,189841801216.0,5.950397,,5.04,,1.0,3.29,1778198400.0,0.2376,1.4,,1.158,45649375232.0,,0.392
2026-10-09T03:05:37.553451,SOUTHBANK.NS,The South Indian Bank Limited,Banks - Regional,Financial Services,NSE,https://www.southindianbank.bank.in,Thrissur,680001,121518768128.0,1791453603.0,46.39,47.75,47.75,46.15,14721151.0,47.47,-1.0800018,-2.275125,31.11,50.68,50.68,0.933569,46.5176,-0.12760162,-0.0027430826,42.8199,3.5700989,0.08337476,15.279999,0.49116036,-4.290001,-0.084648795,31.11 - 50.68,12013358.0,19840096.0,12013358.0,2493762413.0,2619503707.0,2619503707.0,0.04301,0.29790002,47799500800.0,18.226,36069400576.0,51337699328.0,19.603,0.0111,0.13596,51337699328.0,0.171,0.086,0.0,0.0,0.38448003,0.29435,45.049,1.0297676,109934116864.0,8.053819,6.608262,5.76,7.02,0.45,0.95,1786579200.0,0.0694,2.08,10:1,2.141,15111300096.0,1285200000.0,0.166
2026-10-09T03:05:37.553451,NSLNISP.NS,NMDC Steel Limited,Steel,Basic Materials,NSE,https://www.nsltd.in,Hyderabad,500 028,114586681344.0,1791453598.0,39.1,40.51,40.56,39.0,3493572.0,40.55,-1.4500008,-3.5758343,33.01,53.75,73.7,29.75,42.9586,-3.8586006,-0.089821376,42.2445,-3.1445007,-0.07443574,6.09,0.18448956,-14.650002,-0.27255818,33.01 - 53.75,6619634.0,4493361.0,6619634.0,1031148358.0,2930605850.0,2930605850.0,0.60793996,0.17083,7999799808.0,3.009,46131798016.0,139384307712.0,48.22,,,48059101184.0,1.111,0.088,0.3448,0.111090004,0.04299,0.006,45.041,0.8680979,142076264448.0,139.64285,,0.28,,,0.0,,0.0,,,1.019,836700032.0,,0.714
2026-10-09T03:05:37.553451,MSUMI.NS,Motherson Sumi Wiring India Limited,Auto Parts,Consumer Cyclical,NSE,https://www.mswil.motherson.com,Noida,201301,218645905408.0,1791453599.0,32.97,33.45,33.48,32.75,7113359.0,33.57,-0.5999985,-1.7873056,32.7,53.59,53.59,26.666666,37.149,-4.178997,-0.11249286,39.92235,-6.9523506,-0.17414682,0.27000046,0.008256895,-20.619999,-0.38477325,32.7 - 53.59,10032351.0,9445926.0,10032351.0,2536478043.0,6631661898.0,6631661898.0,0.61749,0.20743999,662000000.0,0.1,2332000000.0,123317100544.0,18.525,,,37154799616.0,0.0,0.364,0.30129,0.07669,0.05855,0.05088,3.26,10.113498,220315893760.0,35.451614,22.428116,0.93,1.47003,0.58,1.73,1783987200.0,0.0,1.07,3:2,1.787,6274200064.0,1752796800.0,0.048
2026-10-09T03:05:37.553451,SAGILITY.NS,Sagility Limited,Health Information Services,Healthcare,NSE,https://sagility.com,Bengaluru,560068,202935582720.0,1791452700.0,43.35,43.8,44.04,43.23,22658241.0,43.11,0.23999786,0.5567104,35.83,57.89,57.89,27.02,44.3088,-0.95880127,-0.021639071,43.47005,-0.12005234,-0.0027617253,7.5199966,0.20987989,-14.540001,-0.25116602,35.83 - 57.89,22540643.0,10816574.0,22540643.0,2311865119.0,4681328413.0,4681328413.0,0.5095,0.23117,9037859840.0,1.918,11105349632.0,76173918208.0,16.248,,,28667348992.0,0.438,0.276,0.37634,0.24826,0.15795,0.13036,20.988,2.065466,206388297728.0,20.352112,14.435515,2.13,3.00301,0.2,0.46,1786060800.0,0.023599999,,,2.709,9930200064.0,,
2026-10-09T03:05:37.553451,TTML.NS,Tata Teleservices (Maharashtra) Limited,Telecom Services,Communication Services,NSE,https://www.tatatelebusiness.com,Navi Mumbai,400703,64414871552.0,1791453603.0,32.95,34.01,34.14,32.7,2087174.0,34.01,-1.0599976,-3.1167233,31.22,59.59,290.15,1.8,36.9522,-4.002201,-0.10830751,40.81815,-7.868149,-0.19276103,1.7300014,0.055413246,-26.64,-0.44705486,31.22 - 59.59,4099871.0,12449484.0,4099871.0,883959670.0,1954927727.0,1954927727.0,0.74358004,0.01978,385500000.0,0.197,208689201152.0,11775500288.0,6.029,,,6539500032.0,,0.061,0.55535,0.50198,0.43648,0.03187,-102.221,-0.32234082,272718561280.0,183.05556,,0.18,,,0.0,,0.0,,17:15,23.16,375300000.0,1375833600.0,0.436
2026-10-09T03:05:37.553451,IMAGICAA.NS,Imagicaaworld Entertainment Limited,Entertainment,Communication Services,NSE,https://www.imagicaaworld.com,Mumbai,400053,27763992576.0,1791453601.0,47.11,49.08,49.08,46.75,525362.0,48.72,-1.6100006,-3.3045988,36.84,62.0,207.0,1.85,51.0554,-3.9454002,-0.07727684,47.11235,-0.0023498535,-4.9877654e-05,10.27,0.27877307,-14.889999,-0.24016128,36.84 - 62.0,1582965.0,609749.0,1582965.0,118507512.0,589343947.0,589343947.0,0.74991,0.00082,271215008.0,0.48,3425138944.0,4033603072.0,6.347,,,3613529088.0,0.342,0.199,0.89585996,0.33897,0.36751997,0.03446,31.596,1.4910115,29745440768.0,188.44,27.711763,0.25,1.7,,0.0,,0.0,,,7.374,138988000.0,,0.358
2026-10-09T03:05:37.553451,IRB.NS,IRB Infrastructure Developers Limited,Infrastructure Operations,Industrials,NSE,https://www.irb.co.in,Mumbai,400072,211727351808.0,1791453598.0,17.53,17.41,17.89,17.3,17723267.0,17.44,0.09000015,0.5160559,16.75,23.95,39.075,2.28,18.895,-1.3649998,-0.07224132,20.43745,-2.9074497,-0.14226088,0.7800007,0.046567205,-6.42,-0.26805845,16.75 - 23.95,13042108.0,12103277.0,13042108.0,7993461960.0,12078000000.0,12078000000.0,0.67996,0.14743,20921569280.0,1.732,200270626816.0,61644738560.0,5.039,,,35689889792.0,0.471,-0.089,0.57896,0.42556,0.22489999,0.15478,17.678,0.99162805,391076413440.0,22.189873,13.280303,0.79,1.32,0.2,1.15,1785888000.0,0.19870001,0.54,2:1,6.344,9541480448.0,1774828800.0,-0.015
2026-10-09T03:05:37.553451,SUZLON.NS,Suzlon Energy Limited,Specialty Industrial Machinery,Industrials,NSE,https://www.suzlon.com,Pune,411028,500782170112.0,1791452699.0,36.43,38.43,38.43,36.31,85647153.0,38.34,-1.9099998,-4.981742,36.31,61.5,422.1948,1.560963,44.5464,-8.116398,-0.18220098,48.48325,-12.053249,-0.24860647,0.11999893,0.0033048452,-25.07,-0.40764228,36.31 - 61.5,56113421.0,59931755.0,56113421.0,11212950381.0,13746422921.0,13746277362.0,0.17643999,0.23312001,25990000640.0,1.873,2769999872.0,173811400704.0,12.609,,0.39366,59954200576.0,-0.083,0.225,0.34494,0.17573,0.1305,0.18090001,7.113,5.1216083,482196586496.0,16.788017,17.214983,2.17,2.11618,,0.0,1216252800.0,0.0,,5:1,2.774,31442900992.0,1200873600.0,0.68
2026-10-09T03:05:37.553451,LLOYDSENGG.NS,Lloyds Engineering Works Limited,Specialty Industrial Machinery,Industrials,NSE,https://www.lloydsengg.in,Mumbai,400013,149178925056.0,1791453602.0,96.18,101.47,101.48,95.45,13908473.0,101.1,-4.919998,-4.866467,37.4,104.2,104.2,0.288573,89.7626,6.4173965,0.071492985,68.2458,27.934204,0.40931758,58.78,1.5716577,-8.019997,-0.07696734,37.4 - 104.2,11661382.0,23159644.0,11661382.0,676066148.0,1551038912.0,1548014803.0,0.27383,0.01268,3363899904.0,2.272,1085699968.0,16112799744.0,12.04,,,3340199936.0,0.917,1.429,0.20729999,0.13366,0.11225,0.13881999,11.289,8.519798,140221300736.0,57.250004,,1.68,,0.25,0.25,1786665600.0,0.1462,0.26,,8.702,2236699904.0,,1.175
2026-10-09T03:05:37.553451,LLOYDSENT.NS,Lloyds Enterprises Limited,Steel,Basic Materials,NSE,https://www.lloydsenterprises.in,Mumbai,400013,113540030464.0,1791453598.0,74.37,78.81,78.81,73.65,3655174.0,78.98,-4.6100006,-5.836921,40.69,84.7,96.4,37.28,75.3248,-0.95479584,-0.0126757175,66.2968,8.073204,0.12177366,33.680004,0.82772195,-10.329994,-0.12195979,40.69 - 84.7,4294614.0,4428876.0,4294614.0,426147739.0,1526691243.0,1526355691.0,0.69944,0.0018799999,9657299968.0,6.462,7983099904.0,19884199936.0,15.782,,,3210299904.0,-0.626,0.702,0.16145,0.084589995,0.14411001,0.05647,27.721,2.6828036,122363035648.0,39.34921,,1.89,,0.05,0.06,1782950400.0,0.2594,,,6.154,1122899968.0,,1.032
2026-10-09T03:05:37.553451,EMBDL.NS,Embassy Developments Limited,Real Estate - Diversified,Real Estate,NSE,https://embassyindia.com/,Mumbai,400013,,1791453588.0,56.26,57.49,59.0,55.6,4080737.0,57.19,-0.9300003,-1.6261591,39.46,97.42,738.62317,22.05,59.5234,-3.263401,-0.054825515,59.0921,-2.8321,-0.04792688,16.8,0.42574757,-41.16,-0.42250052,39.46 - 97.42,2602091.0,2023476.0,2602091.0,550133403.0,,,0.64904,0.08564,11361609728.0,8.195,53221371904.0,12676670464.0,9.171,,,476980000.0,,-0.682,0.03763,-0.46525002,-0.66268,-0.74237996,71.012,0.7922604,120816672768.0,,,-4.51,,,0.0,1399334400.0,0.0,,,9.531,-9410899968.0,,1.044
2026-10-09T03:05:37.553451,GATEWAY.NS,Gateway Distriparks Limited,Integrated Freight & Logistics,Industrials,NSE,https://www.gatewaydistriparks.com,New Delhi,110017,25147074560.0,1791453596.0,50.33,51.73,51.81,50.0,883072.0,51.65,-1.3199997,-2.5556624,48.1,65.42,121.55,48.1,53.9822,-3.6521988,-0.06765561,56.6599,-6.329899,-0.11171743,2.2300034,0.04636182,-15.089996,-0.23066336,48.1 - 65.42,990752.0,720551.0,990752.0,329214625.0,499643836.0,499643836.0,0.33947,0.33256,1182777984.0,2.373,6457721856.0,22106834944.0,44.355,,,18647578624.0,-0.183,-0.002,0.84352,0.22299999,0.1426,0.11048,46.168,1.090149,32894941184.0,10.271429,9.363721,4.9,5.375,2.0,3.87,1786406400.0,0.4082,2.3,,1.488,2442462976.0,,0.204
2026-10-09T03:05:37.553451,UJJIVANSFB.NS,Ujjivan Small Finance Bank Limited,Banks - Regional,Financial Services,NSE,https://www.ujjivansfb.bank.in,Bengaluru,560095,121550815232.0,1791452701.0,62.3,64.93,64.93,61.65,24662998.0,64.94,-2.6400032,-4.0652957,47.31,73.94,73.94,13.5,67.5712,-5.2711983,-0.078009546,60.8709,1.4291,0.023477558,14.989998,0.31684628,-11.640003,-0.15742497,47.31 - 73.94,18558548.0,17614321.0,18558548.0,1942500715.0,1951056342.0,1951056342.0,0.00043000001,0.37566003,5200176128.0,2.677,37360111616.0,46154682368.0,23.839,,,46154682368.0,2.019,0.496,0.0,0.0,0.3197,0.19629,35.083,1.7757888,153191038976.0,14.15909,8.532259,4.4,7.3017,,0.0,1720742400.0,0.0,,,3.319,9059544064.0,,0.417
2026-10-09T03:05:37.553451,IFCI.NS,IFCI Limited,Credit Services,Financial Services,NSE,https://www.ifciltd.com,New Delhi,110019,178983288832.0,1791453600.0,66.43,64.0,69.8,63.3,216179427.0,64.03,2.4000015,3.7482455,46.23,107.5,121.2,3.1,79.0956,-12.665596,-0.16013023,67.37275,-0.942749,-0.013993031,20.2,0.43694574,-41.07,-0.38204652,46.23 - 107.5,62985202.0,53034597.0,62985202.0,750149667.0,2694314331.0,2694314331.0,0.73140997,0.03557,71021395968.0,25.425,35230199808.0,13738399744.0,5.176,,,12587899904.0,-0.2,-0.063,0.91626,0.0,0.24118,0.12699,33.829,1.9636998,215370825728.0,100.65151,18.87216,0.66,3.52,,0.0,1455667200.0,0.0,4.07,,15.677,1744600064.0,,0.669
2026-10-09T03:05:37.553451,EQUITASBNK.NS,Equitas Small Finance Bank Limited,Banks - Regional,Financial Services,NSE,https://equitas.bank.in,Chennai,600002,76016099328.0,1791453600.0,66.44,68.92,69.19,66.1,1079776.0,68.92,-2.4799957,-3.598369,51.25,83.9,116.5,30.05,72.9952,-6.5551987,-0.089803144,69.37165,-2.9316483,-0.042260032,15.190002,0.2963903,-17.46,-0.20810488,51.25 - 83.9,2586333.0,2170047.0,2586333.0,1035006920.0,1144131491.0,1144131491.0,0.121829994,0.55196,56662847488.0,49.686,57725501440.0,46719770624.0,40.801,,,46719770624.0,,0.192,1.0,0.0,0.31504,0.10925999,53.564,1.2403854,76831858688.0,14.896861,7.3701353,4.46,9.01476,,0.0,1723161600.0,0.0,,,1.645,5104529920.0,,0.461
2026-10-09T03:05:37.553451,ABFRL.NS,Aditya Birla Fashion and Retail Limited,Apparel Manufacturing,Consumer Cyclical,NSE,https://www.abfrl.com,Mumbai,400070,52540440576.0,1791453598.0,43.18,44.46,45.09,43.05,3983065.0,44.62,-1.4399986,-3.2272496,43.05,86.11,364.4,43.05,52.7582,-9.578201,-0.18154904,60.8611,-17.681099,-0.2905156,0.13000107,0.0030197694,-42.93,-0.49854836,43.05 - 86.11,5373025.0,5975353.0,5373025.0,550769881.0,1216777241.0,1216777241.0,0.53679,0.12968001,11319300096.0,9.301,61891100672.0,83710197760.0,68.823,,,45876699136.0,,0.106,0.54804003,-0.0378,-0.114930004,-0.09308,47.98,0.8999583,107359518720.0,,-7.627318,-3.84,-5.66123,,0.0,,0.0,,,1.283,-7791499776.0,,0.072
2026-10-09T03:05:37.553451,RBA.NS,Restaurant Brands Asia Limited,Restaurants,Consumer Cyclical,NSE,https://www.burgerking.in,Mumbai,400093,65958539264.0,1791453598.0,92.61,97.0,97.0,92.12,2292284.0,96.08,-3.4700012,-3.6115751,57.15,111.15,213.8,57.15,94.7938,-2.1837997,-0.023037368,73.36255,19.247452,0.26236072,35.46,0.62047243,-18.54,-0.16680163,57.15 - 111.15,9642064.0,2737657.0,9642064.0,338062418.0,712218329.0,712218329.0,0.48321,0.31516,1934889984.0,3.32,19670009856.0,29475270656.0,49.603,,,14052819968.0,,0.179,0.47676998,0.058330003,-0.00404,-0.05886,12.371,7.486056,71390134272.0,,420.95456,-2.83,0.22,,0.0,,,,,2.422,-1734880000.0,,0.422
2026-10-09T03:05:37.553451,WEBELSOLAR.NS,Websol Energy System Limited,Solar,Technology,NSE,https://www.webelsolar.com,Kolkata,700017,28828454912.0,1791453601.0,66.4,69.4,69.4,65.8,2046531.0,69.13,-2.7299957,-3.9490755,50.4,137.9,186.5,0.375,79.403,-13.002998,-0.16375953,85.95285,-19.552849,-0.22748342,16.0,0.3174603,-71.49999,-0.5184916,50.4 - 137.9,1994934.0,1835613.0,1994934.0,287653513.0,434163470.0,434163470.0,0.07511,0.030550001,1524400000.0,3.508,1307399936.0,12032900096.0,27.528,,,6718499840.0,0.144,0.703,0.55834,0.36955002,0.27848,0.26063,13.931,4.766349,28639178752.0,9.29972,,7.14,,0.25,0.36,1789430400.0,0.0,,10:1,2.38,3136100096.0,1763078400.0,0.239
2026-10-09T03:05:37.553451,MMTC.NS,MMTC Limited,Conglomerates,Industrials,NSE,https://mmtclimited.com,New Delhi,110003,81405001728.0,1791453599.0,54.27,56.82,56.82,54.02,998016.0,56.2,-1.9300003,-3.434164,50.1,78.35,1310.0,9.9,61.5286,-7.2585983,-0.11797113,63.13325,-8.863251,-0.14038958,4.170002,0.08323357,-24.079998,-0.30733883,50.1 - 78.35,2026056.0,959483.0,2026056.0,149637275.0,1500000000.0,1500000000.0,0.89927,0.01736,17886699520.0,11.84,24200000.0,27300000.0,0.018,,,27300000.0,1.3,-0.5,1.0,0.0,-30.72059,163.86812,14.134,3.8396776,64124526592.0,18.211409,,2.98,,,0.0,1568851200.0,0.0,0.71,3:2,2348.884,4473600000.0,1525305600.0,0.659
2026-10-09T03:05:37.553451,JAIBALAJI.NS,Jai Balaji Industries Limited,Steel,Basic Materials,NSE,https://jaibalajigroup.com,Kolkata,700001,62589571072.0,1791453587.0,68.61,69.5,70.0,66.3,2662273.0,67.37,1.2399979,1.8405786,53.65,99.04,262.8,0.96,65.7414,2.868599,0.043634586,67.79415,0.8158493,0.012034214,14.959999,0.27884433,-30.43,-0.3072496,53.65 - 99.04,670906.0,454284.0,670906.0,263204903.0,912251430.0,912251430.0,0.79559,0.01495,603400000.0,0.658,4166299904.0,61096898560.0,66.758,,,17025000448.0,0.208,0.24,0.27866,0.062329996,0.07119,0.023670001,24.298,2.8236892,66440646656.0,43.42405,,1.58,,,0.0,1316044800.0,0.0,0.29,5:1,1.087,1446300032.0,1737072000.0,0.375
2026-10-09T03:05:37.553451,MAHABANK.NS,Bank of Maharashtra,Banks - Regional,Financial Services,NSE,https://bankofmaharashtra.bank.in,Pune,411005,631092084736.0,1791452698.0,82.05,84.15,84.5,82.05,9501599.0,84.15,-2.0999985,-2.4955418,54.66,94.5,96.75,8.0,81.7556,0.29440308,0.0036010141,76.1568,5.8932037,0.077382505,27.390003,0.50109774,-12.449997,-0.131746,54.66 - 94.5,15068866.0,14779043.0,15068866.0,2030936300.0,7691554950.0,7691554950.0,0.73600996,0.17125,148798193664.0,19.341,387485990912.0,141095370752.0,18.333,0.019,0.22961001,141095370752.0,0.342,0.218,0.0,0.0,0.57523,0.53409,46.399,1.7683572,869917458432.0,8.600629,6.564,9.54,12.5,2.2,2.61,1780617600.0,0.22469999,2.5,,6.165,75358060544.0,,0.817
2026-10-09T03:05:37.553451,IDFCFIRSTB.NS,IDFC First Bank Limited,Banks - Regional,Financial Services,NSE,https://www.idfcfirst.bank.in,Mumbai,400051,676546871296.0,1791452699.0,78.46,79.49,79.49,78.01,17424055.0,79.54,-1.0800018,-1.3578097,58.08,89.61,100.7,17.65,84.6106,-6.1506042,-0.072693065,76.9294,1.5306015,0.019896185,20.379997,0.35089526,-11.150002,-0.12442809,58.08 - 89.61,20302194.0,23403554.0,20302194.0,6422009748.0,8622825121.0,8622825121.0,0.12866001,0.45303002,133585600512.0,15.479,413967613952.0,253494607872.0,28.642,0.0058899997,0.052649997,253494607872.0,1.164,0.298,0.0,0.0,0.20751,0.09093001,56.518,1.3882302,957509468160.0,30.293436,11.549648,2.59,6.79328,0.25,0.31,1786060800.0,0.096499994,,,3.777,23049099264.0,,0.578
2026-10-09T03:05:37.553451,SJVN.NS,SJVN Limited,Utilities - Renewable,Utilities,NSE,https://www.sjvn.nic.in,Shimla,171006,213152088064.0,1791453603.0,54.24,56.6,56.6,54.01,4063317.0,56.36,-2.119999,-3.761531,54.01,91.36,170.5,17.25,64.7116,-10.4716,-0.1618195,71.1851,-16.945095,-0.23804273,0.23000336,0.004258533,-37.12,-0.40630472,54.01 - 91.36,2063214.0,3294301.0,2063214.0,716263935.0,3929795175.0,3929795175.0,0.81845003,0.05707,25225199616.0,6.392,322784886784.0,50052198400.0,12.691,,,44620898304.0,-0.017,0.52,0.89149004,0.70644,0.45679,0.12771,36.207,1.4980528,511702138880.0,33.481483,11.288994,1.62,4.80468,1.5,2.66,1787529600.0,0.90120006,2.34,,10.223,6392399872.0,,0.497
2026-10-09T03:05:37.553451,NFL.NS,National Fertilizers Limited,Agricultural Inputs,Basic Materials,NSE,https://www.nationalfertilizers.com,Noida,201301,30092079104.0,1791453600.0,61.34,63.5,63.65,61.15,807544.0,63.76,-2.4199982,-3.7954803,61.15,98.3,169.95,14.7,69.1874,-7.8474007,-0.113422394,74.34055,-13.000553,-0.17487834,0.18999863,0.0031070912,-36.960003,-0.37599188,61.15 - 98.3,643313.0,538713.0,643313.0,124050481.0,490578400.0,490578400.0,0.74714,0.04153,590499968.0,1.203,39637000192.0,224803995648.0,458.642,,,31204700160.0,,0.273,0.13881,0.04508,0.03627,0.016210001,57.929,1.0588824,69153554432.0,8.5790205,,7.15,,1.04,1.63,1789084800.0,0.21,2.32,,0.308,3643099904.0,,0.437
2026-10-09T03:05:37.553451,NIVABUPA.NS,Niva Bupa Health Insurance Company Limited,Insurance - Life,Financial Services,NSE,https://www.nivabupa.com,Gurugram,122101,143957852160.0,1791453599.0,77.83,78.85,83.5,76.49,10991656.0,77.38,0.45000458,0.58155155,67.5,91.4,109.34,67.5,81.0092,-3.1791992,-0.039244916,79.63995,-1.8099518,-0.022726681,10.330002,0.15303707,-13.57,-0.14846827,67.5 - 91.4,1667242.0,3403996.0,1667242.0,1692156404.0,1849644703.0,1849644703.0,0.75117,0.15816,784000000.0,0.424,2607899904.0,89833103360.0,48.643,,0.121350005,10104299520.0,0.897,0.279,0.11248,0.066929996,0.07807,0.04814,20.743,3.7521093,145749475328.0,39.91282,22.964867,1.95,3.38909,,0.0,,0.0,,,1.622,4325000192.0,,
2026-10-09T03:05:37.553451,HFCL.NS,HFCL Limited,Communication Equipment,Technology,NSE,https://www.hfcl.com,New Delhi,110048,395282415616.0,1791453603.0,258.31,269.0,270.0,258.31,6334561.0,271.9,-13.589996,-4.99816,59.82,275.91,275.91,5.95,225.879,32.431,0.14357688,147.24895,111.06105,0.75424004,198.48999,3.318121,-17.600006,-0.063788936,59.82 - 275.91,16989718.0,8238534.0,16989718.0,1243875503.0,1530263663.0,1530263663.0,0.34232,0.19299999,5097099776.0,3.322,18963300352.0,59932299264.0,40.474,,,22548600832.0,,1.199,0.37623,0.19203,0.18948999,0.09554,33.153,7.791452,410751074304.0,70.76986,49.675003,3.65,5.2,0.2,0.07,1790035200.0,0.025999999,0.16,,6.854,5725799936.0,,0.99
2026-10-09T03:05:37.553451,ELECTCAST.NS,Electrosteel Castings Limited,Building Products & Equipment,Industrials,NSE,https://www.electrosteel.com,Kolkata,700017,45906386944.0,1791453598.0,74.26,78.93,78.99,74.0,2685491.0,78.73,-4.470001,-5.677634,60.15,99.0,236.6,8.0,75.6252,-1.3651962,-0.018052135,75.98085,-1.7208481,-0.022648444,14.110001,0.23458022,-24.739998,-0.24989897,60.15 - 99.0,2587080.0,7970925.0,2587080.0,272087766.0,618184591.0,618184591.0,0.55751,0.05756,8570331136.0,13.864,15610588160.0,57859010560.0,93.555,,,25861003264.0,-0.458,-0.085,0.44697,0.042930003,0.0397,0.02086,95.818,0.775011,52957044736.0,40.14054,17.269768,1.85,4.3,0.9,1.14,1786665600.0,0.7143,1.02,10:1,0.915,1207021056.0,1189987200.0,0.091
2026-10-09T03:05:37.553451,IDBI.NS,IDBI Bank Limited,Banks - Regional,Financial Services,NSE,https://www.idbi.bank.in,Mumbai,400005,894384865280.0,1791453598.0,83.18,85.67,85.9,82.81,3761448.0,85.67,-2.4899979,-2.9064991,61.01,118.38,202.25,13.9,85.0918,-1.9117966,-0.02246746,86.1446,-2.9645996,-0.034414224,22.170002,0.36338308,-35.199997,-0.29734752,61.01 - 118.38,13168454.0,10958590.0,13168454.0,559985105.0,10752402175.0,10752402175.0,0.45554,0.49800998,132829700096.0,12.353,261809995776.0,191770230784.0,17.834,0.02199,0.13874,191770230784.0,0.053,0.081,0.0,0.0,0.54237,0.48589,65.7,1.2660578,1025177616384.0,9.8788595,16.97551,8.42,4.9,2.1,0.0,1752537600.0,0.24219999,1.33,8:5,5.346,93179265024.0,981936000.0,0.913
2026-10-09T03:05:37.553451,ZEEL.NS,Zee Entertainment Enterprises Limited,Broadcasting,Communication Services,NSE,https://www.zee.com,Mumbai,400013,65670717440.0,1791453603.0,68.37,70.7,71.93,68.1,15514915.0,70.12,-1.75,-2.4957216,68.0,118.35,619.0,18.35505,88.7494,-20.379395,-0.22962853,90.6487,-22.278694,-0.2457696,0.37000275,0.0054412168,-49.979996,-0.4223067,68.0 - 118.35,26062890.0,13990345.0,26062890.0,917473695.0,960519420.0,960519420.0,0.05035,0.14845,27238000640.0,28.202,2651000064.0,81814003712.0,84.709,,,22548000768.0,-0.473,0.045,0.2756,0.029679999,0.01856,0.025139999,123.714,0.5526457,41428303872.0,33.028988,8.568615,2.07,7.97912,2.0,2.85,1788998400.0,1.1462001,1.21,2:1,0.506,2056999936.0,1289433600.0,0.668
2026-10-09T03:05:37.553451,NHPC.NS,NHPC Limited,Utilities - Renewable,Utilities,NSE,https://www.nhpcindia.com,Faridabad,121003,719726706688.0,1791452700.0,71.65,72.5,72.88,71.1,10721488.0,72.5,-0.8499985,-1.1724117,70.25,87.81,118.4,14.8,75.9328,-4.282799,-0.056402486,77.5338,-5.8837967,-0.07588686,1.4000015,0.019928847,-16.159996,-0.18403366,70.25 - 87.81,10660096.0,7467370.0,10660096.0,3875659874.0,10045034805.0,10045034805.0,0.62477,0.21652001,36618399744.0,3.642,547509993472.0,122098302976.0,12.157,,,114039996416.0,0.028,0.185,0.934,0.47801,0.46019,0.31094998,41.149,1.7412332,1300926824448.0,19.157755,11.1953125,3.74,6.4,1.61,2.22,1786492800.0,0.5053,2.86,,10.655,37965901824.0,,0.218
2026-10-09T03:05:37.553451,RELINFRA.NS,Reliance Infrastructure Limited,Utilities - Independent Power Producers,Utilities,NSE,https://www.rinfra.com,Mumbai,400001,,1791453582.0,56.47,56.49,56.49,54.65,3885140.0,53.8,2.670002,4.962829,42.56,241.84,2641.0,8.65,57.5998,-1.1297989,-0.019614631,82.1513,-25.681297,-0.31260976,13.91,0.32683268,-185.37,-0.7664985,42.56 - 241.84,376734.0,638822.0,376734.0,291559745.0,,,0.25417,0.14224,24340000768.0,59.63,49367199744.0,208769794048.0,474.372,,,51486900224.0,3.283,0.074,0.24662,0.123009995,-0.012200001,0.15386,437.858,0.12896876,160232996864.0,0.69828117,,80.87,,,0.0,1536710400.0,0.0,2.12,,0.768,32121700352.0,,0.87
2026-10-09T03:05:37.553451,NMDC.NS,NMDC Limited,Steel,Basic Materials,NSE,https://www.nmdc.co.in,Hyderabad,500028,621493551104.0,1791452706.0,70.69,72.75,72.75,70.1,26517722.0,72.8,-2.1100006,-2.8983524,70.1,97.49,146.34952,15.769981,82.3592,-11.669197,-0.14168663,83.9094,-13.2193985,-0.15754372,0.59000397,0.008416604,-26.799995,-0.27489996,70.1 - 97.49,16197763.0,16839101.0,16197763.0,3443469555.0,8791817550.0,8791817550.0,0.60797,0.20587999,113947598848.0,12.973,64068100096.0,321272807424.0,36.525,,,149757902848.0,0.004,0.008,0.46613997,0.28876,0.3481,0.23216999,38.814,1.8212502,571175337984.0,8.326266,6.8430696,8.49,10.33016,2.0,2.75,1791158400.0,0.4127,4.6,3:1,1.778,74597597184.0,1735257600.0,0.636
2026-10-09T03:05:37.553451,INOXWIND.NS,Inox Wind Limited,Specialty Industrial Machinery,Industrials,NSE,https://inoxwind.com,Noida,201301,107893891072.0,1791452700.0,62.43,67.1,67.4,62.43,21882225.0,67.1,-4.669998,-6.9597588,62.43,159.3,261.9,4.0,73.8182,-11.388199,-0.1542736,88.42755,-25.997551,-0.2939983,0.0,0.0,-96.87,-0.6080979,62.43 - 159.3,12279926.0,10316101.0,12279926.0,337289730.0,1728237822.0,1728237822.0,0.47226003,0.21129999,6117199872.0,5.144,15869500416.0,43849699328.0,31.668,,,16385899520.0,-0.383,-0.015,0.37368,0.19539,0.11532,0.078260005,42.664,1.4632945,97093484544.0,27.870535,13.006249,2.24,4.8,,0.0,,0.0,,4:1,2.214,3431800064.0,1716508800.0,0.423
2026-10-09T03:05:37.553451,BAJAJHFL.NS,Bajaj Housing Finance Limited,Mortgage Finance,Financial Services,NSE,https://www.bajajhousingfinance.in,Pune,411014,684116279296.0,1791453603.0,82.14,84.08,84.22,81.9,3402028.0,84.08,-1.9400024,-2.3073292,72.65,112.4,188.5,72.65,84.0624,-1.9224014,-0.022868743,85.9439,-3.8039017,-0.044260286,9.489998,0.13062626,-30.260002,-0.2692171,72.65 - 112.4,2984949.0,3596562.0,2984949.0,1100466111.0,8328662006.0,8328662006.0,0.86743,0.010199999,1936400000.0,0.232,1037715505152.0,42615701504.0,5.119,,0.12679,42314100736.0,0.229,0.196,0.99292,0.0,0.80913,0.63176996,27.043,3.037385,1719895457792.0,25.43034,18.732382,3.23,4.38492,,0.0,,0.0,,,40.358,26923200512.0,,0.719
2026-10-09T03:05:37.553451,NBCC.NS,NBCC (India) Limited,Engineering & Construction,Industrials,NSE,https://www.nbccindia.in,New Delhi,110003,199799996416.0,1791452706.0,74.0,76.74,76.86,73.9,4954772.0,76.74,-2.7399979,-3.5704951,73.9,125.85,139.83333,3.244444,85.8288,-11.828796,-0.1378185,93.7566,-19.7566,-0.21072222,0.099998474,0.0013531593,-51.85,-0.4119984,73.9 - 125.85,5839618.0,5674600.0,5839618.0,1038778181.0,2700000000.0,2700000000.0,0.61754,0.14513,65157222400.0,23.987,2579000.0,130513002496.0,48.308,,,16169246720.0,0.163,-0.059,0.12389,0.08288,0.09309,0.05691,11.125,6.651685,137835921408.0,27.0073,26.428572,2.74,2.8,0.94,1.22,1787875200.0,0.1709,0.73,3:2,1.056,7427320832.0,1728259200.0,0.706
2026-10-09T03:05:37.553451,SBFC.NS,SBFC Finance Limited,Credit Services,Financial Services,NSE,https://www.sbfc.com,Mumbai,400059,90318544896.0,1791453600.0,81.28,81.14,81.94,79.82,2261212.0,81.1,0.1800003,0.22194858,79.6,123.0,123.0,72.4,93.1098,-11.829803,-0.12705219,93.1237,-11.843704,-0.12718248,1.6800003,0.021105532,-41.72,-0.339187,79.6 - 123.0,1900570.0,1874404.0,1900570.0,481766607.0,1111202570.0,1111202570.0,0.61309,0.24449,6530189824.0,5.906,72895700992.0,10696980480.0,9.748,,,10670270464.0,0.286,0.246,0.9975,0.0,0.58551,0.44877997,33.69,2.4125855,156237185024.0,18.771362,13.21626,4.33,6.15,,0.0,,0.0,,,14.606,4800640000.0,,0.633
2026-10-09T03:05:37.553451,GMRAIRPORT.NS,GMR Airports Limited,Airports & Air Services,Industrials,NSE,https://www.gmraero.com,New Delhi,110 037,935713767424.0,1791452700.0,87.77,90.31,91.0,87.68,55863709.0,91.19,-3.4200058,-3.7504175,84.11,115.64,119.23731,8.784052,98.8326,-11.062607,-0.11193277,99.25535,-11.485352,-0.11571519,3.659996,0.043514397,-27.870003,-0.2410066,84.11 - 115.64,13052126.0,13089762.0,13052126.0,2878280178.0,10660975952.0,10660975952.0,0.69816,0.15815,52835098624.0,5.223,432825204736.0,155661697024.0,15.251,,,89272696832.0,,0.237,0.5735,0.39745998,0.25013,0.030720001,-2.378,-36.909164,1277138305024.0,237.2162,55.01993,0.37,1.59524,,0.0,1410220800.0,0.0,,2:1,8.205,4781199872.0,1254355200.0,0.645
2026-10-09T03:05:37.553451,TEXRAIL.NS,Texmaco Rail & Engineering Limited,Railroads,Industrials,NSE,https://www.texmaco.in,Kolkata,700056,43567058944.0,1791453599.0,107.08,115.0,115.0,106.61,3429099.0,114.74,-7.659996,-6.6759596,78.05,142.95,296.49,12.257962,113.547,-6.4669952,-0.05695435,110.1719,-3.091896,-0.02806429,29.029999,0.37194103,-35.869995,-0.25092688,78.05 - 142.95,2487628.0,5148160.0,2487628.0,210711602.0,406864572.0,406864572.0,0.48525003,0.09075,4291040000.0,10.548,8947088384.0,42233466880.0,104.299,,,7391089152.0,0.685,-0.169,0.17501,0.089099996,0.059019998,0.05095,58.446,1.8321186,48595730432.0,20.090057,15.98209,5.33,6.7,0.75,0.65,1789084800.0,0.1407,0.18,,1.151,2151931904.0,,0.651
2026-10-09T03:05:37.553451,MANINFRA.NS,Man Infraconstruction Limited,Engineering & Construction,Industrials,NSE,https://www.maninfra.com,Mumbai,400089,46618152960.0,1791453601.0,117.74,122.0,122.0,117.18,1715808.0,122.52,-4.779999,-3.901403,77.12,150.0,262.8,9.266666,117.7998,-0.059799194,-0.0005076341,110.43725,7.3027496,0.06612579,40.619995,0.5267115,-32.260002,-0.21506669,77.12 - 150.0,2116198.0,1962468.0,2116198.0,137395968.0,395941505.0,395941505.0,0.65952003,0.01623,6835828224.0,16.934,639787008.0,6459210752.0,16.02,,,3336537088.0,0.212,0.194,0.51655,0.21278,0.3133,0.33541,56.146,2.0970328,41797431296.0,22.81783,,5.16,,1.17,0.95,1779148800.0,0.21790001,0.74,3:2,6.471,2166500096.0,1637107200.0,0.654
2026-10-09T03:05:37.553451,EMIL.NS,Electronics Mart India Limited,Specialty Retail,Consumer Cyclical,NSE,https://www.electronicsmartindia.com,Hyderabad,500082,74375782400.0,1791453595.0,193.31,212.1,212.14,192.1,4752030.0,211.54,-18.229996,-8.617754,84.9,212.64,262.0,61.6,183.5036,9.8063965,0.053439803,126.6949,66.6151,0.52579147,108.409996,1.276914,-19.330002,-0.090904824,84.9 - 212.64,6921096.0,6801182.0,6921096.0,133803337.0,384748762.0,384748762.0,0.65172994,0.27194,497470016.0,1.295,19969849344.0,78628216832.0,204.265,,,12010460160.0,4.607,0.391,0.15275,0.075289994,0.081590004,0.02622,42.153,4.585913,93740974080.0,39.45102,29.7973,4.9,6.4875,,0.0,,0.0,,,1.192,2061580032.0,,0.498
2026-10-09T03:05:37.553451,THOMASCOOK.NS,Thomas Cook (India) Limited,Travel Services,Consumer Cyclical,NSE,https://www.thomascook.in,Mumbai,400013,46346596352.0,1791453599.0,98.53,100.5,101.45,98.0,328736.0,100.54,-2.0100021,-1.9992064,86.35,169.0,264.0,3.347,105.705,-7.175003,-0.06787761,106.09655,-7.566551,-0.0713176,12.18,0.14105386,-70.47,-0.41698226,86.35 - 169.0,1471208.0,408658.0,1471208.0,161135370.0,470380562.0,470380562.0,0.65729,0.113129996,13658099712.0,29.254,5393699840.0,80821002240.0,173.38,,,10942699520.0,-0.006,-0.131,0.13539,0.051599998,0.024300002,0.02706,54.668,1.8023341,37509693440.0,21.008528,15.2759695,4.69,6.45,0.5,0.5,1787788800.0,0.0962,0.2,10:1,0.464,2187000064.0,1179100800.0,-0.228
2026-10-09T03:05:37.553451,IRFC.NS,Indian Railway Finance Corporation Limited,Credit Services,Financial Services,NSE,https://irfc.co.in,New Delhi,110003,970990026752.0,1791452706.0,74.3,76.24,76.29,74.12,9184599.0,76.15,-1.8499985,-2.4294136,74.12,137.17,229.0,19.3,83.073,-8.772995,-0.105605856,97.10115,-22.801147,-0.2348185,0.1800003,0.0024284984,-62.869995,-0.45833635,74.12 - 137.17,7972995.0,12195656.0,7972995.0,2241987633.0,13068506000.0,13068506000.0,0.82899004,0.04818,34541801472.0,2.635,4388650483712.0,73924100096.0,5.644,,,73924100096.0,0.097,0.103,1.0,0.0,0.97759,0.97271,43.463,1.7095001,5328202104832.0,13.836127,10.178082,5.37,7.3,2.1,2.76,1773360000.0,0.3818,1.86,,72.077,71906902016.0,,0.313
2026-10-09T03:05:37.553451,NTPCGREEN.NS,NTPC Green Energy Limited,Utilities - Renewable,Utilities,NSE,https://www.ngel.in,New Delhi,110003,765110779904.0,1791453598.0,90.8,88.51,91.98,87.62,6495386.0,88.51,2.290001,2.5872793,84.0,119.95,155.35,84.0,90.5758,0.22420502,0.0024753304,95.35385,-4.5538483,-0.04775736,6.800003,0.08095242,-29.149994,-0.24301788,84.0 - 119.95,4574045.0,2326263.0,4574045.0,930862811.0,8426329669.0,8426329669.0,0.89007,0.06106,6175000064.0,0.729,317161406464.0,32850700288.0,3.899,,,32850700288.0,0.385,0.627,1.0,0.86816,0.58362997,0.18476,22.136,4.101916,1082101006336.0,124.38356,33.277504,0.73,2.72857,,0.0,,0.0,,,32.94,6069600256.0,,
2026-10-09T03:05:37.553451,ABLBL.NS,Aditya Birla Lifestyle Brands Limited,Apparel Retail,Consumer Cyclical,NSE,https://www.ablbl.in,Bengaluru,560037,87393214464.0,1791453603.0,71.95,73.73,73.86,71.1,5936572.0,73.69,-1.7400055,-2.3612504,71.1,143.25,168.0,71.1,84.2846,-12.334602,-0.14634468,98.0448,-26.094803,-0.26615182,0.8499985,0.011954972,-71.3,-0.49773127,71.1 - 143.25,1576089.0,6291968.0,1576089.0,692585010.0,1214638186.0,1214638186.0,0.57171,0.22540002,1078499968.0,0.884,30180999168.0,86009700352.0,70.638,,,49194901504.0,0.2,0.111,0.57197,0.09656,0.050819997,0.02046,11.57,6.218669,116919033856.0,51.028366,23.126793,1.41,3.11111,0.5,0.68,1786060800.0,0.0,,,1.359,1760099968.0,,
2026-10-09T03:05:37.553451,DBREALTY.NS,Valor Estate Limited,Real Estate - Development,Real Estate,NSE,https://www.dbrealty.co.in,Mumbai,400 020,45952704512.0,1791453600.0,84.72,89.0,89.2,84.36,1953247.0,88.79,-4.0699997,-4.583849,83.5,161.2,475.9,3.65,102.554,-17.834,-0.17389862,109.0286,-24.308601,-0.22295618,1.2200012,0.014610793,-76.479996,-0.47444168,83.5 - 161.2,911312.0,931455.0,911312.0,158563224.0,542406761.0,542406761.0,0.6213,0.020550001,796734976.0,1.274,7467542016.0,8637314048.0,16.301,,,5602600960.0,,-0.868,0.64865,0.11694,0.20622,0.0135699995,93.105,0.90994036,59275620352.0,385.0909,,0.22,,,0.0,,0.0,,,6.863,117177000.0,,-0.393
2026-10-09T03:05:37.553451,GMRP&UI.NS,GMR Power And Urban Infra Limited,Thermal Coal,Energy,NSE,https://www.gmrpowerurbaninfra.com,New Delhi,110037,75844616192.0,1791453589.0,97.11,101.63,102.73,96.25,936381.0,101.58,-4.470001,-4.4004736,86.8,136.3,169.25,14.35,96.6556,0.4543991,0.0047012186,102.94095,-5.830948,-0.05664362,10.309998,0.11877877,-39.190002,-0.28752753,86.8 - 136.3,1345461.0,2109829.0,1345461.0,358802000.0,781017529.0,781017529.0,0.7036,0.0356,17596999680.0,22.484,115935797248.0,73885900800.0,99.15,,,27555799040.0,,0.034,0.37295,0.22718,0.17159,0.07669,24.376,3.9838367,176389111808.0,12.018564,8.229661,8.08,11.8,,0.0,,0.0,,,2.387,5674299904.0,,0.787
2026-10-09T03:05:37.553451,TVSSCS.NS,TVS Supply Chain Solutions Limited,Integrated Freight & Logistics,Industrials,NSE,https://www.tvsscs.com,Chennai,600032,55558897664.0,1791453598.0,125.92,130.4,130.4,124.85,648244.0,130.4,-4.4799957,-3.4355798,90.32,146.5,258.0,90.32,129.3926,-3.4725952,-0.026837666,119.42515,6.49485,0.054384276,35.6,0.3941541,-20.580002,-0.14047782,90.32 - 146.5,1436696.0,548826.0,1436696.0,148554139.0,441223777.0,441223777.0,0.65986,0.13496,7239499776.0,16.409,27553599488.0,117458796544.0,265.667,,,17904900096.0,-0.704,0.287,0.15244001,0.03452,0.02318,0.00551,46.092,2.7319274,76155592704.0,86.246574,24.690197,1.46,5.1,,0.0,,0.0,,,0.648,647600000.0,,0.857
2026-10-09T03:05:37.553451,LEMONTREE.NS,Lemon Tree Hotels Limited,Lodging,Consumer Cyclical,NSE,https://www.lemontreehotels.com,New Delhi,110037,87142834176.0,1791453603.0,110.05,112.71,113.46,109.56,5897212.0,112.52,-2.4699936,-2.1951597,99.61,170.68,180.68,14.05,107.6802,2.3698044,0.0220078,115.57975,-5.529747,-0.047843564,10.440002,0.10480878,-60.62999,-0.3552261,99.61 - 170.68,3276458.0,6243515.0,3276458.0,614964605.0,791847623.0,791847623.0,0.22326,0.40272,1641208064.0,2.073,20036470784.0,14820078592.0,18.758,,,10634290176.0,0.208,0.092,0.71756,0.48269,0.33394,0.15843001,17.578,6.2606673,112410533888.0,37.05387,22.357027,2.97,4.92239,,0.0,,0.0,,,7.585,2347968000.0,,-0.133
2026-10-09T03:05:37.553451,VMM.NS,Vishal Mega Mart Limited,Department Stores,Consumer Cyclical,NSE,https://aboutvishal.com,Gurugram,122016,454426460160.0,1791452700.0,97.0,100.1,100.15,96.8,17753520.0,100.5,-3.5,-3.4825869,96.8,149.82,157.6,95.99,105.0432,-8.043198,-0.076570384,114.8965,-17.8965,-0.15576193,0.19999695,0.0020660842,-52.820007,-0.35255644,96.8 - 149.82,12877443.0,12495806.0,12877443.0,2567421841.0,4684808639.0,4684808639.0,0.40023,0.47895,17139179520.0,3.643,19879780352.0,134930112512.0,28.747,,,38456291328.0,0.25,0.187,0.28500998,0.15342,0.09636,0.0661,15.893,6.103316,459116773376.0,53.296703,35.575573,1.82,2.72659,,0.0,,0.0,,,3.403,8919270400.0,,
2026-10-09T03:05:37.553451,DEVYANI.NS,Devyani International Limited,Restaurants,Consumer Cyclical,NSE,https://www.dil-rjcorp.com,Gurugram,122001,151935172608.0,1791453589.0,123.23,128.65,129.35,122.41,2021508.0,128.98,-5.7499924,-4.45805,91.55,169.75,227.5,91.55,136.257,-13.027,-0.095606096,121.50545,1.724556,0.01419324,31.68,0.3460404,-46.519997,-0.27405006,91.55 - 169.75,4096141.0,1358388.0,4096141.0,461267435.0,1232939791.0,1232939791.0,0.65422994,0.18341999,4949009920.0,4.014,38331461632.0,58350260224.0,47.615,,,29628010496.0,3.0,0.165,0.50776,0.104490004,0.04709,-0.0047400002,12.505,9.854459,188751495168.0,,116.37549,-0.08,1.0589,,0.0,,0.0,,,3.235,-278660000.0,,0.334
2026-10-09T03:05:37.553451,EDELWEISS.NS,Edelweiss Financial Services Limited,Financial Conglomerates,Financial Services,NSE,https://www.edelweissfin.com,Mumbai,400098,120881553408.0,1791453598.0,127.71,134.1,134.39,126.78,5716657.0,133.8,-6.090004,-4.5515723,98.0,146.0,184.85716,11.486008,129.2888,-1.578804,-0.012211452,117.80205,9.907951,0.08410678,29.71,0.30316326,-18.29,-0.12527397,98.0 - 146.0,6053947.0,5164415.0,6053947.0,606906631.0,946531653.0,946531653.0,0.37083998,0.15729,143082553344.0,151.165,190187765760.0,71733436416.0,71.405,,,46370881536.0,0.273,0.23,0.64642996,0.0,0.0535,0.08392999,48.843,2.6147044,181191884800.0,17.91164,8.108571,7.13,15.75,1.5,1.12,1789084800.0,0.2013,1.67,5:1,2.526,6020819968.0,1281398400.0,0.689
2026-10-09T03:05:37.553451,PARKHOTELS.NS,Apeejay Surrendra Park Hotels Limited,Lodging,Consumer Cyclical,NSE,https://www.theparkhotels.com,Kolkata,700016,21584939008.0,1791453577.0,101.16,103.15,104.54,100.8,71379.0,103.62,-2.459999,-2.374058,95.1,155.26,235.0,95.1,112.0776,-10.917595,-0.09741104,118.7699,-17.609894,-0.148269,6.060005,0.063722454,-54.09999,-0.3484477,95.1 - 155.26,163895.0,251104.0,163895.0,67625033.0,213374246.0,213374246.0,0.72313005,0.08663999,1014000000.0,4.766,3728900096.0,7198099968.0,34.291,,,4650399744.0,-0.143,0.081,0.64606005,0.31309998,0.15457,0.08862001,63.274,1.5987611,24237500416.0,34.643837,16.583607,2.92,6.1,0.75,0.72,1789689600.0,0.1672,,,3.367,627400000.0,,0.868
2026-10-09T03:05:37.553451,PNB.NS,Punjab National Bank,Banks - Regional,Financial Services,NSE,https://pnb.bank.in,New Delhi,110075,1325021396992.0,1791452698.0,115.29,114.73,117.45,113.71,20431032.0,114.59,0.7000046,0.6108776,98.5,135.15,279.98,7.45,115.3248,-0.03479767,-0.0003017362,113.82195,1.4680481,0.012897759,16.79,0.17045686,-19.859993,-0.14694779,98.5 - 135.15,15202894.0,13840087.0,15202894.0,11491426586.0,11492943268.0,11492943268.0,0.70079005,0.19125,1632054149120.0,142.022,1044828127232.0,579009773568.0,50.412,0.01131,0.14965999,579009773568.0,1.75,-0.064,0.0,0.0,0.47976002,0.38147,136.054,0.84738415,744309915648.0,5.9735756,6.7299914,19.3,17.13078,3.0,2.62,1781222400.0,0.15619999,1.28,5:1,1.285,220875292672.0,1418860800.0,0.531
2026-10-09T03:05:37.553451,WELSPUNLIV.NS,Welspun Living Limited,Textile Manufacturing,Consumer Cyclical,NSE,https://www.welspunliving.com,Mumbai,400013,211891027968.0,1791453600.0,225.07,236.21,236.94,223.15,2308002.0,235.86,-10.789993,-4.5747447,107.1,245.5,245.5,1.135,198.296,26.774002,0.13502038,151.90085,73.16916,0.48169026,117.97001,1.1014941,-20.429993,-0.08321789,107.1 - 245.5,5928522.0,5856492.0,5928522.0,327128348.0,941445014.0,941445014.0,0.68975997,0.14965999,10245999616.0,10.773,23147900928.0,99339902976.0,104.001,,,45321900032.0,0.837,0.237,0.45623,0.0915,0.084680006,0.02795,51.269,4.389982,227565715456.0,81.25271,24.411062,2.77,9.22,0.1,0.04,1783641600.0,0.0,0.11,10:1,2.291,2776199936.0,1458518400.0,0.22
2026-10-09T03:05:37.553451,RAIN.NS,Rain Industries Limited,Specialty Chemicals,Basic Materials,NSE,https://www.rain-industries.com,Hyderabad,500073,71170744320.0,1791453593.0,211.6,220.4,220.45,210.45,3707916.0,218.95,-7.349991,-3.3569264,99.9,252.0,475.0,1.41,212.3422,-0.7421875,-0.0034952427,170.94025,40.65976,0.23785949,111.700005,1.1181182,-40.399994,-0.16031744,99.9 - 252.0,4852006.0,3112938.0,4852006.0,133501154.0,336345679.0,336345679.0,0.46832,0.07439,16163819520.0,48.076,107946393600.0,184643141632.0,548.93,0.051149998,0.08547,77130072064.0,3.894,0.174,0.41772997,0.13729,0.13454,0.029089998,237.784,0.8898833,165708742656.0,13.713545,-139.21053,15.43,-1.52,1.0,0.46,1786665600.0,0.0626,0.6,5:1,0.897,5371599872.0,1308096000.0,1.13
2026-10-09T03:05:37.553451,PARADEEP.NS,Paradeep Phosphates Limited,Agricultural Inputs,Basic Materials,NSE,https://www.paradeepphosphates.com,Bengaluru,560001,156349235200.0,1791453602.0,150.55,155.0,155.0,148.5,1423915.0,155.38,-4.830002,-3.1085093,99.7,181.9,234.39,37.45,153.1744,-2.6243896,-0.017133344,134.37074,16.17926,0.12040761,50.850006,0.51003015,-31.34999,-0.1723474,99.7 - 181.9,6934651.0,1652849.0,6934651.0,430423225.0,1038520250.0,1038520250.0,0.58432996,0.22322,4092199936.0,3.941,69062803456.0,234470899712.0,225.859,,,59229700096.0,0.208,0.631,0.25261,0.09854999,0.10035,0.04575,65.386,2.3024807,221311598592.0,15.055,13.148472,10.0,11.45,1.5,0.97,1788480000.0,0.096999995,,,0.944,10726299648.0,,-0.077
2026-10-09T03:05:37.553451,MOTHERSON.NS,Samvardhana Motherson International Limited,Auto Parts,Consumer Cyclical,NSE,https://www.motherson.com,Noida,201301,1612120850432.0,1791452701.0,153.08,158.57,158.9,153.08,14693293.0,159.2,-6.119995,-3.844218,101.08,173.27,173.27,0.063962,162.7914,-9.711395,-0.059655458,137.0057,16.074295,0.11732573,52.0,0.514444,-20.190002,-0.116523355,101.08 - 173.27,15454657.0,14612054.0,15454657.0,4409847766.0,10531231231.0,10531231231.0,0.59464,0.25812998,79525003264.0,7.551,191696994304.0,1304830672896.0,124.067,,,571811823616.0,1.042,0.166,0.43823,0.08853,0.04978,0.033570003,38.912,3.934005,1751087841280.0,36.886745,22.040583,4.15,6.94537,0.5,0.31,1783987200.0,0.084300004,0.57,3:2,1.342,43799101440.0,1752796800.0,1.067
2026-10-09T03:05:37.553451,ASHOKA.NS,Ashoka Buildcon Limited,Engineering & Construction,Industrials,NSE,https://www.ashokabuildcon.com,Nashik,422011,28465336320.0,1791453603.0,101.4,104.03,104.08,101.1,721472.0,104.03,-2.6299973,-2.5281143,101.0,214.5,319.0,27.7,114.0426,-12.642601,-0.11085858,128.3744,-26.974403,-0.21012291,0.40000153,0.003960411,-113.1,-0.5272727,101.0 - 214.5,2326056.0,512131.0,2326056.0,128060538.0,280723217.0,280723217.0,0.54487,0.1729,6742646784.0,24.01,16084635648.0,71324221440.0,254.092,,,22682648576.0,-0.412,-0.205,0.31802,0.21204,0.14811,0.34495997,234.41,0.4325754,37785698304.0,1.1870756,7.2299466,85.42,14.025,,0.0,1522108800.0,0.0,0.66,3:2,0.53,24603908096.0,1531353600.0,0.517
2026-10-09T03:05:37.553451,IREDA.NS,Indian Renewable Energy Development Agency Limited,Credit Services,Financial Services,NSE,https://www.ireda.in,New Delhi,110066,291598237696.0,1791452699.0,103.8,107.5,107.94,103.41,5963049.0,107.33,-3.5299988,-3.2889209,103.41,158.7,310.0,50.0,114.1694,-10.3694,-0.090824686,123.1047,-19.304695,-0.15681526,0.3899994,0.0037713894,-54.899994,-0.3459357,103.41 - 158.7,4722521.0,7324325.0,4722521.0,793298818.0,2809231268.0,2809231268.0,0.71757007,0.04241,15521999872.0,5.525,779800805376.0,28382699520.0,10.112,,,28298399744.0,0.33,0.237,0.99703,0.0,0.85359,0.69254994,49.072,2.1152594,1055877038080.0,15.264706,10.538071,6.8,9.85,1.5,1.4,1789084800.0,0.0853,,,37.201,19656499200.0,,0.049
2026-10-09T03:05:37.553451,JSWCEMENT.NS,JSW Cement Limited,Building Materials,Basic Materials,NSE,https://www.jswcement.in,Mumbai,400051,152548474880.0,1791453599.0,112.97,112.51,113.35,110.55,2617180.0,112.14,0.83000183,0.7401479,106.65,143.4,162.15,106.65,122.331,-9.361,-0.076521896,124.3123,-11.3423,-0.09124037,6.3199997,0.059259254,-30.429993,-0.21220358,106.65 - 143.4,1651107.0,2163738.0,1651107.0,221910607.0,1350345020.0,1350345020.0,0.76105005,0.18603,4475400192.0,3.337,44643901440.0,69968502784.0,53.438,,,41353699328.0,,0.199,0.59103,0.18738002,0.106000006,0.10869,48.838,2.3131578,191464456192.0,19.85413,19.73875,5.69,5.72326,0.5,0.45,1783641600.0,0.0,,,2.736,7604899840.0,,
2026-10-09T03:05:37.553451,SPARC.NS,Sun Pharma Advanced Research Company Limited,Drug Manufacturers - Specialty & Generic,Healthcare,NSE,https://sparc.life,Mumbai,400093,60925685760.0,1791453595.0,187.74,197.0,201.39,187.19,1269963.0,196.79,-9.049988,-4.598805,108.0,289.0,875.0,35.17388,200.2758,-12.535797,-0.06259267,175.13005,12.609955,0.07200337,79.740005,0.7383334,-101.259995,-0.3503806,108.0 - 289.0,1111914.0,1212334.0,1111914.0,97680998.0,324521588.0,324521588.0,0.72963995,0.01825,11553000.0,0.036,5593148928.0,19094482944.0,58.816,,,18769723392.0,,3.141,0.98299,0.85113,-0.90681,0.82971,41.255,4.550721,66507280384.0,3.846343,3.3888087,48.81,55.4,,0.0,,0.0,,,3.483,15842942976.0,,0.652
2026-10-09T03:05:37.553451,RCF.NS,Rashtriya Chemicals and Fertilizers Limited,Agricultural Inputs,Basic Materials,NSE,https://www.rcfltd.com,Mumbai,400 022,57099722752.0,1791453599.0,103.5,107.8,107.85,103.1,1026860.0,107.58,-4.080002,-3.7925282,103.1,157.2,245.0,11.85,115.8466,-12.346603,-0.10657717,125.093,-21.593002,-0.17261559,0.40000153,0.0038797432,-53.699997,-0.34160304,103.1 - 157.2,1271030.0,1127188.0,1271030.0,137976557.0,551688100.0,551688100.0,0.75001,0.01208,1527299968.0,2.763,41280700416.0,186953007104.0,338.491,,,24622200832.0,0.343,0.064,0.1317,0.053319998,0.03832,0.02389,92.704,1.1164566,96974110720.0,12.793572,13.986486,8.09,7.4,3.66,3.4,1789689600.0,0.2864,1.68,,0.519,4465500160.0,,0.431
2026-10-09T03:05:37.553451,KNRCON.NS,KNR Constructions Limited,Engineering & Construction,Industrials,NSE,https://www.knrcl.com,Hyderabad,500033,31388592128.0,1791453603.0,111.61,115.53,115.53,110.6,750946.0,115.72,-4.1100006,-3.5516768,108.65,194.38,415.4,2.0,124.1516,-12.541603,-0.10101845,129.0943,-17.484299,-0.13543819,2.959999,0.027243434,-82.770004,-0.42581543,108.65 - 194.38,1402677.0,907161.0,1402677.0,144100626.0,281234600.0,281234600.0,0.48821,0.21444,6257760768.0,22.225,24442490880.0,26732349440.0,95.007,,,11821601792.0,-0.346,-0.04,0.44222,0.21198,0.14581999,0.14757,176.957,0.6307182,49607757824.0,8.249076,13.19988,13.53,8.45538,0.25,0.22,1789430400.0,0.0178,0.1,2:1,1.856,3944769024.0,1612310400.0,0.443
2026-10-09T03:05:37.553451,IEX.NS,Indian Energy Exchange Limited,Capital Markets,Financial Services,NSE,https://www.iexindia.com,Noida,201301,92264906752.0,1791452699.0,103.75,105.71,106.33,103.5,3578268.0,105.85,-2.0999985,-1.9839382,103.5,160.27,318.66666,37.35,118.0264,-14.276398,-0.120959364,123.9872,-20.237198,-0.16322006,0.25,0.002415459,-56.520004,-0.3526549,103.5 - 160.27,4579347.0,3929052.0,4579347.0,788530602.0,889300290.0,889300290.0,0.13441,0.34313,18049376256.0,20.359,111559000.0,7655816192.0,8.607,,,7655816192.0,0.118,0.101,1.0,0.87982005,0.83748,0.66222,15.247,6.8046174,74042499072.0,18.559927,16.555841,5.59,6.26667,4.0,3.78,1778803200.0,0.613,1.12,3:1,9.671,5069812224.0,1638489600.0,0.439
2026-10-09T03:05:37.553451,JAMNAAUTO.NS,Jamna Auto Industries Limited,Auto Parts,Consumer Cyclical,NSE,https://www.jaispring.com,Faridabad,121003,59177795584.0,1791453603.0,147.95,151.05,151.99,145.11,4686158.0,151.77,-3.8200073,-2.516971,89.74,154.0,154.0,5.005,129.7194,18.23059,0.14053865,127.69365,20.256348,0.15863238,58.21,0.64865166,-6.050003,-0.039285734,89.74 - 154.0,2574188.0,5171864.0,2574188.0,207295899.0,399985135.0,399985135.0,0.48084,0.05866,1064174976.0,2.654,1497432960.0,26497183744.0,66.289,,,10362066944.0,0.061,0.067,0.39106,0.15256,0.10945,0.08821999,28.787,5.1394725,59756335104.0,25.290598,18.49375,5.85,8.0,2.5,1.65,1790035200.0,0.35900003,1.55,5:1,2.255,2337510912.0,1507161600.0,0.294
2026-10-09T03:05:37.553451,J&KBANK.NS,Jammu and Kashmir Bank Limited,Banks - Regional,Financial Services,NSE,https://jkb.bank.in,Srinagar,190001,149210218496.0,1791453595.0,135.5,139.89,140.25,135.02,1888360.0,139.4,-3.899994,-2.7977002,97.35,201.75,201.75,7.77,148.3014,-12.801407,-0.0863202,135.7334,-0.23339844,-0.0017195358,38.15,0.39188498,-66.25,-0.3283767,97.35 - 201.75,4037212.0,2198409.0,4037212.0,415043126.0,1101182463.0,1101182463.0,0.64322996,0.11054,80894001152.0,73.386,43810000896.0,67329699840.0,61.108,0.01248,0.14609,67329699840.0,-0.116,-0.043,0.0,0.0,0.38034,0.34216,154.252,0.8784327,112279494656.0,6.665027,5.376984,20.33,25.2,2.15,0.0,1755561600.0,0.1029,3.01,10:1,1.668,23037800448.0,1409788800.0,0.488
2026-10-09T03:05:37.553451,LXCHEM.NS,Laxmi Organic Industries Limited,Specialty Chemicals,Basic Materials,NSE,https://www.laxmi.com,Mumbai,400021,50588811264.0,1791453603.0,182.03,192.0,192.5,181.1,1558784.0,190.35,-8.320007,-4.3708997,107.6,209.0,628.0,107.6,176.5514,5.478592,0.031031143,153.5139,28.516098,0.1857558,74.43,0.69172865,-26.970001,-0.12904307,107.6 - 209.0,1665914.0,1487306.0,1665914.0,82750812.0,277914693.0,277914693.0,0.6916,0.03695,943280000.0,3.404,5430249984.0,31220750336.0,112.69,,,7964299776.0,2.211,0.397,0.2551,0.08186,0.09564,0.040260002,71.644,2.5407572,54939607040.0,63.646854,23.951317,2.86,7.6,0.3,0.16,1784592000.0,0.1101,0.21,,1.76,1256870016.0,,0.353
2026-10-09T03:05:37.553451,PRSMJOHNSN.NS,Prism Johnson Limited,Building Materials,Basic Materials,NSE,https://www.prismjohnson.in,Mumbai,400054,48760152064.0,1791453601.0,96.87,100.1,102.0,96.3,242512.0,100.71,-3.8399963,-3.8129249,96.3,165.9,246.0,3.75,110.1712,-13.301201,-0.1207321,120.12005,-23.250046,-0.19355674,0.5699997,0.0059189997,-69.02999,-0.416094,96.3 - 165.9,1921180.0,366897.0,1921180.0,209265465.0,503356580.0,503356580.0,0.76819,0.09024,5465299968.0,10.858,14211099648.0,74265403392.0,147.869,,,28678199296.0,40.4,-0.045,0.38616002,0.08518,0.05361,0.023510002,30.36,3.1907115,60633153536.0,35.877777,39.538776,2.7,2.45,,0.0,1565049600.0,0.0,2.03,,0.816,2237100032.0,,0.415
2026-10-09T03:05:37.553451,TARC.NS,TARC Limited,Real Estate - Development,Real Estate,NSE,https://www.tarc.in,New Delhi,110016,34688573440.0,1791453596.0,117.55,122.87,122.88,115.67,687774.0,122.24,-4.689995,-3.8367105,109.1,186.3,269.95,19.05,127.39,-9.839996,-0.07724308,135.67915,-18.12915,-0.1336178,8.450005,0.07745192,-68.75,-0.36902845,109.1 - 186.3,800313.0,251665.0,800313.0,97683149.0,295096335.0,295096335.0,0.66792,0.06157,810907008.0,2.756,18949443584.0,4710717952.0,15.816,,,738963008.0,-0.582,1.861,0.15687001,-0.21898001,0.17542,-0.02655,32.758,3.5884366,52722847744.0,,1.6697444,-0.42,70.4,,0.0,,0.0,,,11.192,-125091000.0,,0.302
2026-10-09T03:05:37.553451,JMFINANCIL.NS,JM Financial Limited,Capital Markets,Financial Services,NSE,https://www.jmfl.com,Mumbai,400025,115414794240.0,1791453600.0,120.6,124.33,124.43,120.15,1966769.0,124.92,-4.3199997,-3.458213,112.0,182.5,199.8,11.35,126.7388,-6.1388016,-0.048436638,128.5401,-7.9401016,-0.061771397,8.599998,0.0767857,-61.9,-0.3391781,112.0 - 182.5,2785255.0,1838668.0,2785255.0,385781075.0,957004936.0,957004936.0,0.2458,0.50083,85386797056.0,89.273,116346298368.0,33693999104.0,35.222,,,29518899200.0,-0.357,-0.103,0.87609,0.0,0.47229,0.30868,111.436,1.0822356,153315819520.0,11.094756,8.04,10.87,15.0,1.75,1.4,1781222400.0,0.29930001,1.64,10:1,4.55,10400799744.0,1220832000.0,0.409
2026-10-09T03:05:37.553451,SHAREINDIA.NS,Share India Securities Limited,Capital Markets,Financial Services,NSE,https://www.shareindia.com,Noida,201301,40679665664.0,1791453595.0,185.9,207.5,208.99,183.59,2229894.0,207.27,-21.37001,-10.310228,115.36,233.35,405.28,18.289179,187.6552,-1.7552032,-0.0093533425,155.09715,30.802841,0.19860353,70.53999,0.6114771,-47.450012,-0.20334266,115.36 - 233.35,3563259.0,1311881.0,3563259.0,80570551.0,218825530.0,218825530.0,0.63719004,0.00767,34414874624.0,157.179,7413736960.0,14192481280.0,64.828,,,9297646592.0,0.47,0.329,0.65511,0.0,0.40546,0.25608,118.921,1.5632226,13901431808.0,12.5354,,14.83,,2.0,0.96,1788912000.0,0.0634,0.6,5:1,0.979,3634352128.0,1719446400.0,-0.087
2026-10-09T03:05:37.553451,IRCON.NS,Ircon International Limited,Engineering & Construction,Industrials,NSE,https://www.ircon.org,New Delhi,110017,97145872384.0,1791453599.0,103.29,106.65,107.11,103.0,2131463.0,106.66,-3.3700027,-3.1595747,101.6,186.44,351.6,29.0,117.7572,-14.467201,-0.12285619,136.04185,-32.751854,-0.24074836,1.6900024,0.016633883,-83.15,-0.445988,101.6 - 186.44,2990438.0,12730671.0,2990438.0,326285549.0,940515740.0,940515740.0,0.65169,0.03366,51762200576.0,55.256,57256300544.0,92405997568.0,98.323,,,11121500160.0,-0.434,0.095,0.120349996,0.08396,0.08193,0.05667,70.683,1.4613132,102573334528.0,16.240566,13.414287,6.36,7.7,1.9,1.78,1789603200.0,0.33490002,2.01,2:1,1.11,5236499968.0,1621468800.0,0.645
2026-10-09T03:05:37.553451,DIACABS.NS,Diamond Power Infrastructure Limited,Specialty Industrial Machinery,Industrials,NSE,https://www.dicabs.com,Ahmedabad,380051,222422614016.0,1791453603.0,371.9,374.9,380.0,351.1,1005254.0,369.15,2.75,0.74495465,115.57,404.0,1983.755,2.22,353.5594,18.340607,0.05187419,214.8529,157.04709,0.73095167,256.33,2.217963,-32.100006,-0.07945546,115.57 - 404.0,3186644.0,807921.0,3186644.0,136801687.0,598071060.0,598071060.0,0.77692,0.108739994,358076992.0,0.68,25365014528.0,22981556224.0,43.666,,,4403876864.0,2.083,1.272,0.19163,0.11617,0.09458999,0.08712,-11.466,-32.435024,220987473920.0,98.90958,,3.76,,,0.0,1380153600.0,0.0,1.68,10:1,9.616,2002098944.0,1733184000.0,0.829
2026-10-09T03:05:37.553451,NIACL.NS,The New India Assurance Company Limited,Insurance - Diversified,Financial Services,NSE,https://www.newindia.co.in,Mumbai,400001,260614717440.0,1791453600.0,158.14,161.35,167.26,155.55,6832774.0,159.29,-1.1499939,-0.7219499,116.97,242.6,382.425,74.1,183.7388,-25.5988,-0.1393217,163.23935,-5.09935,-0.031238485,41.17,0.35197058,-84.46001,-0.34814513,116.97 - 242.6,5902591.0,2379504.0,5902591.0,75494880.0,1648000000.0,1648000000.0,0.85436994,0.108260006,219491500032.0,133.187,0.0,517761695744.0,314.022,,,91753897984.0,,0.015,0.17721,0.011089999,-0.01652,0.0148599995,233.868,0.6761934,41641021440.0,34.008602,8.176835,4.65,19.34,1.5,0.94,1783641600.0,0.38459998,0.59,2:1,0.08,7692800000.0,1530057600.0,1.137
2026-10-09T03:05:37.553451,GAEL.NS,Gujarat Ambuja Exports Limited,Packaged Foods,Consumer Defensive,NSE,https://www.ambujagroup.com,Ahmedabad,380054,72685543424.0,1791453590.0,158.47,162.98,163.45,157.0,820466.0,162.98,-4.5099945,-2.7672074,101.2,184.99,210.6,0.375,168.0536,-9.583603,-0.05702706,152.52824,5.941757,0.038955126,57.270004,0.56590915,-26.520004,-0.14335912,101.2 - 184.99,1372162.0,638587.0,1372162.0,136379203.0,458670660.0,458670660.0,0.71266,0.012569999,8644500480.0,18.827,4409999872.0,60315901952.0,131.333,,,16723300352.0,1.711,0.235,0.27726,0.10086001,0.12458,0.06898,71.831,2.2061505,68525867008.0,17.471886,13.316807,9.07,11.9,0.3,0.18,1787875200.0,0.0276,0.23,2:1,1.136,4160300032.0,1710460800.0,-0.013
2026-10-09T03:05:37.553451,CANBK.NS,Canara Bank,Banks - Regional,Financial Services,NSE,https://www.canarabank.bank.in,Bengaluru,560002,1064440954880.0,1791452706.0,117.35,119.15,120.37,117.2,15102165.0,119.15,-1.800003,-1.5107033,116.51,162.89,239.4,8.14112,125.723,-8.373001,-0.0665988,135.0506,-17.7006,-0.13106643,0.83999634,0.0072096502,-45.54,-0.27957517,116.51 - 162.89,16635462.0,14577175.0,16635462.0,3222439567.0,9070651260.0,9070651260.0,0.64359003,0.18009001,1555679936512.0,171.507,1552876830720.0,460479299584.0,50.77,,,460479299584.0,0.622,-0.129,0.0,0.0,0.44137,0.43126,129.764,0.90433395,1062366937088.0,5.44295,4.9397507,21.56,23.75626,4.2,3.52,1781222400.0,0.17559999,2.8,5:1,2.307,180256047104.0,1715731200.0,0.53
2026-10-09T03:05:37.553451,GREAVESCOT.NS,Greaves Cotton Limited,Specialty Industrial Machinery,Industrials,NSE,https://greavescotton.com,Mumbai,400013,49294856192.0,1791453595.0,211.61,211.1,212.55,204.96,2122180.0,212.0,-0.3899994,-0.18396197,119.99,271.9,319.5,1.3,203.6112,7.9987946,0.039284647,183.1039,28.506104,0.15568267,91.62,0.7635637,-60.289993,-0.22173591,119.99 - 271.9,2322857.0,4505277.0,2322857.0,100848411.0,232951434.0,232951434.0,0.56565,0.03125,6227700224.0,26.739,3944199936.0,36653101056.0,157.572,,,11546200064.0,-0.324,0.307,0.31500998,0.06013,0.028870001,0.02723,61.429,3.44479,47834791936.0,49.673706,24.322989,4.26,8.7,2.0,0.94,1785196800.0,0.4695,0.28,5:1,1.305,998200000.0,1290556800.0,0.526
2026-10-09T03:05:37.553451,HEMIPROP.NS,Hemisphere Properties India Limited,Real Estate - Diversified,Real Estate,NSE,https://www.hpil.co.in,New Delhi,110001,31147026432.0,1791453595.0,109.24,113.0,113.4,108.62,273782.0,112.87,-3.630005,-3.2160933,108.62,163.85,264.95,54.4,126.3618,-17.121803,-0.13549826,133.4356,-24.195595,-0.1813279,0.6199951,0.0057079275,-54.61001,-0.3332927,108.62 - 163.85,308330.0,322350.0,308330.0,114226696.0,285124736.0,285000000.0,0.61011004,0.09097,251262000.0,0.863,873665984.0,8999000.0,0.031,,,8999000.0,,-0.388,1.0,0.0,-11.36301,0.0,15.096,7.236354,32425146368.0,,,-0.41,,,0.0,,,,,3603.194,-117796000.0,,0.304
2026-10-09T03:05:37.553451,ORIENTCEM.NS,Orient Cement Limited,Building Materials,Basic Materials,NSE,https://orientcement.com,Ahmedabad,382421,22617022464.0,1791453600.0,110.08,113.55,113.88,109.7,216292.0,113.21,-3.1299973,-2.764771,109.7,224.73,379.0,28.5,128.2246,-18.144592,-0.14150633,141.4213,-31.341293,-0.2216165,0.38000488,0.0034640373,-114.649994,-0.5101677,109.7 - 224.73,327644.0,313898.0,327644.0,55266651.0,205459873.0,205459873.0,0.74376,0.0188,185414000.0,0.902,724638976.0,25311234048.0,123.236,,,8990416896.0,-0.624,-0.303,0.35519,0.20594999,0.16722,0.08284,104.443,1.053972,23156248576.0,10.792157,9.698678,10.2,11.35,0.5,0.44,1781222400.0,0.098000005,0.62,,0.915,2096861056.0,,0.107
2026-10-09T03:05:37.553451,SAMMAANCAP.NS,Sammaan Capital Limited,Mortgage Finance,Financial Services,NSE,https://www.sammaancapital.com,Gurugram,122002,146825150464.0,1791453603.0,127.82,132.52,133.14,127.4,4882872.0,132.94,-5.1200027,-3.8513634,127.4,192.95,1283.5955,72.20225,148.4766,-20.656593,-0.13912357,152.67505,-24.85505,-0.16279706,0.41999817,0.003296689,-65.13,-0.33754858,127.4 - 192.95,6496163.0,4360387.0,6496163.0,737130465.0,1148686844.0,1145673631.0,0.35666,0.11215,117314699264.0,102.705,518530695168.0,-12612299776.0,-14.073,,,-12612299776.0,-0.5,-0.245,0.0,0.0,0.52972,0.0,232.312,0.55020833,547218849792.0,,,-85.98,,,0.0,1726790400.0,0.0,5.54,,-43.388,-72355602432.0,,0.611
2026-10-09T03:05:37.553451,PPLPHARMA.NS,Piramal Pharma Limited,Drug Manufacturers - Specialty & Generic,Healthcare,NSE,https://www.piramalpharma.com,Mumbai,400 070,260273373184.0,1791453603.0,196.43,203.5,203.5,196.0,1893369.0,203.01,-6.580002,-3.2412205,132.3,231.93,307.9,61.62099,209.076,-12.646011,-0.060485236,174.1128,22.3172,0.12817667,64.12999,0.48473158,-35.5,-0.15306343,132.3 - 231.93,5291304.0,3021457.0,5291304.0,611769281.0,1325018448.0,1325018448.0,0.54529,0.19856001,13554199552.0,10.213,57119801344.0,92052897792.0,69.237,,,54692999168.0,,0.174,0.59415,0.09754,-0.01249,-0.03407,61.504,3.193776,304260317184.0,,48.22735,-2.29,4.073,0.14,0.0,1752624000.0,0.1486,,,3.305,-3136300032.0,,0.342
2026-10-09T03:05:37.553451,INOXGREEN.NS,Inox Green Energy Services Limited,Utilities - Renewable,Utilities,NSE,https://www.inoxgreen.com,Noida,201301,48287858688.0,1791453599.0,115.08,135.17,135.17,108.7,43588018.0,135.87,-20.789993,-15.301387,108.7,279.0,279.0,38.4,171.1182,-56.038193,-0.32748237,174.2498,-59.1698,-0.33956882,6.380005,0.0586937,-163.92,-0.58752686,108.7 - 279.0,2052583.0,6995078.0,2052583.0,169280750.0,419602518.0,419602518.0,0.59157,0.0512,5045799936.0,12.509,882800000.0,2719399936.0,7.138,,,539699968.0,0.741,-0.23,0.19846001,0.2026,-0.03142,0.44536,43.615,2.6385417,42336399360.0,43.756653,,2.63,,,0.0,,0.0,,,15.568,1210300032.0,,1.372
2026-10-09T03:05:37.553451,NCC.NS,NCC Limited,Engineering & Construction,Industrials,NSE,https://ncclimited.com,Hyderabad,500081,75297644544.0,1791453603.0,119.93,126.88,126.88,119.01,3541158.0,126.88,-6.949997,-5.4776144,119.01,217.25,364.5,2.25541,140.1086,-20.178596,-0.14402111,147.34386,-27.413857,-0.1860536,0.91999817,0.007730427,-97.32,-0.44796318,119.01 - 217.25,2698230.0,5650321.0,2698230.0,414077382.0,627846588.0,627846588.0,0.35761002,0.22981001,7049200128.0,11.228,46078599168.0,214558392320.0,341.827,,,34783301632.0,0.127,0.122,0.16212,0.08906,0.081870005,0.03261,125.332,0.95689845,115928743936.0,11.389364,8.856752,10.53,13.54108,2.2,1.73,1786665600.0,0.1973,1.18,2:1,0.54,6995800064.0,1158710400.0,0.583
2026-10-09T03:05:37.553451,IOC.NS,Indian Oil Corporation Limited,Oil & Gas Refining & Marketing,Energy,NSE,https://www.iocl.com,New Delhi,110049,,1791452706.0,126.25,130.3,130.31,125.27,12158642.0,130.0,-3.75,-2.8846154,125.27,188.96,202.125,5.875,136.732,-10.481995,-0.07666088,146.8918,-20.6418,-0.14052384,0.98000336,0.007823129,-62.710007,-0.3318692,125.27 - 188.96,9097529.0,8978617.0,9097529.0,3400645693.0,,,0.73394996,0.14245,115512000512.0,8.358,1318223872000.0,8584820686848.0,622.804,,,1427697958912.0,,0.385,0.1663,0.07931,-0.0013,0.0392,159.422,0.79192334,3007761088512.0,5.165712,6.7039714,24.44,18.83212,3.25,2.5,1786665600.0,0.40919998,4.88,3:2,0.35,336518086656.0,1656547200.0,0.818
2026-10-09T03:05:37.553451,GAIL.NS,GAIL (India) Limited,Utilities - Regulated Gas,Utilities,NSE,https://www.gailonline.com,New Delhi,110066,1102640840704.0,1791452706.0,167.7,170.11,170.6,166.3,7162925.0,170.71,-3.0100098,-1.7632298,134.36,186.87,246.3,5.375002,173.3606,-5.6605988,-0.032652166,165.52495,2.1750488,0.013140308,33.339996,0.24813929,-19.169998,-0.102584675,134.36 - 186.87,8461917.0,8745002.0,8461917.0,2694869638.0,6575079643.0,6575079643.0,0.58984,0.26881,21266599936.0,3.236,248314904576.0,1474846523392.0,224.354,,,276568113152.0,0.972,0.167,0.18752001,0.1027,0.14834,0.06698,135.549,1.237191,1331413778432.0,11.361788,9.117515,14.76,18.39317,5.5,3.22,1788307200.0,0.3992,3.69,3:2,0.903,98786304000.0,1662422400.0,0.541
2026-10-09T03:05:37.553451,SAMHI.NS,SAMHI Hotels Limited,Lodging,Consumer Cyclical,NSE,https://samhi.co.in,New Delhi,110037,31995334656.0,1791453596.0,143.89,148.7,148.77,143.0,568247.0,147.25,-3.3600006,-2.281834,127.0,217.3,254.5,121.1,160.1094,-16.219406,-0.10130202,163.30965,-19.419647,-0.11891305,16.89,0.13299212,-73.41,-0.3378279,127.0 - 217.3,1165253.0,786596.0,1165253.0,142087656.0,222359672.0,222359672.0,0.24045,0.32461,1938749952.0,11.898,18543329280.0,12807910400.0,68.314,,,9823259648.0,0.515,0.121,0.76697,0.34487,0.22065,0.39348,68.796,2.091546,41093390336.0,5.579294,11.79755,25.79,12.1966,,0.0,,0.0,,,3.208,5065889792.0,,0.789
2026-10-09T03:05:37.553451,BANKINDIA.NS,Bank of India,Banks - Regional,Financial Services,NSE,https://bankofindia.bank.in,Mumbai,400051,602545586176.0,1791452706.0,132.35,134.0,135.49,131.9,5490040.0,133.55,-1.199997,-0.8985376,122.2,178.36,589.0,25.1,139.7404,-7.390396,-0.05288661,147.11865,-14.768646,-0.10038596,10.150009,0.08306064,-46.009995,-0.2579614,122.2 - 178.36,6856225.0,7211031.0,6856225.0,852202298.0,4552667866.0,4552667866.0,0.73383003,0.15217,1022474977280.0,224.459,1153757478912.0,336627073024.0,73.923,,0.13697,336627073024.0,0.803,0.185,0.0,0.0,0.48535,0.34992,199.745,0.66259485,735881199616.0,5.1618567,5.253548,25.64,25.1925,4.65,3.48,1780012800.0,0.17969999,2.47,,2.186,117793193984.0,,0.74
2026-10-09T03:05:37.553451,EIEL.NS,Enviro Infra Engineers Limited,Engineering & Construction,Industrials,NSE,https://www.eiel.in,Delhi,110085,31763910656.0,1791453589.0,180.96,187.01,187.01,180.01,359843.0,187.41,-6.449997,-3.4416504,134.71,257.66,391.6,134.71,200.7094,-19.74939,-0.09839793,191.77615,-10.816147,-0.056399852,46.25,0.3433301,-76.7,-0.2976791,134.71 - 257.66,1332123.0,650473.0,1332123.0,50644698.0,175530000.0,175530000.0,0.70228,0.00561,4014568960.0,22.882,4222966016.0,12638629888.0,71.97,,,4067013120.0,-0.05,0.491,0.32179,0.22681999,0.18648,0.14310999,70.273,2.5751,32004593664.0,17.551891,8.784466,10.31,20.6,,0.0,,0.0,,,2.532,1808765056.0,,
2026-10-09T03:05:37.553451,SAIL.NS,Steel Authority of India Limited,Steel,Basic Materials,NSE,https://www.sail.co.in,New Delhi,110003,686699839488.0,1791452701.0,166.25,175.65,175.65,165.76,13691154.0,174.31,-8.059998,-4.6239448,124.0,209.7,293.0,3.95,179.766,-13.516006,-0.07518666,170.8566,-4.606598,-0.02696178,42.25,0.3407258,-43.449997,-0.20720075,124.0 - 209.7,18682416.0,15614649.0,18682416.0,1441724450.0,4130525289.0,4130525289.0,0.65098,0.1698,7325100032.0,1.773,319277105152.0,1111347560448.0,269.298,,,575712329728.0,1.211,0.013,0.51803,0.12129,0.09877,0.03844,146.001,1.1386908,998694060032.0,16.861055,10.478018,9.86,15.86655,2.35,1.35,1790726400.0,0.1546,1.58,,0.899,42722701312.0,,1.045
2026-10-09T03:05:37.553451,GPPL.NS,Gujarat Pipavav Port Limited,Marine Shipping,Industrials,NSE,https://www.apmterminals.com/en/pipavav,Mumbai,400079,80591405056.0,1791453593.0,166.64,173.5,174.77,165.77,2200456.0,172.46,-5.8200073,-3.3746998,141.55,200.09,261.9,41.0,161.3768,5.263199,0.032614347,160.29485,6.345154,0.039584264,25.089996,0.17725183,-33.449997,-0.16717476,141.55 - 200.09,1749962.0,1536315.0,1749962.0,270483000.0,483625818.0,483439910.0,0.44037998,0.25998,6759240192.0,13.985,368740000.0,12400149504.0,25.654,,,9414700032.0,0.417,0.325,0.75924003,0.63149,0.5503,0.45058998,48.709,3.4211338,74152165376.0,14.918531,14.357262,11.17,11.60667,10.0,5.8,1788307200.0,0.8305,4.62,,5.98,5587400192.0,,0.491
2026-10-09T03:05:37.553451,ADANIPOWER.NS,Adani Power Limited,Utilities - Independent Power Producers,Utilities,NSE,https://www.adanipower.com,Ahmedabad,382421,3625522561024.0,1791452699.0,188.0,196.0,196.49,184.05,46441244.0,196.94,-8.940002,-4.539455,128.1,254.2,254.2,3.03,205.3582,-17.3582,-0.08452645,190.40076,-2.4007568,-0.012608967,59.899994,0.46760336,-66.2,-0.26042485,128.1 - 254.2,21664035.0,26153519.0,21664035.0,5437512519.0,19284694705.0,19284694705.0,0.71742994,0.19059,24361900032.0,1.263,546702884864.0,590332624896.0,30.763,,,256659095552.0,0.444,0.34,0.43477002,0.37247002,0.35876998,0.24148001,33.673,5.583108,4162514059264.0,26.666666,23.699282,7.05,7.93273,,0.0,,0.0,,5:1,7.051,141956792320.0,1758499200.0,0.443
2026-10-09T03:05:37.553451,CESC.NS,CESC Limited,Utilities - Regulated Electric,Utilities,NSE,https://www.cesc.co.in,Kolkata,700001,170640670720.0,1791453603.0,128.73,131.18,132.37,128.31,1689837.0,131.18,-2.449997,-1.8676605,128.31,204.5,216.25,1.148213,149.2198,-20.489807,-0.13731292,160.66425,-31.93425,-0.19876389,0.41999817,0.0032733083,-75.770004,-0.37051347,128.31 - 204.5,1638072.0,1949204.0,1638072.0,658324752.0,1325570430.0,1325570430.0,0.06339,0.77217,56710000640.0,42.744,216710004736.0,188529999872.0,138.32,,,72320000000.0,0.038,0.054,0.3836,0.19537,0.11778,0.08243,94.474,1.3625971,337380311040.0,11.213415,9.11126,11.48,14.12867,6.0,4.57,1787097600.0,0.5128,3.82,10:1,1.79,15539999744.0,1631836800.0,0.417
2026-10-09T03:05:37.553451,IGL.NS,Indraprastha Gas Limited,Utilities - Regulated Gas,Utilities,NSE,https://www.iglonline.net,New Delhi,110022,198842220544.0,1791453599.0,142.03,145.0,146.69,140.1,1860090.0,146.35,-4.3200073,-2.9518328,139.2,219.1,301.025,5.565,149.3952,-7.365204,-0.049300138,160.1718,-18.1418,-0.113264635,2.8300018,0.020330474,-77.07001,-0.3517572,139.2 - 219.1,1909941.0,2127430.0,1909941.0,698363095.0,1400001600.0,1400001600.0,0.5,0.32884,43097800704.0,30.834,977500032.0,168403206144.0,105.921,,,35720900608.0,-0.438,0.172,0.21212,0.09711,0.03411,0.080819994,82.239,1.7270395,156399648768.0,16.048586,10.366843,8.85,13.70041,3.0,2.05,1790812800.0,0.5208,1.6,2:1,0.929,13609799680.0,1738281600.0,0.526
2026-10-09T03:05:37.553451,ITCHOTELS.NS,ITC Hotels Limited,Resorts & Casinos,Consumer Cyclical,NSE,https://www.itchotels.com,Gurugram,122001,322104262656.0,1791453593.0,154.63,159.0,159.1,153.22,1254003.0,159.17,-4.5399933,-2.852292,137.3,226.63,261.62,137.3,161.5248,-6.8947906,-0.04268565,165.99644,-11.36644,-0.068473995,17.330002,0.12621997,-72.0,-0.31769845,137.3 - 226.63,2069855.0,1433142.0,2069855.0,1082960213.0,2083064424.0,2083064424.0,0.46351,0.31451,15916999680.0,7.641,741900032.0,42598801408.0,20.477,,,26337599488.0,0.359,0.148,0.61827,0.34530997,0.20086999,0.20283002,55.967,2.7628782,307322421248.0,37.170677,26.374725,4.16,5.86281,1.0,0.63,1779321600.0,0.241,,,7.214,8640400384.0,,
2026-10-09T03:05:37.553451,GSFC.NS,Gujarat State Fertilizers & Chemicals Limited,Agricultural Inputs,Basic Materials,NSE,https://www.gsfclimited.com,Vadodara,391750,58376957952.0,1791453598.0,146.5,149.79,150.13,146.01,744525.0,149.73,-3.2299957,-2.1572134,138.83,199.33,322.25,1.62,156.8834,-10.383408,-0.066185504,164.0821,-17.582108,-0.107154325,7.669998,0.05524741,-52.83,-0.2650379,138.83 - 199.33,814280.0,732122.0,814280.0,224686401.0,398477530.0,398477530.0,0.42861,0.117539994,2001100032.0,5.024,266600000.0,123442397184.0,309.68,,,27101300736.0,0.144,0.64,0.21955,0.067,0.04986,0.05612,306.073,0.47864398,56729579520.0,8.61258,8.3714285,17.01,17.5,5.0,3.34,1789084800.0,0.2877,2.21,5:1,0.46,6927600128.0,1348099200.0,0.334
2026-10-09T03:05:37.553451,BANDHANBNK.NS,Bandhan Bank Limited,Banks - Regional,Financial Services,NSE,https://bandhan.bank.in,Kolkata,700091,250597851136.0,1791452706.0,155.54,163.29,163.29,154.13,14673745.0,162.99,-7.450012,-4.57084,134.25,220.76,741.8,128.16,173.0678,-17.527802,-0.10127708,177.4887,-21.9487,-0.123662524,21.289993,0.15858468,-65.22,-0.29543397,134.25 - 220.76,13952618.0,11978297.0,13952618.0,1006321602.0,1611147348.0,1611147348.0,0.37614,0.3967,131266928640.0,81.376,143028125696.0,99382173696.0,61.703,,,99382173696.0,0.346,0.216,0.0,0.0,0.23771,0.13617,158.964,0.9784605,262660079616.0,19.418226,7.705955,8.01,20.18439,1.5,0.92,1786924800.0,0.17879999,0.62,,2.643,13532693504.0,,0.793
2026-10-09T03:05:37.553451,PTC.NS,PTC India Limited,Utilities - Independent Power Producers,Utilities,NSE,https://www.ptcindia.com,New Delhi,110066,43977957376.0,1791453603.0,148.57,151.3,151.45,148.0,1767365.0,151.72,-3.149994,-2.076189,148.0,229.51,254.6,31.1,160.812,-12.241989,-0.07612609,172.9903,-24.420288,-0.14116566,0.5700073,0.003851401,-80.93999,-0.35266432,148.0 - 229.51,2025870.0,1765363.0,2025870.0,243802672.0,296008321.0,296008321.0,0.21694,0.25151,46707998720.0,157.775,17688199168.0,175354200064.0,592.367,,,10732699648.0,-0.498,0.191,0.06121,0.04487,0.03103,0.029000001,202.122,0.73505116,25741004800.0,8.832937,11.255303,16.82,13.2,11.0,7.25,1791331200.0,0.5646,5.38,,0.147,5085700096.0,,0.7
2026-10-09T03:05:37.553451,TIMETECHNO.NS,Time Technoplast Limited,Packaging & Containers,Consumer Cyclical,NSE,https://www.timetechnoplast.com,Mumbai,400072,88696406016.0,1791453601.0,179.68,183.9,184.95,178.2,2316895.0,183.62,-3.9400024,-2.1457372,154.0,227.5,256.775,8.775,189.097,-9.417007,-0.04979988,183.42245,-3.7424622,-0.020403512,25.679993,0.1667532,-47.820007,-0.21019784,154.0 - 227.5,3460792.0,2678178.0,3460792.0,254037138.0,493635379.0,493635379.0,0.48605,0.20415,5795200000.0,11.718,7334499840.0,64546201600.0,134.58,,,18129500160.0,0.122,0.251,0.28088,0.14434,0.10299,0.075890005,82.796,2.1701531,91179720704.0,17.427738,12.834285,10.31,14.0,1.5,0.82,1789430400.0,0.121400006,0.64,2:1,1.413,4898400256.0,1758585600.0,0.196
2026-10-09T03:05:37.553451,KITEX.NS,Kitex Garments Limited,Apparel Manufacturing,Consumer Cyclical,NSE,https://www.kitexgarments.com,Ernakulam,683561,22964445184.0,1791453589.0,115.11,116.99,117.95,114.75,288348.0,116.93,-1.8199997,-1.5564865,114.36,232.7,324.42,11.261904,127.2752,-12.165199,-0.09558185,155.62054,-40.510544,-0.26031616,0.75,0.006558237,-117.59,-0.5053287,114.36 - 232.7,449280.0,359742.0,449280.0,66363111.0,199500000.0,199500000.0,0.66016,0.0070700003,1522594944.0,7.617,11993771008.0,6286824960.0,31.909,,,3056037120.0,,-0.195,0.48610002,-0.00447,-0.04665,-0.03793,52.625,2.1873634,35570765824.0,,6.074406,-1.2,18.95,0.5,0.43,1789689600.0,1.6667,0.41,3:1,5.658,-238475008.0,1737072000.0,0.496
2026-10-09T03:05:37.553451,IXIGO.NS,Le Travenues Technology Limited,Travel Services,Consumer Cyclical,NSE,https://www.ixigo.com,Gurugram,122002,67909472256.0,1791453600.0,153.96,158.7,159.44,151.5,2051064.0,158.27,-4.3099976,-2.723193,151.27,339.15,339.15,117.0,169.3742,-15.4142,-0.09100677,182.12785,-28.167847,-0.15465975,2.6900024,0.017782789,-185.18999,-0.54604155,151.27 - 339.15,1155308.0,891264.0,1155308.0,216788356.0,441085150.0,441085150.0,0.27583998,0.53558,9713290240.0,21.818,440220000.0,12687389696.0,29.776,,,10423749632.0,0.5,0.134,0.82158,0.0577,0.05511,0.06742,46.101,3.339624,59283296256.0,80.60734,38.149426,1.91,4.03571,,0.0,,0.0,,,4.673,855430016.0,,-0.539
2026-10-09T03:05:37.553451,MARKSANS.NS,Marksans Pharma Limited,Drug Manufacturers - General,Healthcare,NSE,https://marksanspharma.com,Mumbai,400053,139483791360.0,1791453603.0,307.8,326.1,326.25,304.45,2347858.0,325.45,-17.650024,-5.4232674,155.0,350.95,358.7,0.87,317.678,-9.878021,-0.031094445,232.26695,75.533035,0.32519925,152.79999,0.98580635,-43.150024,-0.12295205,155.0 - 350.95,3330819.0,2533993.0,3330819.0,214423490.0,453163746.0,453163746.0,0.43874002,0.18385,9908809728.0,21.866,3433789952.0,31717449728.0,69.958,,,17522319360.0,1.69,0.356,0.55245,0.21350999,0.22379999,0.16292,66.712,4.6138625,133304025088.0,28.526413,21.88151,10.79,14.06667,0.9,0.28,1787184000.0,0.0701,0.35,10:1,4.203,5167499776.0,1205193600.0,1.149
2026-10-09T03:05:37.553451,DCAL.NS,Dishman Carbogen Amcis Limited,Biotechnology,Healthcare,NSE,https://imdcal.com,Ahmedabad,380058,22993807360.0,1791453601.0,146.66,153.25,153.25,146.0,151894.0,152.46,-5.800003,-3.8042784,128.5,303.0,396.4,16.9,172.9348,-26.274796,-0.1519347,184.8648,-38.204803,-0.20666347,18.160004,0.14132299,-156.34,-0.51597357,128.5 - 303.0,284553.0,180603.0,284553.0,55156973.0,156783095.0,156783095.0,0.69302005,0.027090002,10073799680.0,64.223,30760599552.0,29014900736.0,185.271,,,24765599744.0,,-0.043,0.85355,0.17371,-0.04516,0.00557,426.904,0.3435433,43691356160.0,142.38835,11.7328005,1.03,12.5,,0.0,1568246400.0,0.0,0.56,2:1,1.506,161600000.0,1462147200.0,0.652
2026-10-09T03:05:37.553451,CGCL.NS,Capri Global Capital Limited,Credit Services,Financial Services,NSE,https://www.capriloans.in,Mumbai,400013,232398667776.0,1791453588.0,241.54,248.95,249.51,241.0,1133948.0,250.74,-9.200012,-3.6691442,151.1,287.45,876.0,8.95786,247.9636,-6.4235992,-0.025905414,205.46056,36.079437,0.17560275,90.43999,0.5985439,-45.91002,-0.15971479,151.1 - 287.45,4875785.0,2327135.0,4875785.0,322385538.0,962153962.0,962153962.0,0.62243,0.21521,22112890880.0,22.965,241120985088.0,32256468992.0,33.511,,,30567489536.0,0.794,0.858,0.94764,0.0,0.50395,0.34958,74.718,3.232688,451584786432.0,21.470222,12.482687,11.25,19.35,0.2,0.08,1788480000.0,0.0171,0.07,2:1,14.0,11276290048.0,1709596800.0,-0.011
2026-10-09T03:05:37.553451,SAPPHIRE.NS,Sapphire Foods India Limited,Restaurants,Consumer Cyclical,NSE,https://www.sapphirefoods.in,Mumbai,400062,65995780096.0,1791453600.0,205.11,214.05,214.84,203.1,613198.0,215.03,-9.919998,-4.613309,139.91,310.5,401.0,139.91,224.1288,-19.018799,-0.08485656,196.63664,8.473358,0.04309145,65.2,0.46601382,-105.39,-0.3394203,139.91 - 310.5,1854927.0,788306.0,1854927.0,227490889.0,321757988.0,321382905.0,0.261,0.68123,1412220032.0,4.394,14171299840.0,32394489856.0,99.296,,,17078760448.0,,0.147,0.52721,0.09488,0.047620002,-0.0049799997,43.269,4.740345,78657404928.0,,84.38449,-0.5,2.43066,,0.0,,0.0,,5:1,2.428,-161240000.0,1725494400.0,0.347
2026-10-09T03:05:37.553451,HIKAL.NS,Hikal Limited,Drug Manufacturers - Specialty & Generic,Healthcare,NSE,https://www.hikal.com,Navi Mumbai,400614,26165653504.0,1791453600.0,212.21,226.0,226.0,211.1,509460.0,225.24,-13.029999,-5.78494,146.25,261.0,742.0,8.0,220.1912,-7.981186,-0.036246616,203.5325,8.6775055,0.042634495,65.96001,0.4510086,-48.789993,-0.18693484,146.25 - 261.0,1523006.0,676551.0,1523006.0,38090267.0,123300750.0,123300750.0,0.69101995,0.06821,138000000.0,1.119,6838000128.0,17350000640.0,140.718,,,9774999552.0,,0.059,0.56340003,0.13641,-0.014149999,-0.01948,97.403,2.1786804,32872566784.0,,23.57889,-2.74,9.0,0.6,0.27,1788480000.0,1.7284,0.41,3:2,1.895,-338000000.0,1529625600.0,0.572
2026-10-09T03:05:37.553451,KANSAINER.NS,Kansai Nerolac Paints Limited,Specialty Chemicals,Basic Materials,NSE,https://www.nerolac.com,Mumbai,400 013,146200461312.0,1791453603.0,180.75,192.4,192.4,180.0,255852.0,192.4,-11.649994,-6.0550904,157.91,264.0,453.33334,0.123199,194.4414,-13.691406,-0.070414044,203.541,-22.791,-0.111972526,22.839996,0.14463933,-83.25,-0.3153409,157.91 - 264.0,323576.0,410278.0,323576.0,201420603.0,808854580.0,808854580.0,0.74946,0.104540005,25848000512.0,31.964,3027300096.0,82634702848.0,102.189,,,28820500480.0,0.048,0.098,0.34877,0.11331,0.111870006,0.07263,83.024,2.1770813,123094982656.0,24.359838,18.075886,7.42,9.99951,2.5,1.3,1782691200.0,0.33740002,0.64,3:2,1.49,6001399808.0,1688428800.0,0.385
2026-10-09T03:05:37.553451,SWSOLAR.NS,Sterling and Wilson Renewable Energy Limited,Solar,Technology,NSE,https://sterlingandwilsonre.com,Mumbai,400043,37387640832.0,1791453603.0,160.09,168.38,168.95,159.1,1067515.0,168.11,-8.020004,-4.7706885,148.0,260.8,828.0,69.7,187.189,-27.098999,-0.14476812,197.46645,-37.37645,-0.18928,12.089996,0.081689164,-100.70999,-0.38615796,148.0 - 260.8,1235040.0,974782.0,1235040.0,124194504.0,233541391.0,233541391.0,0.46728,0.082559995,3171899904.0,13.582,11914300416.0,73765502976.0,315.773,,,7181700096.0,0.693,-0.097,0.09736,0.03916,0.04741,-0.03893,27.823,5.7538724,46143291392.0,,8.893888,-12.31,18.0,,0.0,1582502400.0,0.0,,,0.626,-2871800064.0,,0.818
2026-10-09T03:05:37.553451,AWL.NS,AWL Agri Business Limited,Packaged Foods,Consumer Defensive,NSE,https://www.awl.in,Ahmedabad,380009,236157173760.0,1791453597.0,182.81,186.25,188.0,181.6,1297686.0,187.11,-4.300003,-2.298115,171.19,282.9,878.0,171.19,188.5108,-5.7008057,-0.030241268,193.07545,-10.265457,-0.05316811,11.619995,0.06787777,-100.09,-0.3537999,171.19 - 282.9,2814156.0,2992024.0,2814156.0,442661010.0,1291817635.0,1291817635.0,0.68683,0.14784001,23330600960.0,18.039,11092700160.0,777201582080.0,599.985,,,83354001408.0,0.473,0.175,0.107250005,0.03266,0.02875,0.01487,80.726,2.264574,224228507648.0,20.448547,17.47171,8.94,10.4632,1.0,0.53,1781827200.0,0.111999996,,,0.289,11559000064.0,,-0.151
2026-10-09T03:05:37.553451,FINPIPE.NS,Finolex Industries Limited,Building Products & Equipment,Industrials,NSE,https://www.finolexpipes.com,Pune,411045,92598689792.0,1791453588.0,149.76,153.0,155.0,148.55,582621.0,153.91,-4.150009,-2.6963868,147.54,200.4,355.9,5.0,157.758,-7.998001,-0.05069791,169.94485,-20.18486,-0.118773,2.2200012,0.015046776,-50.64,-0.2526946,147.54 - 200.4,445440.0,345556.0,445440.0,251566394.0,618313905.0,618313905.0,0.59346,0.15591,24930500608.0,40.274,4456399872.0,39538601984.0,63.913,,,17208600576.0,0.164,-0.153,0.43523997,0.17514999,0.08952,0.15564999,100.625,1.488298,72231387136.0,15.036144,14.095058,9.96,10.625,2.0,1.3,1789084800.0,0.2008,0.96,5:1,1.827,6154100224.0,1618444800.0,0.68
2026-10-09T03:05:37.553451,UNIONBANK.NS,Union Bank of India,Banks - Regional,Financial Services,NSE,https://www.unionbankofindia.bank.in,Mumbai,400021,1309239672832.0,1791452705.0,171.51,172.05,174.57,171.2,6776510.0,173.15,-1.6399994,-0.94715536,135.8,205.49,426.95,14.6,179.9488,-8.438812,-0.046895627,175.8482,-4.338211,-0.024670204,35.70999,0.26296017,-33.98001,-0.1653609,135.8 - 205.49,12187957.0,10872320.0,12187957.0,1927048570.0,7633605607.0,7633605607.0,0.74757004,0.1509,526358806528.0,68.949,732925722624.0,510219583488.0,66.839,0.01349,0.15798001,510219583488.0,0.274,0.164,0.0,0.0,0.488,0.40460998,182.77,0.93839246,1516912902144.0,6.340481,6.327099,27.05,27.10721,5.0,2.89,1783036800.0,0.36040002,2.79,,2.973,206437908480.0,,0.92
2026-10-09T03:05:37.553451,ASHOKLEY.NS,Ashok Leyland Limited,Farm & Heavy Construction Machinery,Industrials,NSE,https://www.ashokleyland.com,Chennai,600032,,1791452706.0,145.02,149.5,149.8,144.52,15963442.0,149.2,-4.1799927,-2.8016036,134.21,215.42,215.42,2.0075,166.7548,-21.734802,-0.13033989,171.09195,-26.071945,-0.15238558,10.809998,0.08054539,-70.399994,-0.32680342,134.21 - 215.42,15077796.0,12788190.0,15077796.0,3370828912.0,,,0.36363998,0.31656998,170057891840.0,28.952,639357026304.0,577231323136.0,98.323,,,231245807616.0,0.01,0.116,0.40061,0.21465,0.19645001,0.06021,24.246,5.981193,1364171030528.0,25.220871,17.80328,5.75,8.14569,3.5,2.35,1780444800.0,0.5912,1.06,2:1,2.363,34757701632.0,1752624000.0,0.489
2026-10-09T03:05:37.553451,DCBBANK.NS,DCB Bank Limited,Banks - Regional,Financial Services,NSE,https://www.dcb.bank.in,Mumbai,400013,63329550336.0,1791453599.0,196.56,201.19,201.99,195.62,1899693.0,201.19,-4.630005,-2.3013096,127.41,234.8,244.65,13.65,206.0324,-9.472397,-0.04597528,189.08325,7.4767456,0.039542083,69.149994,0.542736,-38.240005,-0.16286203,127.41 - 234.8,2015545.0,1410322.0,2015545.0,261944352.0,322189412.0,322189412.0,0.19973,0.36069,11411887104.0,35.451,60864475136.0,31146811392.0,97.381,,,31146811392.0,0.324,0.174,0.0,0.0,0.3486,0.25283,203.012,0.9682186,112725598208.0,8.035977,5.7516217,24.46,34.17471,1.45,0.72,1781222400.0,0.059299998,0.92,,3.619,7874976768.0,,0.482
2026-10-09T03:05:37.553451,HUDCO.NS,Housing and Urban Development Corporation Limited,Credit Services,Financial Services,NSE,https://www.hudco.org.in,New Delhi,110003,314278281216.0,1791453599.0,156.99,161.5,161.9,156.4,3281875.0,161.79,-4.799988,-2.9668014,155.8,246.85,353.7,18.0,180.2746,-23.284592,-0.1291618,194.36295,-37.37294,-0.19228429,1.1900024,0.007638013,-89.86,-0.36402673,155.8 - 246.85,2148489.0,3175956.0,2148489.0,500632915.0,2001900000.0,2001900000.0,0.75,0.10271,23809900544.0,11.889,1419120214016.0,46926299136.0,23.432,,,46907998208.0,0.349,0.098,0.99961,0.0,0.90609,0.90679,109.805,1.4297163,1709700284416.0,7.3842897,6.54125,21.26,24.0,6.0,3.71,1786924800.0,0.2635,3.17,,36.434,42552500224.0,,0.843
2026-10-09T03:05:37.553451,QUESS.NS,Quess Corp Limited,Staffing & Employment Services,Industrials,NSE,https://www.quesscorp.com,Bengaluru,560068,47915532288.0,1791453601.0,320.75,328.0,331.2,317.0,268370.0,328.4,-7.649994,-2.3294744,166.3,388.75,1303.15,165.0,343.746,-22.996002,-0.06689824,250.0195,70.7305,0.28289992,154.45,0.9287432,-68.0,-0.17491962,166.3 - 388.75,890974.0,480086.0,890974.0,53859216.0,149385918.0,149385918.0,0.68206,0.13402,2580790016.0,17.279,1244829952.0,158354538496.0,1062.404,,,8108329984.0,0.598,0.145,0.0512,0.021189999,0.01787,0.01595,78.207,4.1012955,46588878848.0,19.01304,15.819976,16.87,20.275,6.0,1.83,1786060800.0,0.65169996,1.65,,0.294,2526129920.0,,0.055
2026-10-09T03:05:37.553451,BELRISE.NS,Belrise Industries Limited,Auto Parts,Consumer Cyclical,NSE,https://belriseindustries.com,Pune,411005,227087269888.0,1791453603.0,234.8,246.31,246.6,233.27,1761347.0,246.31,-11.5099945,-4.672971,142.59,268.2,268.2,89.15,237.9698,-3.1697998,-0.013320177,212.58875,22.211258,0.10447993,92.21001,0.64667934,-33.40001,-0.12453396,142.59 - 268.2,3950751.0,2665824.0,3950751.0,323019069.0,967151919.0,967151919.0,0.62196,0.16966999,8060080128.0,8.334,15208429568.0,97933606912.0,110.087,,,18636380160.0,-0.087,0.126,0.1903,0.11495,0.07637,0.05175,58.73,3.9979568,234235625472.0,41.192986,25.890396,5.7,9.069,0.55,0.22,1789430400.0,0.0929,,,2.392,5068469760.0,,
2026-10-09T03:05:37.553451,CASTROLIND.NS,Castrol India Limited,Oil & Gas Refining & Marketing,Energy,NSE,https://www.castrol.com/en_in/india/home.html,Mumbai,400093,193947123712.0,1791453587.0,196.08,196.5,198.09,194.32,2531166.0,197.15,-1.0699921,-0.54273,170.1,207.2,284.4,23.66875,190.7956,5.2844086,0.0276967,185.81305,10.2669525,0.055254206,25.979996,0.15273365,-11.119995,-0.053667933,170.1 - 207.2,2751448.0,4173768.0,2751448.0,469097820.0,989122384.0,989122384.0,0.51304,0.17712,8628799488.0,8.711,531500000.0,62250000384.0,62.896,0.24879,0.56996,30713399296.0,0.421,0.25,0.49339,0.24235001,0.24779,0.17066,19.27,10.175402,186139213824.0,18.273998,16.590292,10.73,11.81896,12.5,6.34,1786406400.0,0.8155,4.35,2:1,2.99,10623500288.0,1513814400.0,0.319
2026-10-09T03:05:37.553451,SANDUMA.NS,The Sandur Manganese & Iron Ores Limited,Steel,Basic Materials,NSE,https://www.sandurgroup.com,Bengaluru,560080,87085670400.0,1791453594.0,179.15,181.0,181.75,175.01,615517.0,181.19,-2.0400085,-1.1258947,170.51,273.0,273.0,79.42222,194.9668,-15.816803,-0.081125624,206.39784,-27.247849,-0.13201615,8.639999,0.050671514,-93.850006,-0.34377292,170.51 - 273.0,628527.0,468772.0,628527.0,117107511.0,486104814.0,486104814.0,0.75897,0.00716,2275200000.0,4.68,9998000128.0,53292199936.0,109.189,,,29701799936.0,0.342,0.211,0.55734,0.23992,0.21271999,0.13456,66.934,2.6765172,94969577472.0,12.145762,,14.75,,0.5,0.28,1786492800.0,0.028199999,,3:1,1.782,7170999808.0,1758499200.0,0.838
2026-10-09T03:05:37.553451,PURVA.NS,Puravankara Limited,Real Estate - Development,Real Estate,NSE,https://www.puravankara.com,Bengaluru,560042,47996723200.0,1791453600.0,202.39,209.58,209.68,200.35,84126.0,209.68,-7.2899933,-3.4767232,160.69,287.3,569.6,25.55,213.9132,-11.523193,-0.05386855,215.21355,-12.823547,-0.059585225,41.699997,0.25950587,-84.90999,-0.2955447,160.69 - 287.3,1125870.0,116747.0,1125870.0,39420682.0,237149686.0,237149686.0,0.79380995,0.09701,14846100480.0,62.607,55945601024.0,40641499136.0,171.661,,,18327400448.0,,0.618,0.45095003,0.20111999,0.20804001,0.03945,75.298,2.6878538,88974770176.0,29.983704,14.560432,6.75,13.9,,0.0,1706745600.0,0.0,1.84,,2.189,1603200000.0,,0.451
2026-10-09T03:05:37.553451,BECTORFOOD.NS,Mrs. Bectors Food Specialities Limited,Packaged Foods,Consumer Defensive,NSE,https://www.bectorfoods.com,Gurugram,122102,63070240768.0,1791453601.0,205.64,210.58,211.52,201.0,1021466.0,211.07,-5.430008,-2.57261,165.0,279.9,440.0,49.0,228.861,-23.220993,-0.1014633,205.4248,0.2151947,0.0010475594,40.64,0.24630302,-74.259995,-0.26530904,165.0 - 279.9,5855112.0,720802.0,5855112.0,147624769.0,306702212.0,306702212.0,0.50294,0.31351998,2337489920.0,7.598,1907859968.0,21193459712.0,68.942,,,9668320256.0,0.252,0.16,0.45619,0.12753999,0.08411,0.07019,41.282,4.9813476,62832414720.0,42.487602,29.112469,4.84,7.06364,1.3,0.62,1789084800.0,0.24790001,0.36,5:1,2.965,1487650048.0,1765497600.0,0.188
2026-10-09T03:05:37.553451,AEGISVOPAK.NS,Aegis Vopak Terminals Limited,Oil & Gas Equipment & Services,Energy,NSE,https://www.aegisvopak.com,Mumbai,400013,315999191040.0,1791453588.0,285.2,294.95,295.25,282.95,1013685.0,294.25,-9.049988,-3.0756118,158.0,320.95,320.95,158.0,286.5492,-1.3491821,-0.0047083786,234.87254,50.32747,0.21427566,127.20001,0.80506337,-35.75,-0.111388065,158.0 - 320.95,1618639.0,1071268.0,1618639.0,139363169.0,1107991489.0,1107991489.0,0.87346,0.049039997,3023527936.0,2.729,37309267968.0,9510377472.0,8.591,,,9390275584.0,0.304,0.425,0.98737,0.68784,0.53026,0.32126,38.724,7.364942,351564595200.0,129.63637,37.691616,2.2,7.56667,0.2,0.07,1783641600.0,0.0,,,36.966,3055269888.0,,
2026-10-09T03:05:37.553451,MRPL.NS,Mangalore Refinery and Petrochemicals Limited,Oil & Gas Refining & Marketing,Energy,NSE,https://www.mrpl.co.in,Mangalore,575030,304689315840.0,1791453602.0,173.85,182.5,183.73,170.78,13191145.0,182.86,-9.0099945,-4.9272637,136.02,212.31,289.25,4.85,171.7772,2.0727997,0.012066791,169.49995,4.350052,0.02566403,37.83,0.27812088,-38.45999,-0.18115017,136.02 - 212.31,16402595.0,16040177.0,16402595.0,175633791.0,1752598777.0,1752598777.0,0.89967,0.02034,6105900032.0,3.487,153410207744.0,1095649525760.0,625.643,,,121889800192.0,,1.204,0.11125,0.07719,0.02396,0.028670002,81.305,2.1382449,451760717824.0,10.196482,3.3955078,17.05,51.2,4.0,2.19,1773187200.0,0.22309999,1.73,,0.412,31409199104.0,,0.114
2026-10-09T03:05:37.553451,PNCINFRA.NS,PNC Infratech Limited,Engineering & Construction,Industrials,NSE,https://www.pncinfratech.com,Agra,282002,34501955584.0,1791453598.0,134.49,136.99,138.7,132.3,1100337.0,136.93,-2.4399872,-1.7819232,116.4,291.65,574.8,69.28,183.4758,-48.985794,-0.26698777,207.3058,-72.815796,-0.35124823,18.090004,0.1554124,-157.15999,-0.53886503,116.4 - 291.65,1164062.0,1057702.0,1164062.0,112136344.0,256539165.0,256539165.0,0.5607,0.26988,30249373696.0,117.918,51698511872.0,56337604608.0,219.611,,,21612355584.0,-0.23,0.187,0.38362,0.225,0.2867,0.12999,265.333,0.5068725,55946293248.0,4.7123337,6.698187,28.54,20.07857,0.6,0.44,1790121600.0,0.021,0.17,5:1,0.993,7323072000.0,1470960000.0,0.63
2026-10-09T03:05:37.553451,STLTECH.NS,Sterlite Technologies Limited,Communication Equipment,Technology,NSE,https://stl.tech,Pune,411001,519994802176.0,1791453603.0,1011.55,1009.8,1017.9,979.0,1603698.0,1016.8,-5.25,-0.5163258,84.6,1051.1,1051.1,4.89,764.071,247.479,0.3238953,433.14536,578.40466,1.3353592,926.95,10.956856,-39.549988,-0.037627235,84.6 - 1051.1,2058976.0,2546274.0,2058976.0,254481788.0,514057433.0,514057433.0,0.50834,0.20723,3249999872.0,6.658,19420000256.0,56429998080.0,116.301,,,27480000512.0,17.55,0.874,0.48698002,0.13818,0.15707,0.04306,46.463,21.771086,509975986176.0,220.38126,30.883883,4.59,32.75333,,0.0,1691452800.0,0.0,0.62,2.5:1,9.037,2430000128.0,1268092800.0,1.596
2026-10-09T03:05:37.553451,WIPRO.NS,Wipro Limited,Information Technology Services,Technology,NSE,https://www.wipro.com,Bengaluru,560035,1566922637312.0,1791452699.0,158.38,159.55,162.21,158.38,19919990.0,159.6,-1.2200012,-0.7644118,156.79,273.1,369.925,0.36875,173.5268,-15.14679,-0.0872879,195.66956,-37.28955,-0.19057411,1.5900116,0.010141027,-114.72,-0.4200659,156.79 - 273.1,14896046.0,33168868.0,14896046.0,2886678561.0,9893437356.0,9893437356.0,0.72688,0.13342,394750001152.0,39.907,212821999616.0,949680013312.0,90.678,0.07263,0.16128999,275834994688.0,0.009,0.106,0.29045,0.18414,0.15698,0.13919,78.32,2.0222166,1386769678336.0,12.680545,11.396598,12.49,13.89713,8.0,5.01,1785110400.0,0.8737,0.39,2:1,1.46,132190003200.0,1733184000.0,0.408
2026-10-09T03:05:37.553451,ENGINERSIN.NS,Engineers India Limited,Engineering & Construction,Industrials,NSE,https://www.engineersindia.com,New Delhi,110066,162430238720.0,1791453600.0,289.0,307.8,307.8,277.75,14476624.0,308.3,-19.299988,-6.260133,163.55,321.4,321.4,4.75,267.2264,21.77359,0.08147994,230.00935,58.990646,0.25647065,125.45,0.7670437,-32.399994,-0.10080894,163.55 - 321.4,4578875.0,7175429.0,4578875.0,273133385.0,562042373.0,562042373.0,0.51366,0.17878,14473662464.0,25.752,168019008.0,38776631296.0,69.018,,,11057985536.0,1.422,-0.058,0.28517,0.19494,0.14229,0.20222001,55.825,5.176892,148126547968.0,22.0948,20.496454,13.08,14.1,5.0,1.62,1790208000.0,0.32259998,1.83,2:1,3.82,7841243136.0,1483056000.0,0.951
2026-10-09T03:05:37.553451,TATASTEEL.NS,Tata Steel Limited,Steel,Basic Materials,NSE,https://www.tatasteel.com,Mumbai,400001,2145083457536.0,1791452700.0,171.96,176.3,176.4,170.54,30680693.0,175.64,-3.6799927,-2.0951905,160.06,224.4,654.9,3.70557,185.2262,-13.26619,-0.07162156,195.42155,-23.461548,-0.12005609,11.900009,0.074347176,-52.439987,-0.23368979,160.06 - 224.4,25034804.0,24991836.0,25034804.0,8044138054.0,12474316070.0,12474316070.0,0.35404998,0.34459,99790397440.0,7.994,923818983424.0,2397561159680.0,192.149,,,1351154794496.0,0.114,0.143,0.56355,0.14178,0.09252,0.04602,81.842,2.1011217,2986824695808.0,19.856813,9.606705,8.66,17.9,4.0,2.28,1781222400.0,0.45200002,2.52,10:1,1.246,110345396224.0,1658966400.0,0.834
2026-10-09T03:05:37.553451,VIYASH.NS,Viyash Scientific Limited,Drug Manufacturers - Specialty & Generic,Healthcare,NSE,https://www.viyash.com,Hyderabad,500033,104065073152.0,1791453600.0,235.86,241.9,250.9,235.01,3817300.0,240.77,-4.9100037,-2.039292,178.13,298.0,336.5,42.65,256.1276,-20.267593,-0.07913084,232.84766,3.0123444,0.012936975,57.729996,0.3240891,-62.14,-0.20852348,178.13 - 298.0,4512216.0,2348285.0,4512216.0,206422346.0,441215420.0,441215420.0,0.55615,0.096190006,2594259968.0,5.944,4897529856.0,35750260736.0,82.138,,,18706429952.0,1.625,1.144,0.52325,0.19082001,0.12474,0.059120003,66.7,3.536132,107278352384.0,58.81795,20.245495,4.01,11.65,,0.0,1631059200.0,0.0,,,3.001,2113449984.0,,0.982
2026-10-09T03:05:37.553451,EPL.NS,EPL Limited,Packaging & Containers,Consumer Cyclical,NSE,https://www.eplglobal.com,Mumbai,400013,74440138752.0,1791453593.0,232.03,236.0,236.0,229.01,3290602.0,237.03,-5.0,-2.1094377,176.4,274.03,318.6,5.0,241.1892,-9.159195,-0.037975147,223.51125,8.518753,0.038113307,55.630005,0.31536284,-42.0,-0.15326789,176.4 - 274.03,4265177.0,1558454.0,4265177.0,223581903.0,320821173.0,320821173.0,0.29893,0.2251,2136000000.0,6.672,9624999936.0,50431000576.0,157.478,,,30070999040.0,-0.016,0.253,0.59628,0.20694,0.11196999,0.07684,89.425,2.5946882,81855733760.0,19.20778,13.423227,12.08,17.28571,5.0,2.11,1763337600.0,0.4139,2.22,2:1,1.623,3875000064.0,1529452800.0,0.388
2026-10-09T03:05:37.553451,GREENPANEL.NS,Greenpanel Industries Limited,Lumber & Wood Production,Basic Materials,NSE,https://www.greenpanel.com,Gurugram,122002,18905464832.0,1791453597.0,154.17,158.0,158.0,152.41,158374.0,159.12,-4.949997,-3.110858,148.51,314.0,625.7,24.0,167.095,-12.925003,-0.07735123,194.866,-40.696,-0.20884095,5.6600037,0.038111936,-159.83,-0.50901276,148.51 - 314.0,324878.0,257600.0,324878.0,57420278.0,122627395.0,122627395.0,0.54371,0.26923,1969021952.0,16.057,3701435904.0,15609861120.0,127.258,,,7676628992.0,,0.066,0.49178,0.101,0.015470001,0.0043099998,110.569,1.3943329,20637880320.0,285.5,13.864208,0.54,11.12,0.5,0.31,1785456000.0,0.0,0.25,,1.322,67250000.0,,0.496
2026-10-09T03:05:37.553451,RITES.NS,RITES Limited,Engineering & Construction,Industrials,NSE,https://www.rites.com,Gurugram,122001,94126252032.0,1791453594.0,195.85,200.0,200.09,195.0,450689.0,200.74,-4.8899994,-2.4359865,175.0,259.7,412.975,76.86,213.232,-17.381989,-0.081516795,213.1809,-17.330887,-0.08129662,20.850006,0.11914289,-63.850006,-0.24586062,175.0 - 259.7,1681907.0,8401208.0,1681907.0,133932396.0,480603774.0,480603774.0,0.72203004,0.103760004,8969600000.0,18.616,65900000.0,24575799296.0,51.098,,,7732100096.0,0.084,0.087,0.31462,0.22629,0.18431,0.16983,55.7,3.516158,86589276160.0,23.150118,17.777605,8.46,11.01667,11.0,5.48,1789689600.0,0.7546,3.78,2:1,3.523,4173799936.0,1726790400.0,0.263
2026-10-09T03:05:37.553451,JINDALSAW.NS,Jindal Saw Limited,Steel,Basic Materials,NSE,https://jindalsaw.com,New Delhi,110066,172285231104.0,1791453599.0,270.2,280.0,280.05,267.25,1074126.0,281.9,-11.699982,-4.1504016,153.0,320.0,383.85,5.7,285.367,-15.166992,-0.053149074,232.59656,37.603455,0.16166815,117.20001,0.76601315,-49.799988,-0.15562496,153.0 - 320.0,2134739.0,1173250.0,2134739.0,221123050.0,637621094.0,637621094.0,0.63552,0.15906,5426617856.0,8.516,46907392000.0,182627958784.0,286.332,,,75276460032.0,-0.754,0.09,0.41217998,0.102919996,0.05233,0.03578,197.329,1.3692869,210743394304.0,26.412514,11.596567,10.23,23.3,2.0,0.71,1779408000.0,0.19549999,0.95,2:1,1.154,6534822912.0,1728432000.0,0.465
2026-10-09T03:05:37.553451,REFEX.NS,Refex Industries Limited,Thermal Coal,Energy,NSE,https://refex.co.in,Chennai,600 017,35501027328.0,1791453595.0,258.7,264.1,266.0,256.0,146626.0,266.35,-7.649994,-2.8721583,188.0,382.0,600.0,0.426177,283.823,-25.122986,-0.088516384,268.7811,-10.081085,-0.037506673,70.70001,0.37606388,-123.29999,-0.32277483,188.0 - 382.0,522187.0,259441.0,522187.0,58216446.0,137228548.0,137228548.0,0.25616,0.00483,3983624960.0,29.035,2250443008.0,28411768832.0,210.407,,,5174121984.0,2.071,1.391,0.18211001,0.16565001,0.110360004,0.08658,109.633,2.359691,33804570624.0,12.941471,,19.99,,2.0,0.75,1784851200.0,0.024300002,,5:1,1.19,2857667072.0,1711065600.0,1.716
2026-10-09T03:05:37.553451,STARCEMENT.NS,Star Cement Limited,Building Materials,Basic Materials,NSE,https://www.starcement.co.in,Kolkata,700088,68569206784.0,1791453584.0,169.65,174.3,175.0,167.62,222369.0,174.88,-5.230011,-2.9906285,167.62,273.0,308.95,60.0,192.1442,-22.494202,-0.11706938,208.9779,-39.32791,-0.18819173,2.0299988,0.012110719,-103.350006,-0.37857145,167.62 - 273.0,241950.0,144936.0,241950.0,53771720.0,404180417.0,404180417.0,0.90352,0.04277,1246712064.0,3.087,6033243136.0,38073835520.0,94.141,,,27176335360.0,-0.242,0.034,0.71378,0.23571,0.10931,0.0971,78.865,2.1511443,73272459264.0,18.561268,16.695303,9.14,10.16154,2.0,1.14,1770854400.0,0.2188,,,1.924,3696858880.0,,-0.02
2026-10-09T03:05:37.553451,SURYAROSNI.NS,Surya Roshni Limited,Steel,Basic Materials,NSE,https://www.surya.co.in,New Delhi,110008,46356447232.0,1791453599.0,213.0,218.3,218.3,212.0,368708.0,218.34,-5.3399963,-2.4457252,187.35,314.5,420.825,2.5,222.0254,-9.025406,-0.04065033,235.6368,-22.636795,-0.09606647,25.649994,0.13690948,-101.5,-0.3227345,187.35 - 314.5,560617.0,541217.0,560617.0,89282540.0,217635896.0,217635896.0,0.67789,0.014140001,4529500160.0,20.824,798099968.0,79823798272.0,366.476,,,17990600704.0,0.768,0.275,0.22538,0.0665,0.0381,0.03906,120.827,1.762851,42599985152.0,14.874302,9.063829,14.32,23.5,5.0,2.29,1787270400.0,0.3841,0.75,2:1,0.534,3117799936.0,1735689600.0,0.663
2026-10-09T03:05:37.553451,FIRSTCRY.NS,Brainbees Solutions Limited,Internet Retail,Consumer Cyclical,NSE,https://www.firstcry.com,Pune,411001,81791442944.0,1791453599.0,168.56,172.0,172.2,166.1,2078065.0,172.2,-3.6399994,-2.1138208,163.37,379.6,734.0,163.37,188.535,-19.975006,-0.10594853,223.6957,-55.135696,-0.24647634,5.1900024,0.031768393,-211.04001,-0.5559536,163.37 - 379.6,3787295.0,10064467.0,3787295.0,203320120.0,485236384.0,485236384.0,0.58809,0.23096001,14025589760.0,28.763,15939040256.0,87916093440.0,181.448,,,23736840192.0,,0.131,0.26999,0.01158,-0.01646,-0.01422,100.331,1.680039,89395077120.0,,49.991398,-2.58,3.37178,,0.0,,0.0,,,1.017,-1250019968.0,,0.392
2026-10-09T03:05:37.553451,JYOTHYLAB.NS,Jyothy Labs Limited,Household & Personal Products,Consumer Defensive,NSE,https://www.jyothylabs.com,Mumbai,400059,68412301312.0,1791453599.0,186.29,191.0,191.17,184.5,357445.0,191.44,-5.150009,-2.6901426,180.0,325.0,595.85,10.5,198.5386,-12.248611,-0.061693855,219.46375,-33.17375,-0.15115823,6.2899933,0.034944408,-138.71,-0.4268,180.0 - 325.0,812509.0,387308.0,812509.0,321522009.0,367235520.0,367235520.0,0.7075,0.15227,8148100096.0,22.189,515800000.0,29664800768.0,80.792,,,13119200256.0,-0.508,0.03,0.44224998,0.12516,0.062750004,0.09575,43.261,4.3061876,60776091648.0,24.739706,19.25478,7.53,9.675,3.5,1.83,1782691200.0,0.90440005,1.1,2:1,2.049,2840399872.0,1530144000.0,0.48
2026-10-09T03:05:37.553451,VAIBHAVGBL.NS,Vaibhav Global Limited,Luxury Goods,Consumer Cyclical,NSE,https://www.vaibhavglobal.com,Jaipur,302022,33465055232.0,1791453601.0,199.55,200.75,209.98,197.33,1132314.0,200.75,-1.199997,-0.59775686,174.13,293.25,1050.0,2.09,222.5494,-22.99939,-0.1033451,225.8961,-26.3461,-0.11662928,25.419998,0.14598288,-93.7,-0.3195226,174.13 - 293.25,375748.0,196506.0,375748.0,47749117.0,167702609.0,167702609.0,0.59249,0.15178001,4063746048.0,24.33,4158344960.0,37951221760.0,227.489,,,25157834752.0,0.487,0.127,0.66290003,0.086660005,0.07644,0.07506,98.664,2.0225208,33424445440.0,11.82869,4.122934,16.87,48.4,6.0,2.99,1786492800.0,0.3561,1.84,5:1,0.881,2848797952.0,1620345600.0,0.209
2026-10-09T03:05:37.553451,APTUS.NS,Aptus Value Housing Finance India Limited,Mortgage Finance,Financial Services,NSE,https://www.aptusindia.com,Chennai,600010,108640092160.0,1791453600.0,216.92,219.9,223.0,216.0,2083056.0,219.46,-2.5400085,-1.1573901,193.03,322.75,401.65,193.03,248.187,-31.266998,-0.12598161,254.8469,-37.926895,-0.14882228,23.89,0.123763144,-105.83,-0.32790086,193.03 - 322.75,1364615.0,1611567.0,1364615.0,352342619.0,500830236.0,500830236.0,0.26596,0.49732,7299293184.0,14.577,79037685760.0,15942531072.0,31.838,,,15913679872.0,0.19,0.168,0.99819,0.0,0.78450996,0.61761004,101.051,2.1466389,180359512064.0,11.039186,8.32612,19.65,26.05295,5.0,2.28,1778803200.0,0.229,,,11.313,9846334464.0,,0.665
2026-10-09T03:05:37.553451,SUNFLAG.NS,Sunflag Iron and Steel Company Limited,Steel,Basic Materials,NSE,https://www.sunflagsteel.com,Nagpur,440001,81224908800.0,1791453563.0,450.7,477.0,477.0,450.7,422244.0,474.4,-23.699982,-4.9957805,192.15,479.1,479.1,7.0,373.828,76.87201,0.2056347,314.73886,135.96115,0.43198082,258.55002,1.3455635,-28.399994,-0.0592778,192.15 - 479.1,401404.0,1390684.0,401404.0,39785199.0,180219448.0,180219448.0,0.78413004,0.0038800002,1818899968.0,10.079,5239799808.0,40055201792.0,222.288,,,15306500096.0,0.055,0.065,0.38214,0.12165,0.08288,0.05138,491.911,0.91622263,84772438016.0,39.46585,,11.42,,1.0,0.21,1789084800.0,0.0657,2.08,,2.116,2057900032.0,,1.064
2026-10-09T03:05:37.553451,ZAGGLE.NS,Zaggle Prepaid Ocean Services Limited,Software - Infrastructure,Technology,NSE,https://www.zaggle.in,Mumbai,400072,22422054912.0,1791453601.0,166.43,172.0,172.88,165.92,856282.0,172.22,-5.7900085,-3.361984,154.36,405.4,591.9,154.36,186.448,-20.018005,-0.10736509,226.1126,-59.682602,-0.2639508,12.069992,0.078193784,-238.97,-0.5894672,154.36 - 405.4,2551789.0,797521.0,2551789.0,61924837.0,134723650.0,134458445.0,0.52069,0.043109998,5457719808.0,40.59,546339968.0,19989460992.0,148.741,,,8088949760.0,-0.33,0.275,0.40466,0.35119998,0.29396,0.06479,97.178,1.7126303,17492379648.0,17.21096,10.068359,9.67,16.53,,0.0,,0.0,,,0.875,1295049984.0,,0.6
2026-10-09T03:05:37.553451,VSTIND.NS,VST Industries Limited,Tobacco,Consumer Defensive,NSE,https://www.vsthyd.com,Hyderabad,500020,34054541312.0,1791453594.0,200.86,201.34,203.1,200.0,108207.0,201.33,-0.47000122,-0.23344818,200.0,286.78,486.15,7.886363,209.9482,-9.088196,-0.043287802,234.0761,-33.216095,-0.14190298,0.8600006,0.004300003,-85.92,-0.29960248,200.0 - 286.78,190633.0,96195.0,190633.0,21135819.0,169543660.0,169543660.0,0.62184,0.06822,5822255104.0,34.277,0.0,14230991872.0,83.831,,,7557365248.0,-0.242,-0.139,0.53104997,0.30733,0.15012,0.19573,85.109,2.3600323,28296048640.0,12.240098,10.043,16.41,20.0,12.0,5.96,1783641600.0,0.0,4.07,11:1,1.988,2785436928.0,1725580800.0,0.375
2026-10-09T03:05:37.553451,RELIGARE.NS,Religare Enterprises Limited,Insurance - Life,Financial Services,NSE,https://www.religare.com,New Delhi,110020,76042780672.0,1791453590.0,220.57,224.01,225.51,218.25,1313224.0,224.92,-4.349991,-1.9340168,196.51,280.0,694.97406,16.9,242.195,-21.625,-0.08928756,237.322,-16.751999,-0.070587635,24.060013,0.12243658,-59.429993,-0.21224998,196.51 - 280.0,1036935.0,811022.0,1036935.0,178636396.0,344755742.0,344755742.0,0.49787998,0.058520004,17026802688.0,50.726,4932328960.0,89760235520.0,269.269,,,74473365504.0,,0.26,0.82969004,0.011460001,-0.02617,0.0055199997,87.38,2.524262,71635042304.0,150.04762,,1.47,,,0.0,1269907200.0,0.0,,,0.798,495523008.0,,-0.206
2026-10-09T03:05:37.553451,FSL.NS,Firstsource Solutions Limited,Information Technology Services,Technology,NSE,https://www.firstsource.com,Mumbai,400063,183924080640.0,1791453600.0,266.35,263.0,282.85,260.1,19360929.0,259.2,7.149994,2.758485,202.0,371.75,422.3,5.55,270.8514,-4.501404,-0.016619459,258.016,8.334015,0.032300383,64.350006,0.3185644,-105.399994,-0.28352386,202.0 - 371.75,3655742.0,3355769.0,3655742.0,310281418.0,690535266.0,690535266.0,0.5487,0.30993,3087399936.0,4.472,29438369792.0,100636188672.0,145.711,,,41333841920.0,-0.017,0.229,0.41073,0.13612,0.12355,0.06668,63.511,4.193762,210231787520.0,27.234152,16.650673,9.78,15.99635,5.5,2.12,1771545600.0,0.5777,1.71,,2.089,6710110208.0,,0.192
2026-10-09T03:05:37.553451,CAMPUS.NS,Campus Activewear Limited,Footwear & Accessories,Consumer Cyclical,NSE,https://www.campusactivewear.com,Gurugram,122016,60830261248.0,1791453587.0,199.0,207.58,207.58,197.0,725414.0,208.37,-9.369995,-4.4968066,197.0,287.8,639.3,197.0,217.0448,-18.0448,-0.08313859,237.06575,-38.06575,-0.16057043,2.0,0.010152284,-88.79999,-0.3085476,197.0 - 287.8,1417841.0,383733.0,1417841.0,85336902.0,305679721.0,305679721.0,0.72113997,0.17822,1287000064.0,4.211,2361600000.0,18160500736.0,59.455,,,9495900160.0,0.194,0.122,0.52289003,0.13897,0.083229996,0.08482,29.655,6.710504,61887647744.0,41.372143,29.121965,4.81,6.83333,1.5,0.72,1785456000.0,0.059499998,,,3.408,1540300032.0,,0.127
2026-10-09T03:05:37.553451,REDINGTON.NS,Redington Limited,Information Technology Services,Technology,NSE,https://www.redingtongroup.com,Chennai,600091,303328460800.0,1791453601.0,388.0,406.2,406.2,384.8,2996230.0,406.5,-18.5,-4.5510454,191.31,419.5,419.5,7.965,372.448,15.552002,0.04175617,278.2381,109.7619,0.3944891,196.69,1.028122,-31.5,-0.075089395,191.31 - 419.5,7120802.0,3817234.0,7120802.0,592561565.0,781774431.0,781774431.0,0.26005,0.37899,11100699648.0,14.199,28416200704.0,1282364801024.0,1640.692,,,62902800384.0,0.767,0.346,0.049050003,0.02003,0.01881,0.013259999,129.97,2.9853044,323276472320.0,17.830883,12.688031,21.76,30.58,6.0,1.48,1783036800.0,0.2759,2.97,2:1,0.252,17009300480.0,1629244800.0,0.862
2026-10-09T03:05:37.553451,KTKBANK.NS,The Karnataka Bank Limited,Banks - Regional,Financial Services,NSE,https://www.karnatakabank.bank.in,Mangalore,575002,121320611840.0,1791453599.0,320.8,325.0,326.8,316.4,2527340.0,326.45,-5.6500244,-1.7307471,170.26,345.9,345.9,12.798672,321.366,-0.5660095,-0.0017612614,258.0625,62.737488,0.24310966,150.54,0.88417715,-25.100006,-0.07256434,170.26 - 345.9,2631704.0,1543852.0,2631704.0,329429077.0,378181464.0,378181464.0,0.05614,0.20536,77356302336.0,204.502,53290000384.0,34675298304.0,91.696,,,34675298304.0,0.433,0.261,0.0,0.0,0.4362,0.41452,349.839,0.91699326,97281802240.0,8.453227,7.7958684,37.95,41.15,5.0,1.53,1789430400.0,0.1318,2.47,11:10,2.806,14373699584.0,1584403200.0,0.334
2026-10-09T03:05:37.553451,ANGELONE.NS,Angel One Limited,Capital Markets,Financial Services,NSE,https://www.angelone.in,Mumbai,400093,269805453312.0,1791452706.0,295.0,300.2,301.95,293.15,7127143.0,302.0,-7.0,-2.3178809,208.63,360.45,389.6,22.22,292.54,2.4599915,0.008409077,289.17206,5.827942,0.02015389,86.369995,0.41398644,-65.45001,-0.1815786,208.63 - 360.45,5926162.0,6035659.0,5926162.0,489869202.0,914594776.0,914594776.0,0.48994,0.22907,3799470080.0,4.171,79514091520.0,49862279168.0,54.842,,,42294571008.0,1.0,0.23,0.84823,0.0,0.24655001,0.20698,67.165,4.3921685,344729485312.0,27.34013,16.941103,10.79,17.41327,5.05,1.67,1784592000.0,0.36580002,1.46,10:1,6.914,10320289792.0,1772064000.0,0.309
2026-10-09T03:05:37.553451,SCI.NS,The Shipping Corporation of India Limited,Marine Shipping,Industrials,NSE,https://www.shipindia.com,Mumbai,400021,130773073920.0,1791453600.0,280.75,285.1,288.35,276.1,3562794.0,285.35,-4.600006,-1.6120576,195.55,368.75,384.2,24.8,286.576,-5.825989,-0.020329647,273.4501,7.2998962,0.026695533,85.2,0.4356942,-88.0,-0.23864406,195.55 - 368.75,2613459.0,4344541.0,2613459.0,168595524.0,465799010.0,465799010.0,0.63749003,0.04796,4349899776.0,9.341,26792499200.0,63103098880.0,135.52,,,28561799168.0,0.75,0.403,0.45262,0.41059,0.32518002,0.25642002,195.37,1.437017,153179226112.0,8.081462,85.07576,34.74,3.3,7.5,2.63,1788480000.0,0.3768,0.29,3:2,2.427,16180899840.0,1225238400.0,0.519
2026-10-09T03:05:37.553451,ICIL.NS,Indo Count Industries Limited,Textile Manufacturing,Consumer Cyclical,NSE,https://www.indocount.com,Mumbai,400021,88926396416.0,1791453599.0,449.0,470.0,470.0,443.25,374791.0,471.1,-22.100006,-4.6911497,216.9,485.95,485.95,0.51,434.723,14.277008,0.032841623,336.07486,112.92514,0.33601186,232.1,1.0700785,-36.950012,-0.076036654,216.9 - 485.95,1005989.0,487273.0,1005989.0,76108322.0,198054340.0,198054340.0,0.61562,0.13833,3036368896.0,15.331,13423334400.0,43896049664.0,221.601,,,23890518016.0,0.67,0.259,0.54425,0.08518,0.08121,0.03437,118.922,3.775584,99313360896.0,58.923885,18.905264,7.62,23.75,1.5,0.32,1786924800.0,0.2625,0.73,5:1,2.262,1508807936.0,1478822400.0,0.438
2026-10-09T03:05:37.553451,SONATSOFTW.NS,Sonata Software Limited,Information Technology Services,Technology,NSE,https://www.sonata-software.com,Bengaluru,560059,66679783424.0,1791453601.0,240.9,249.0,258.8,238.3,1354218.0,248.1,-7.200012,-2.9020605,207.15,400.5,870.0,3.3,290.989,-50.08902,-0.17213371,281.8801,-40.980103,-0.14538133,33.75,0.16292542,-159.6,-0.39850187,207.15 - 400.5,2013447.0,912422.0,2013447.0,160925536.0,276794469.0,276794469.0,0.41895,0.30768,5792799744.0,20.928,7230300160.0,110151598080.0,397.424,,,13332200448.0,-0.008,0.106,0.12104,0.056020003,0.04341,0.04205,68.81,3.5009446,68117286912.0,14.416517,11.62164,16.71,20.72857,7.9,3.18,1786665600.0,0.48770002,1.64,2:1,0.618,4631600128.0,1702339200.0,0.405
2026-10-09T03:05:37.553451,NYKAA.NS,FSN E-Commerce Ventures Limited,Internet Retail,Consumer Cyclical,NSE,https://www.nykaa.com,Mumbai,400025,952129421312.0,1791452701.0,332.3,340.85,344.1,332.3,4233113.0,341.25,-8.950012,-2.6227143,232.0,349.55,428.95,114.25,333.774,-1.473999,-0.004416159,286.2317,46.0683,0.16094758,100.29999,0.43232754,-17.25,-0.049349166,232.0 - 349.55,5479101.0,6230442.0,5479101.0,1213435753.0,2865270707.0,2865270707.0,0.56136,0.32252,4181100032.0,1.46,12441799680.0,106494099456.0,37.406,,,48298901504.0,2.5,0.291,0.45354,0.05763,0.05269,0.02405,5.022,66.16885,960352354304.0,373.3708,114.015335,0.89,2.91452,,0.0,,0.0,,6:1,9.018,2561299968.0,1668038400.0,0.364
2026-10-09T03:05:37.553451,ETERNAL.NS,Eternal Limited,Internet Retail,Consumer Cyclical,NSE,https://www.eternal.com,Gurugram,122098,2936980635648.0,1791452700.0,319.05,328.0,328.4,317.5,18034796.0,328.0,-8.950012,-2.7286623,212.6,368.45,368.45,40.6,322.552,-3.5020142,-0.010857208,275.83716,43.21283,0.15666066,106.44998,0.5007054,-49.400024,-0.13407524,212.6 - 368.45,31176113.0,25596062.0,31176113.0,6838544000.0,9205393097.0,9205393097.0,0.21796,0.50681996,66140000256.0,7.189,45920002048.0,674080030720.0,71.966,,,237199998976.0,2.333,1.82,0.35189,0.02576,0.0023700001,0.00642,33.829,9.431257,2914969976832.0,693.5869,84.68548,0.46,3.76747,,0.0,,0.0,,,4.324,4329999872.0,,0.239
2026-10-09T03:05:37.553451,RALLIS.NS,Rallis India Limited,Agricultural Inputs,Basic Materials,NSE,https://www.rallis.com,Mumbai,400037,38069231616.0,1791453590.0,195.76,198.96,199.7,195.05,534348.0,200.03,-4.2700043,-2.134682,195.05,305.6,385.9,3.4,207.4858,-11.7258,-0.056513745,239.19145,-43.431458,-0.18157613,0.70999146,0.0036400484,-109.84001,-0.3594241,195.05 - 305.6,945024.0,456301.0,945024.0,85620763.0,194468890.0,194468890.0,0.5618,0.10253,5440900096.0,27.978,611000000.0,29616500736.0,152.269,,,11828799488.0,0.315,0.068,0.3994,0.12629,0.15166001,0.07222,105.054,1.8634225,33239330816.0,18.227188,13.459669,10.74,14.54419,3.0,1.5,1780531200.0,0.2727,1.04,10:1,1.122,2138800000.0,1310688000.0,0.509
2026-10-09T03:05:37.553451,BLS.NS,BLS International Services Limited,Specialty Business Services,Industrials,NSE,https://www.blsinternational.com,New Delhi,110001,88510201856.0,1791453603.0,215.08,220.84,221.26,213.37,674627.0,220.84,-5.7599945,-2.6082206,212.0,349.2,521.8,6.75,240.744,-25.664001,-0.10660287,261.1492,-46.0692,-0.1764095,3.0800018,0.014528311,-134.12001,-0.3840779,212.0 - 349.2,1959403.0,669844.0,1959403.0,121309007.0,411522253.0,411522253.0,0.706,0.05252,15125404672.0,36.766,4305752064.0,31781763072.0,77.229,,,12164123648.0,0.108,0.253,0.38274,0.27458,0.24783,0.22207001,59.856,3.5932906,80865886208.0,12.909965,10.003721,16.66,21.5,2.5,1.13,1789516800.0,0.17549999,0.27,2:1,2.544,7057653760.0,1670457600.0,-0.126
2026-10-09T03:05:37.553451,ACMESOLAR.NS,ACME Solar Holdings Limited,Utilities - Renewable,Utilities,NSE,https://acmesolar.in,Gurugram,122001,296924938240.0,1791453599.0,420.4,436.4,437.95,416.15,1067090.0,436.15,-15.75,-3.6111429,195.9,476.9,476.9,167.75,404.935,15.464996,0.038191307,314.97305,105.42694,0.33471733,224.5,1.1459929,-56.5,-0.11847348,195.9 - 476.9,2253927.0,1363234.0,2253927.0,180265317.0,706291446.0,706291446.0,0.71656,0.19933,61580910592.0,97.083,198962937856.0,28535959552.0,46.579,,,28146450432.0,0.715,0.468,0.98635,0.89101,0.67576,0.21146,83.561,5.0310555,404033929216.0,43.384933,17.083118,9.69,24.60909,0.2,0.05,1770336000.0,0.020599999,,,14.159,6034149888.0,,
2026-10-09T03:05:37.553451,PRINCEPIPE.NS,Prince Pipes and Fittings Limited,Building Products & Equipment,Industrials,NSE,https://www.princepipes.com,Mumbai,400028,27562625024.0,1791453598.0,249.25,257.45,257.85,248.5,104693.0,256.65,-7.399994,-2.883302,205.0,336.0,897.0,75.3,273.21,-23.959991,-0.08769808,260.2713,-11.021301,-0.042345434,44.25,0.21585366,-86.75,-0.25818452,205.0 - 336.0,187657.0,98887.0,187657.0,53750538.0,110582248.0,110561079.0,0.58949,0.2047,2771419904.0,25.046,1453449984.0,26273339392.0,230.647,,,7624430080.0,5.932,0.05,0.2902,0.1039,0.06914,0.03886,148.608,1.6772313,26262155264.0,27.004335,16.494017,9.23,15.11154,1.0,0.39,1788912000.0,0.0541,0.29,,1.0,1041580032.0,,0.713
2026-10-09T03:05:37.553451,JIOFIN.NS,Jio Financial Services Limited,Asset Management,Financial Services,NSE,https://www.jfs.in,Mumbai,400051,1393262854144.0,1791452706.0,211.0,215.8,216.0,210.3,10605175.0,216.44,-5.4400024,-2.5133996,208.5,316.85,394.7,198.65,236.7458,-25.745804,-0.10874873,244.34544,-33.345444,-0.13646846,2.5,0.0119904075,-105.850006,-0.33406976,208.5 - 316.85,15912566.0,15422273.0,15912566.0,3474044017.0,6603141623.0,6603141623.0,0.50187,0.19559999,35982901248.0,5.449,217989398528.0,37568200704.0,6.008,,,37568200704.0,1.702,2.082,1.0,0.0,0.63313997,0.55006003,211.436,0.9979379,1575269040128.0,67.19745,46.612633,3.14,4.52667,0.6,0.28,1786320000.0,0.15529999,,,41.931,20664899584.0,,0.516
2026-10-09T03:05:37.553451,CROMPTON.NS,Crompton Greaves Consumer Electricals Limited,"Furnishings, Fixtures & Appliances",Consumer Cyclical,NSE,https://www.crompton.co.in,Mumbai,400079,131577561088.0,1791452699.0,204.34,210.3,212.5,203.13,2157585.0,210.7,-6.3600006,-3.01851,201.1,310.5,512.8,125.0,234.8546,-30.514603,-0.12992977,252.5761,-48.2361,-0.1909765,3.2399902,0.016111339,-106.16,-0.34190017,201.1 - 310.5,3369712.0,2692362.0,3369712.0,640785449.0,643914875.0,643914875.0,0.0,0.77155995,11492200448.0,17.847,1991699968.0,83321602048.0,129.366,,,26283300864.0,0.147,0.118,0.31544,0.09398,0.08019,-0.02688,46.067,4.435713,126770667520.0,,18.258188,-3.37,11.19169,3.0,1.42,1784851200.0,0.41900003,0.86,,1.521,-2239800064.0,,0.353
2026-10-09T03:05:37.553451,CUB.NS,City Union Bank Limited,Banks - Regional,Financial Services,NSE,https://cityunionbank.bank.in,Kumbakonam,612001,218042564608.0,1791453601.0,220.07,223.49,225.47,219.74,2359128.0,222.12,-2.0499878,-0.92291903,158.6925,248.85,248.85,1.171523,222.3886,-2.3185883,-0.010425841,207.43106,12.638947,0.06093083,61.377502,0.38677,-28.779999,-0.115651995,158.6925 - 248.85,2967715.0,3240819.0,2967715.0,929556586.0,990787237.0,990787237.0,0.07974,0.51660997,36493160448.0,36.832,53267980288.0,37122211840.0,37.535,,,37122211840.0,0.252,0.233,0.0,0.0,0.50985,0.37791002,106.637,2.0637302,234817372160.0,15.574664,11.3987875,14.13,19.30644,2.0,0.9,1785456000.0,0.10609999,0.56,4:3,6.326,14028846080.0,1781222400.0,0.372
2026-10-09T03:05:37.553451,NAZARA.NS,Nazara Technologies Limited,Electronic Gaming & Multimedia,Communication Services,NSE,https://www.nazara.com,Mumbai,400021,144645701632.0,1791453600.0,376.0,377.85,396.0,374.3,3687266.0,378.45,-2.4500122,-0.64738065,215.7,401.9,419.5,118.7625,364.852,11.14801,0.030554883,296.70346,79.29654,0.26725855,160.3,0.7431618,-25.899994,-0.06444388,215.7 - 401.9,2293666.0,1965936.0,2293666.0,229655300.0,384696024.0,384696024.0,0.35122,0.28467,7343300096.0,19.847,2149299968.0,17589700608.0,47.521,,,13680400384.0,,-0.14,0.77775,0.17559999,-0.00287,-0.01286,79.198,4.747595,134708101120.0,,58.294575,-1.45,6.45,,0.0,,0.0,,2:1,7.658,-524600000.0,1758844800.0,0.23
2026-10-09T03:05:37.553451,PCBL.NS,PCBL Chemical Limited,Specialty Chemicals,Basic Materials,NSE,https://www.pcblltd.com,Kolkata,700027,125612933120.0,1791453599.0,319.25,328.5,331.9,317.5,919808.0,326.9,-7.649994,-2.3401632,226.5,390.75,584.4,1.2,325.051,-5.800995,-0.017846415,298.54614,20.703857,0.06934894,92.75,0.40949228,-71.5,-0.18298145,226.5 - 390.75,2048499.0,729900.0,2048499.0,194492500.0,393462604.0,393462604.0,0.070549995,0.6426,2813400064.0,7.15,49890598912.0,85486198784.0,220.383,,,25649899520.0,0.589,0.17,0.30005,0.11715999,0.1182,0.030269999,101.822,3.1353736,172818628608.0,49.343124,20.64116,6.47,15.46667,4.5,1.38,1785801600.0,0.90629995,2.12,2:1,2.022,2587899904.0,1649635200.0,0.608
2026-10-09T03:05:37.553451,GSPL.NS,Gujarat State Petronet Limited,,,NSE,https://gspcgroup.com/GSPL,Gandhinagar,382028,156286550016.0,1778493599.0,277.0,287.55,290.0,257.15,8022437.0,268.35,8.649994,3.2233999,226.35,348.0,469.7,25.95,263.817,13.183014,0.0499703,294.0425,-17.042511,-0.057959344,50.649994,0.22376847,-71.0,-0.20402299,226.35 - 348.0,1867702.0,1644390.0,1867702.0,287131813.0,564211376.0,564211376.0,0.49116,0.34195,48200015872.0,85.418,1397104000.0,162902982656.0,288.705,,,41929170944.0,0.096,-0.109,0.25739,0.15215,0.10920999,0.06461,211.553,1.3093646,144674455552.0,14.852548,15.388889,18.65,18.0,,,,,,,0.888,10524983296.0,,0.717
2026-10-09T03:05:37.553451,BHEL.NS,Bharat Heavy Electricals Limited,Specialty Industrial Machinery,Industrials,NSE,https://www.bhel.com,New Delhi,110049,1495894458368.0,1791452705.0,429.6,448.8,451.45,429.45,12833612.0,448.5,-18.899994,-4.2140455,229.54,455.95,455.95,5.073333,422.498,7.1020203,0.016809596,351.6111,77.98889,0.2218044,200.06001,0.87156934,-26.350006,-0.057791438,229.54 - 455.95,9839927.0,11157616.0,9839927.0,1455641765.0,3482063355.0,3482063355.0,0.59821,0.22828,112016498688.0,32.17,81869496320.0,359929905152.0,103.285,,,113267998720.0,,0.403,0.31469,0.07953,0.054819997,0.06758,75.089,5.721211,1465747374080.0,61.45923,30.722296,6.99,13.98333,1.4,0.31,1784246400.0,0.0715,0.18,3:2,4.072,24324700160.0,1506556800.0,0.92
2026-10-09T03:05:37.553451,GPIL.NS,Godawari Power & Ispat Limited,Steel,Basic Materials,NSE,https://www.godawaripowerispat.com,Raipur,492 004,133811453952.0,1791453601.0,205.63,215.01,215.5,204.52,1261365.0,214.31,-8.679993,-4.0502043,204.52,320.0,765.0,9.7375,237.0334,-31.403397,-0.1324851,261.2299,-55.599884,-0.2128389,1.1100006,0.005427345,-114.369995,-0.35740623,204.52 - 320.0,1602341.0,1426423.0,1602341.0,192265257.0,650738965.0,650738965.0,0.63362,0.06734,11787200512.0,19.084,4434800128.0,58078699520.0,94.493,,,27604000768.0,-0.006,0.323,0.47529,0.21735,0.16206,0.13887,94.56,2.1745982,120065556480.0,16.140503,9.1391115,12.74,22.5,1.0,0.47,1786665600.0,0.0784,0.64,5:1,2.067,8065299968.0,1728000000.0,0.764
2026-10-09T03:05:37.553451,JSWINFRA.NS,JSW Infrastructure Limited,Marine Shipping,Industrials,NSE,https://www.jsw.in/infrastructure,Mumbai,400051,772685299712.0,1791453600.0,333.75,352.0,353.9,331.45,4830666.0,353.9,-20.149994,-5.693697,233.42,375.5,375.5,142.2,341.319,-7.5690002,-0.022175737,293.96045,39.78955,0.13535681,100.33,0.42982608,-41.75,-0.11118509,233.42 - 375.5,3698317.0,3217142.0,3698317.0,487135489.0,2315161753.0,2315161753.0,0.74142,0.15844,23128999936.0,11.092,68989198336.0,55882498048.0,26.786,,,29518600192.0,-0.103,0.181,0.52823,0.4759,0.35162997,0.26578,52.166,6.3978453,749935329280.0,49.887894,29.93499,6.69,11.14916,0.9,0.25,1781740800.0,0.1269,,,13.42,14852599808.0,,0.549
2026-10-09T03:05:37.553451,NLCINDIA.NS,NLC India Limited,Utilities - Regulated Electric,Utilities,NSE,https://www.nlcindia.in,Cuddalore,607801,334803435520.0,1791453593.0,241.45,250.85,250.85,240.5,1112982.0,250.35,-8.900009,-3.5550265,230.0,387.8,387.8,5.0,272.146,-30.696,-0.112792395,285.6175,-44.167496,-0.15463862,11.449997,0.049782597,-146.34999,-0.37738523,230.0 - 387.8,1825476.0,1280235.0,1825476.0,396199464.0,1386636609.0,1386636609.0,0.72523004,0.14552,8428299776.0,6.074,278917808128.0,183806705664.0,132.539,,,147911294976.0,-0.423,0.233,0.80471003,0.3332,0.17076999,0.17458001,155.242,1.5553136,643016359936.0,10.617854,8.909594,22.74,27.1,3.85,1.54,1790035200.0,0.2274,1.87,,3.498,32088799232.0,,0.539
2026-10-09T03:05:37.553451,ITI.NS,ITI Limited,Communication Equipment,Technology,NSE,https://www.itiltd.in,Bengaluru,560016,228369219584.0,1791453599.0,237.18,245.25,245.39,236.15,121792.0,245.84,-8.660004,-3.5226178,236.15,358.45,592.7,10.35,267.0572,-29.877197,-0.11187565,281.72354,-44.54355,-0.15811086,1.0299988,0.0043616295,-121.27002,-0.3383178,236.15 - 358.45,321446.0,294025.0,321446.0,96092626.0,962851967.0,962851967.0,0.97900003,0.00067000004,3507599872.0,3.643,7649900032.0,21107400704.0,21.942,,,3516499968.0,,-0.147,0.1666,0.025290001,-0.025220001,0.15359001,19.805,11.975763,232511537152.0,128.90216,,1.84,,,0.0,,0.0,,,11.016,3241900032.0,,0.093
2026-10-09T03:05:37.553451,ONGC.NS,Oil and Natural Gas Corporation Limited,Oil & Gas Integrated,Energy,NSE,https://www.ongcindia.com,New Delhi,110070,2765145505792.0,1791452706.0,219.8,222.5,223.0,218.53,9469764.0,221.88,-2.0800018,-0.93744445,218.53,307.5,345.0,10.566666,234.4226,-14.622604,-0.06237711,257.9596,-38.15959,-0.14792857,1.2700043,0.0058115786,-87.7,-0.28520325,218.53 - 307.5,11567245.0,12754294.0,11567245.0,3873189762.0,12580279206.0,12580279206.0,0.69209,0.22431,352858701824.0,28.053,1743164932096.0,7041283260416.0,559.823,,,2487933468672.0,0.214,0.257,0.35334,0.14892,0.02931,0.06181,295.5,0.74382406,4534238183424.0,6.4119024,5.2927547,34.28,41.52847,14.5,6.54,1788480000.0,0.39020002,4.99,3:2,0.644,435192397824.0,1481760000.0,0.157
2026-10-09T03:05:37.553451,JWL.NS,Jupiter Wagons Limited,Railroads,Industrials,NSE,https://www.jupiterwagons.com,Kolkata,700071,92495773696.0,1791453599.0,216.43,222.5,223.0,216.0,703863.0,223.56,-7.130005,-3.1893027,216.0,358.25,748.1,6.75,241.4248,-24.994812,-0.10353042,270.1612,-53.7312,-0.19888571,0.42999268,0.001990707,-141.82,-0.39586884,216.0 - 358.25,1280919.0,3534103.0,1280919.0,135613518.0,427370389.0,427370389.0,0.7243,0.06504,6511984128.0,15.211,9964552192.0,31270957056.0,73.332,,,8377005056.0,-0.143,0.46,0.26788,0.11805,0.06895,0.05329,69.225,3.1264715,96187228160.0,57.56117,22.963394,3.76,9.425,1.0,0.0,1748563200.0,0.0,,,3.076,1666359040.0,,0.343
2026-10-09T03:05:37.553451,LTF.NS,L&T Finance Limited,Credit Services,Financial Services,NSE,https://www.ltfinance.com,Mumbai,400098,645147787264.0,1791452699.0,257.4,258.0,261.25,255.05,5990605.0,260.25,-2.850006,-1.0951031,234.9,338.6,338.6,37.576607,303.208,-45.808014,-0.15107785,290.56485,-33.164856,-0.11413926,22.5,0.09578545,-81.20001,-0.23981102,234.9 - 338.6,5742309.0,6618601.0,5742309.0,843753554.0,2506401820.0,2506401820.0,0.65946996,0.18115,112093798400.0,44.898,1102976647168.0,96218898432.0,38.438,,,95766896640.0,0.282,0.293,0.9953,0.0,0.45948002,0.33076,112.086,2.2964509,1634014593024.0,20.542698,13.392154,12.53,19.22021,2.75,1.06,1779408000.0,0.21700001,0.94,,16.982,31825500160.0,,0.684
2026-10-09T03:05:37.553451,MANAPPURAM.NS,Manappuram Finance Limited,Credit Services,Financial Services,NSE,https://www.manappuram.com,Thrissur,680 567,285699080192.0,1791452701.0,304.15,308.1,309.7,303.65,1839033.0,308.9,-4.75,-1.5377145,245.15,381.55,381.55,9.8,338.218,-34.067993,-0.100727916,309.60474,-5.4547424,-0.017618408,59.0,0.24066898,-77.399994,-0.20285676,245.15 - 381.55,5471825.0,5660417.0,5471825.0,546881479.0,939336102.0,939336102.0,0.31914,0.40948,66627350528.0,70.93,578366144512.0,47501119488.0,55.11,,,46338670592.0,2.885,0.801,0.97553,0.0,0.52393,0.30516002,170.873,1.7799768,797502603264.0,19.009375,9.951181,16.0,30.56421,4.0,1.29,1786924800.0,0.1221,1.48,2:1,16.789,14495219712.0,1307577600.0,0.819
2026-10-09T03:05:37.553451,FEDERALBNK.NS,The Federal Bank Limited,Banks - Regional,Financial Services,NSE,https://www.federal.bank.in,Aluva,683101,792959188992.0,1791452700.0,321.0,323.5,326.35,319.5,10086372.0,323.5,-2.5,-0.7727975,202.15,371.7,371.7,0.720744,343.759,-22.759003,-0.06620628,306.414,14.585999,0.04760226,118.850006,0.5879298,-50.700012,-0.13640036,202.15 - 371.7,6032789.0,7425265.0,6032789.0,1917548474.0,2470277782.0,2470277782.0,0.109060004,0.60422003,268973195264.0,108.995,331932499968.0,152438603776.0,61.911,,,152438603776.0,0.327,0.214,0.0,0.0,0.42963,0.30721,162.445,1.9760534,865803567104.0,17.304583,11.398002,18.55,28.16283,1.2,0.37,1786665600.0,0.0642,0.65,2:1,5.68,46830698496.0,1436313600.0,0.289
2026-10-09T03:05:37.553451,AWFIS.NS,Awfis Space Solutions Limited,Rental & Leasing Services,Industrials,NSE,https://www.awfis.com,New Delhi,110016,17040624640.0,1791453599.0,238.12,253.04,253.04,235.75,465435.0,250.75,-12.630005,-5.0368915,229.05,639.4,946.0,229.05,262.8884,-24.768402,-0.094216414,313.4327,-75.31271,-0.24028352,9.069992,0.039598305,-401.28003,-0.6275884,229.05 - 639.4,760497.0,561489.0,760497.0,49884464.0,71563186.0,71563186.0,0.26654,0.50157,895870016.0,12.524,15011720192.0,15837039616.0,221.745,,,13244489728.0,1.386,0.27,0.83629996,0.40243,0.11559,0.05357,77.23,3.0832577,31149604864.0,21.279715,11.424536,11.19,20.84286,,0.0,,0.0,,,1.967,848400000.0,,1.056
2026-10-09T03:05:37.553451,RVNL.NS,Rail Vikas Nigam Limited,Engineering & Construction,Industrials,NSE,https://rvnl.org,New Delhi,110029,390315769856.0,1791452701.0,187.2,195.0,195.6,186.9,5376846.0,195.87,-8.669998,-4.4264045,186.9,400.7,647.0,10.0,213.494,-26.294006,-0.1231604,262.24146,-75.04146,-0.28615406,0.30000305,0.0016051529,-213.50002,-0.5328176,186.9 - 400.7,4669628.0,5610735.0,4669628.0,566270609.0,2085020100.0,2085020100.0,0.72841,0.0829,6357100032.0,3.049,48184901632.0,208245800960.0,99.553,,,13319700480.0,0.169,0.106,0.06396,0.04323,0.040310003,0.0432,47.107,3.9739318,432106176512.0,45.436893,34.03636,4.12,5.5,1.71,0.87,1787011200.0,0.6311,0.53,,2.075,8995200000.0,,0.837
2026-10-09T03:05:37.553451,CEIGALL.NS,Ceigall India Limited,Engineering & Construction,Industrials,NSE,https://ceigall.com,Gurugram,122001,65170038784.0,1791453601.0,374.1,380.0,391.0,369.2,859847.0,372.8,1.3000183,0.34871736,222.61,405.7,424.8,222.61,354.199,19.901001,0.05618593,325.44125,48.658752,0.14951624,151.49,0.6805175,-31.600006,-0.077890076,222.61 - 405.7,439882.0,309386.0,439882.0,30050113.0,174204861.0,174204861.0,0.84533995,0.0461,3786789888.0,22.611,13111390208.0,41538650112.0,240.509,,,7861130240.0,0.241,0.157,0.18924999,0.14985,0.13442999,0.07704,125.142,2.9894042,72059846656.0,20.210697,15.718488,18.51,23.8,0.5,0.13,1789084800.0,0.0,,,1.735,3200039936.0,,0.73
2026-10-09T03:05:37.553451,HONASA.NS,Honasa Consumer Limited,Household & Personal Products,Consumer Defensive,NSE,https://www.honasa.in,Gurugram,122102,152416321536.0,1791453589.0,467.5,477.0,483.5,465.0,710408.0,477.05,-9.549988,-2.001884,248.4,509.8,547.0,197.51,468.592,-1.0920105,-0.0023304077,377.92126,89.578735,0.23703015,219.1,0.88204515,-42.299988,-0.0829737,248.4 - 509.8,1973689.0,5980165.0,1973689.0,147878036.0,326024216.0,326024216.0,0.38729998,0.42943,4658990080.0,14.3,1353459968.0,25526339584.0,78.49,,,17805690880.0,1.19,0.27,0.69754,0.10487001,0.13189,0.09749,43.462,10.756522,149010022400.0,61.351707,44.114513,7.62,10.59742,3.0,0.63,1787875200.0,0.0,,,5.838,2488689920.0,,0.649
2026-10-09T03:05:37.553451,ADVENZYMES.NS,Advanced Enzyme Technologies Limited,Specialty Chemicals,Basic Materials,NSE,https://www.advancedenzymes.com,Thane,400604,29200674816.0,1791453599.0,264.9,271.05,272.05,264.0,132496.0,270.05,-5.149994,-1.907052,251.95,419.0,571.0,98.1,297.192,-32.291992,-0.10865701,312.06824,-47.168243,-0.15114722,12.949997,0.051399074,-154.1,-0.36778045,251.95 - 419.0,249937.0,180884.0,249937.0,36746688.0,110232826.0,110232826.0,0.55461,0.1927,7048699904.0,62.976,320089984.0,7496309760.0,66.957,,,5426429952.0,-0.073,0.021,0.72388,0.28237,0.21648,0.22128001,145.806,1.8167976,23432450048.0,17.886562,14.396739,14.81,18.4,1.35,0.5,1784851200.0,0.081,0.65,5:1,3.126,1658819968.0,1495670400.0,0.7
2026-10-09T03:05:37.553451,RAILTEL.NS,RailTel Corporation of India Limited,Telecom Services,Communication Services,NSE,https://www.railtel.in,New Delhi,110023,79624822784.0,1791453603.0,248.1,254.65,255.35,247.7,544350.0,254.65,-6.549988,-2.572153,245.0,391.25,617.8,84.0,271.655,-23.554993,-0.086709216,302.60544,-54.505432,-0.18012047,3.100006,0.012653086,-143.15,-0.36587858,245.0 - 391.25,822496.0,1196454.0,822496.0,86740023.0,320938407.0,320938407.0,0.72844005,0.0295,7636199936.0,23.793,637200000.0,42774798336.0,133.28,0.0509,0.16254,6896600064.0,0.252,0.276,0.16123,0.14321,0.10985,0.08096,70.469,3.520697,72625815552.0,23.628572,16.707071,10.5,14.85,3.25,1.28,1786579200.0,0.2644,0.93,,1.698,3463200000.0,,0.731
2026-10-09T03:05:37.553451,BANKBARODA.NS,Bank of Baroda Limited,Banks - Regional,Financial Services,NSE,https://bankofbaroda.bank.in,Vadodara,390007,1210098778112.0,1791452706.0,234.0,234.55,239.4,233.07,14605337.0,234.55,-0.55000305,-0.23449287,223.82,325.5,325.5,8.58,239.3528,-5.3527985,-0.022363635,267.63495,-33.63495,-0.12567472,10.179993,0.045482945,-91.5,-0.281106,223.82 - 325.5,8314780.0,8191429.0,8314780.0,1853329361.0,5171362179.0,5171362179.0,0.66462,0.20499,506651410432.0,98.018,1732858085376.0,662978953216.0,128.209,0.0093,0.113170005,662978953216.0,-0.486,0.18,0.0,0.0,0.45536998,0.27392,325.983,0.71782887,2451292553216.0,6.676177,5.424981,35.05,43.13379,8.5,3.62,1780617600.0,0.24200001,2.53,5:1,3.697,181605548032.0,1421884800.0,0.443
2026-10-09T03:05:37.553451,LATENTVIEW.NS,Latent View Analytics Limited,Consulting Services,Industrials,NSE,https://www.latentview.com,Chennai,600113,47682981888.0,1791453603.0,230.26,231.0,245.0,228.37,1565427.0,230.08,0.17999268,0.07823047,228.37,517.5,754.9,228.37,267.694,-37.434006,-0.1398388,313.9485,-83.68849,-0.2665676,1.8899994,0.008276041,-287.24,-0.5550531,228.37 - 517.5,707533.0,464092.0,707533.0,59159852.0,207083230.0,207083230.0,0.71347,0.03326,7198099968.0,34.786,332409984.0,11143520256.0,53.923,,,3707830016.0,-0.053,0.215,0.33273,0.21263,0.15856,0.17536,84.823,2.714594,41067773952.0,24.39195,17.849613,9.44,12.9,,0.0,,0.0,,,3.685,1954119936.0,,0.445
2026-10-09T03:05:37.553451,KARURVYSYA.NS,The Karur Vysya Bank Limited,Banks - Regional,Financial Services,NSE,https://www.kvb.bank.in,Karur,639002,318226890752.0,1791453600.0,329.2,330.1,336.8,328.0,2065889.0,330.1,-0.8999939,-0.2726428,220.25,358.65,358.65,0.696806,335.021,-5.820984,-0.017374983,305.26724,23.93277,0.078399405,108.95001,0.4946652,-29.449982,-0.08211343,220.25 - 358.65,3490466.0,2176406.0,3490466.0,921787774.0,966667248.0,966667248.0,0.00532,0.42334998,8922755072.0,9.231,26225606656.0,66443173888.0,68.74,,,66443173888.0,0.45,0.26,0.0,0.0,0.56661,0.41307,145.947,2.2556133,335524036608.0,11.624294,9.985507,28.32,32.96778,2.6,0.79,1784851200.0,0.0763,1.07,6:5,5.05,27445815296.0,1756166400.0,-0.107
2026-10-09T03:05:37.553451,IIFLCAPS.NS,IIFL Capital Services Limited,Capital Markets,Financial Services,NSE,https://www.iiflcapital.com,Mumbai,400069,108544163840.0,1791453593.0,344.2,346.0,347.8,343.5,414332.0,346.85,-2.649994,-0.7640173,240.4,411.3,448.95,19.05,338.823,5.377014,0.015869685,328.7902,15.409821,0.04686825,103.80002,0.43178046,-67.099976,-0.1631412,240.4 - 411.3,412217.0,731720.0,412217.0,128673069.0,315352013.0,315352013.0,0.58478,0.14541,50653908992.0,162.89,18208868352.0,23250796544.0,74.782,,,14337409024.0,0.045,0.033,0.61664003,0.0,0.36176,0.24520001,98.596,3.491014,74644357120.0,19.850058,,17.34,,3.0,0.86,1771200000.0,0.1729,1.48,,3.21,5701066752.0,,0.779
2026-10-09T03:05:37.553451,RELAXO.NS,Relaxo Footwears Limited,Footwear & Accessories,Consumer Cyclical,NSE,https://www.relaxofootwear.com,New Delhi,110085,70150889472.0,1791453600.0,281.8,288.7,289.5,280.5,85915.0,287.75,-5.950012,-2.0677714,236.5,454.7,1448.0,11.5025,351.17,-69.370026,-0.19753972,343.67096,-61.87097,-0.18002968,45.299988,0.1915433,-172.90002,-0.38025075,236.5 - 454.7,1087693.0,126073.0,1087693.0,71260412.0,248938586.0,248938586.0,0.71269,0.116569996,2126099968.0,8.552,2326500096.0,27527200768.0,110.656,,,16644299776.0,0.128,0.077,0.60465,0.144,0.09648,0.06732,88.685,3.1775384,70255116288.0,37.825504,28.350101,7.45,9.94,3.5,1.22,1789689600.0,0.4027,0.35,2:1,2.552,1853100032.0,1561507200.0,0.61
2026-10-09T03:05:37.553451,TARIL.NS,Transformers and Rectifiers (India) Limited,Electrical Equipment & Parts,Industrials,NSE,https://www.transformerindia.com,Ahmedabad,382213,84871888896.0,1791453594.0,282.75,289.0,289.0,279.25,1397091.0,289.15,-6.399994,-2.213382,224.05,498.95,648.9,2.45,291.492,-8.742004,-0.029990546,297.6472,-14.897186,-0.050049815,58.699997,0.26199508,-216.20001,-0.43330997,224.05 - 498.95,2619053.0,8881154.0,2619053.0,106816726.0,300165834.0,300165834.0,0.64405,0.06398,2923099904.0,9.74,4566499840.0,25518100480.0,87.584,,,8134499840.0,-0.085,0.081,0.31877002,0.15301,0.15117,0.10132,51.58,5.4817758,86777585664.0,33.540924,22.032473,8.43,12.83333,0.25,0.09,1789689600.0,0.0,0.06,2:1,3.401,2585600000.0,1739491200.0,-0.269
2026-10-09T03:05:37.553451,AFCONS.NS,Afcons Infrastructure Limited,Engineering & Construction,Industrials,NSE,https://www.afcons.com,Mumbai,400053,89044336640.0,1791453593.0,242.11,244.0,244.54,238.0,353405.0,244.38,-2.2700043,-0.92888296,225.35,479.4,570.0,225.35,267.9914,-25.881393,-0.09657546,304.59937,-62.489365,-0.20515265,16.759995,0.07437317,-237.29,-0.49497288,225.35 - 479.4,1893701.0,423783.0,1893701.0,166139351.0,367784631.0,367784631.0,0.58603,0.25818002,8204899840.0,22.309,36269101056.0,112489996288.0,304.659,,,36244201472.0,-0.781,-0.208,0.3222,0.092080005,0.06288,0.01286,148.179,1.6339022,117116338176.0,63.04948,16.521273,3.84,14.65444,2.0,0.82,1784764800.0,0.64269996,,,1.041,1447000064.0,,
2026-10-09T03:05:37.553451,CMSINFO.NS,CMS Info Systems Limited,Specialty Business Services,Industrials,NSE,https://www.cms.com,Mumbai,400 055,34309593088.0,1791453600.0,214.35,218.43,221.95,213.86,480022.0,218.37,-4.019989,-1.8409071,213.86,393.3,616.5,210.4,243.6858,-29.3358,-0.1203837,286.60345,-72.25345,-0.2521025,0.4900055,0.0022912442,-178.94998,-0.45499614,213.86 - 393.3,861885.0,566807.0,861885.0,153241812.0,160063415.0,160063415.0,0.07709,0.46408,4457330176.0,27.165,2213819904.0,24944740352.0,151.782,,,23238660096.0,-0.088,0.012,0.93161005,0.21476,0.15138,0.11766,147.983,1.4484773,32928382976.0,12.1033325,8.438976,17.71,25.4,5.0,2.29,1789084800.0,0.1551,0.79,,1.32,2934970112.0,,0.324
2026-10-09T03:05:37.553451,PETRONET.NS,Petronet LNG Limited,Oil & Gas Refining & Marketing,Energy,NSE,https://www.petronetlng.in,New Delhi,110001,432750034944.0,1791452700.0,288.5,295.95,296.95,288.0,2877357.0,297.0,-8.5,-2.8619528,235.35,326.4,384.2,6.0,286.915,1.5849915,0.0055242544,281.5015,6.9985046,0.024861341,53.149994,0.22583383,-37.899994,-0.11611518,235.35 - 326.4,1903915.0,2743814.0,1903915.0,729749844.0,1500000088.0,1500000088.0,0.50181,0.27262,101141299200.0,67.419,23414599680.0,371728908288.0,247.806,,,67403198464.0,0.351,-0.532,0.18132,0.15622,0.24001,0.113199994,148.594,1.941532,355076571136.0,10.583272,10.149974,27.26,28.42372,10.0,3.37,1781222400.0,0.35650003,2.65,2:1,0.955,42077900800.0,1499040000.0,0.481
2026-10-09T03:05:37.553451,KRBL.NS,KRBL Limited,Packaged Foods,Consumer Defensive,NSE,https://krblrice.com,Noida,201301,88362942464.0,1791453594.0,386.05,399.8,401.85,385.0,473050.0,398.2,-12.150024,-3.0512366,274.65,452.8,675.0,1.025,398.66,-12.610016,-0.031631004,361.472,24.578003,0.067994215,111.399994,0.40560713,-66.75,-0.14741609,274.65 - 452.8,615753.0,378366.0,615753.0,62426513.0,228889892.0,228889892.0,0.72690004,0.04711,9821299712.0,42.903,1697900032.0,60093698048.0,262.501,,,17955500032.0,0.731,-0.056,0.29879,0.1701,0.18992001,0.12617,253.74,1.5214392,80260104192.0,11.65258,10.294666,33.13,37.5,4.5,1.13,1789689600.0,0.10560001,0.71,10:1,1.336,7582000128.0,1265760000.0,0.272
2026-10-09T03:05:37.553451,MOIL.NS,MOIL Limited,Other Industrial Metals & Mining,Basic Materials,NSE,https://www.moil.nic.in,Nagpur,440013,46716137472.0,1791453598.0,229.58,236.0,238.49,228.7,506738.0,236.4,-6.819992,-2.8849375,228.7,392.3,588.0,85.55,254.5878,-25.007797,-0.098228574,291.2352,-61.655197,-0.21170242,0.8800049,0.003847857,-162.71999,-0.41478458,228.7 - 392.3,1205215.0,429579.0,1205215.0,71728533.0,203485211.0,203485211.0,0.64685,0.06336,7267474944.0,35.715,0.0,14956616704.0,73.501,,,14482919424.0,0.704,0.066,0.96833,0.31368,0.24636999,0.20298,133.103,1.7248297,39448657920.0,15.84403,8.555778,14.49,26.83333,14.12,5.97,1770249600.0,0.4651,1.99,2:1,2.638,3035899904.0,1506470400.0,0.341
2026-10-09T03:05:37.553451,POWERGRID.NS,Power Grid Corporation of India Limited,Utilities - Regulated Electric,Utilities,NSE,https://www.powergrid.in,Gurugram,122001,2275392618496.0,1791452699.0,244.65,253.95,254.0,244.65,14406764.0,253.05,-8.400009,-3.3195057,244.65,324.95,366.25,29.250008,266.589,-21.938995,-0.0822952,284.834,-40.18402,-0.14107873,0.0,0.0,-80.30002,-0.24711499,244.65 - 324.95,8991916.0,10369583.0,8991916.0,4326361878.0,9300603819.0,9300603819.0,0.52908003,0.36261,57857601536.0,6.221,1515580948480.0,470333685760.0,50.585,,,459027185664.0,-0.008,0.027,0.97596,0.84461,0.55737996,0.33797002,108.051,2.2642086,3733116157952.0,14.800362,12.637827,16.53,19.35855,9.0,3.56,1786579200.0,0.5263,4.36,4:3,7.937,158957895680.0,1694476800.0,0.181
2026-10-09T03:05:37.553451,SWIGGY.NS,Swiggy Limited,Internet Retail,Consumer Cyclical,NSE,https://www.swiggy.com,Bengaluru,560066,615569424384.0,1791452701.0,234.95,246.0,247.2,234.0,8378244.0,246.0,-11.050003,-4.4918714,234.0,459.95,617.3,234.0,272.6172,-37.66719,-0.1381688,281.9489,-46.998917,-0.16669302,0.94999695,0.0040598162,-225.00002,-0.48918363,234.0 - 459.95,20984613.0,11451694.0,20984613.0,1685726471.0,2620001701.0,2620001701.0,0.40015998,0.36118,111519997952.0,42.793,25510000640.0,249039994880.0,98.159,,,110490001408.0,,0.373,0.44366002,-0.13719,-0.13916999,-0.1505,70.275,3.3432941,526282555392.0,,-41.238903,-15.25,-5.69729,,0.0,,,,,2.113,-37480001536.0,,
2026-10-09T03:05:37.553451,RBLBANK.NS,RBL Bank Limited,Banks - Regional,Financial Services,NSE,https://www.rbl.bank.in,Mumbai,400013,621999226880.0,1791452700.0,400.7,413.9,413.9,400.7,2517494.0,412.0,-11.299988,-2.7427156,284.5,429.6,716.4,74.15,398.529,2.1710205,0.0054475847,346.23825,54.46176,0.15729563,116.20001,0.40843588,-28.899994,-0.067271866,284.5 - 429.6,4398828.0,3844924.0,4398828.0,286841661.0,1552281436.0,1552281436.0,0.59872,0.17163,140115902464.0,186.638,167964393472.0,80978501632.0,124.862,,,80978501632.0,-0.117,-0.062,0.0,0.0,0.15658,0.11102,270.96,1.4788162,328668872704.0,29.163029,19.385153,13.74,20.67046,1.0,0.24,1786665600.0,0.0738,,,4.059,8990600192.0,,0.703
2026-10-09T03:05:37.553451,ITC.NS,ITC Limited,Tobacco,Consumer Defensive,NSE,https://www.itcportal.com,Kolkata,700071,3195281866752.0,1791452700.0,255.0,264.0,264.65,253.15,53644563.0,265.7,-10.700012,-4.0271025,253.15,426.4,508.9007,3.990748,268.84,-13.839996,-0.05148042,295.08374,-40.08374,-0.13583852,1.8500061,0.0073079444,-171.4,-0.40196997,253.15 - 426.4,15715252.0,25989878.0,15715252.0,9655458808.0,12530517081.0,12530517081.0,0.29488,0.52243,245109702656.0,19.563,23993600000.0,764879831040.0,61.069,,,445805002752.0,-0.16,-0.111,0.58284,0.33312,0.24867001,0.25937998,57.869,4.406504,2977555546112.0,16.776316,15.179782,15.2,16.79866,16.0,6.02,1779840000.0,0.9154,3.48,3:2,3.893,198394003456.0,1467331200.0,-0.063
2026-10-09T03:05:37.553451,BPCL.NS,Bharat Petroleum Corporation Limited,Oil & Gas Refining & Marketing,Energy,NSE,https://www.bharatpetroleum.in,Mumbai,400001,1223027458048.0,1791452706.0,286.25,295.1,295.15,282.95,7110504.0,296.35,-10.100006,-3.4081345,266.6,391.65,391.65,5.439583,311.348,-25.097992,-0.08061074,319.70026,-33.450256,-0.10463006,19.649994,0.073705904,-105.399994,-0.26911783,266.6 - 391.65,5520208.0,5330351.0,5520208.0,1852391039.0,4272584874.0,4272584874.0,0.56657004,0.28839,201686106112.0,47.172,544244203520.0,4939535876096.0,1155.903,,,630040887296.0,,0.344,0.12755,0.059520002,-0.04048,0.034679998,234.373,1.2213438,1566440292352.0,7.39282,7.2150855,38.72,39.67382,20.0,6.75,1769990400.0,0.5611,3.68,2:1,0.317,171317297152.0,1718928000.0,0.861
2026-10-09T03:05:37.553451,SENCO.NS,Senco Gold Limited,Luxury Goods,Consumer Cyclical,NSE,https://sencogoldanddiamonds.com,Kolkata,700017,55251013632.0,1791453600.0,337.1,346.05,358.8,330.0,48528197.0,320.6,16.5,5.1466,276.0,430.0,772.0,179.225,350.827,-13.72699,-0.039127517,335.773,1.3269958,0.003952062,61.100006,0.22137684,-92.899994,-0.2160465,276.0 - 430.0,2438539.0,6325708.0,2438539.0,58292242.0,163900959.0,163900959.0,0.64526004,0.14664,456889984.0,2.789,26991099904.0,96597811200.0,589.918,,,17828640768.0,-0.033,0.673,0.18457001,0.09917,0.0627,0.05909,153.454,2.1967497,81753440256.0,9.205353,12.416206,36.62,27.15,1.75,0.55,1787529600.0,0.0502,,2:1,0.846,5708089856.0,1738281600.0,0.383
2026-10-09T03:05:37.553451,NUVOCO.NS,Nuvoco Vistas Corporation Limited,Building Materials,Basic Materials,NSE,https://www.nuvoco.com,Mumbai,400070,114968567808.0,1791453588.0,321.9,324.1,328.7,320.6,142319.0,324.75,-2.850006,-0.8776001,276.25,439.85,577.9,260.25,332.469,-10.569,-0.03178943,325.32526,-3.4252625,-0.010528732,45.649994,0.16524884,-117.95001,-0.26815963,276.25 - 439.85,1714824.0,317076.0,1714824.0,99998323.0,357156153.0,357156153.0,0.72018,0.19537,962600000.0,2.693,49160998912.0,115942998016.0,324.812,,,73828900864.0,0.198,0.089,0.63677,0.16708,0.10953,0.03329,286.392,1.1239839,163247046656.0,29.77798,19.073927,10.81,16.87644,,0.0,,0.0,,,1.408,3859500032.0,,0.315
2026-10-09T03:05:37.553451,COHANCE.NS,Cohance Lifesciences Limited,Drug Manufacturers - Specialty & Generic,Healthcare,NSE,https://www.cohance.com,Hyderabad,500081,169261056000.0,1791453599.0,442.4,456.0,456.0,438.3,847607.0,455.45,-13.050018,-2.865302,266.7,917.85,1360.0,87.6,447.642,-5.2420044,-0.01171026,406.895,35.505005,0.0872584,175.69998,0.65879256,-475.44998,-0.518004,266.7 - 917.85,1115919.0,843380.0,1115919.0,138065943.0,382597330.0,382597330.0,0.6396,0.23045999,3259800064.0,8.514,4004900096.0,21415000064.0,55.951,,,15067299840.0,-0.968,-0.231,0.70359004,0.14797,-0.11457,0.04961,102.034,4.3358097,171346493440.0,162.05128,44.97347,2.73,9.83691,,0.0,1662681600.0,0.0,,2:1,8.001,1062300032.0,1600992000.0,0.618
2026-10-09T03:05:37.553451,PRAJIND.NS,Praj Industries Limited,Engineering & Construction,Industrials,NSE,https://www.praj.net,Pune,411057,53259841536.0,1791453598.0,289.75,300.0,301.95,286.7,763584.0,300.4,-10.649994,-3.545271,273.0,427.65,875.0,1.67,325.422,-35.671997,-0.10961766,334.17325,-44.42325,-0.13293478,16.75,0.06135531,-137.9,-0.32245994,273.0 - 427.65,764051.0,481808.0,764051.0,122980147.0,183813088.0,183813088.0,0.34366,0.26549,6120878080.0,33.299,1730449024.0,32435019776.0,176.424,,,11663611904.0,1.172,0.118,0.35959998,0.02668,0.0067000003,0.00928,71.22,4.0683794,48870694912.0,183.38608,27.531261,1.58,10.5244,3.6,1.2,1785974400.0,3.6585,0.87,2:1,1.507,301094016.0,1184716800.0,0.162
2026-10-09T03:05:37.553451,EXIDEIND.NS,Exide Industries Limited,Auto Parts,Consumer Cyclical,NSE,https://www.exideindustries.com,Kolkata,700020,335665004544.0,1791453599.0,394.9,402.8,406.95,392.85,1481210.0,402.95,-8.050018,-1.9977709,287.0,496.4,620.35,3.4,437.731,-42.830994,-0.09784775,375.87,19.029999,0.050629206,107.899994,0.37595817,-101.5,-0.2044722,287.0 - 496.4,3745066.0,1715496.0,3745066.0,416882500.0,850000000.0,850000000.0,0.50942004,0.23735,10820200448.0,12.73,15754000384.0,188286107648.0,221.499,,,59141300224.0,0.283,0.177,0.3141,0.10298,0.08672,0.04948,163.586,2.4140208,340862500864.0,36.76909,21.298985,10.74,18.54079,2.0,0.5,1783036800.0,0.365,0.64,10:1,1.81,9316700160.0,1157673600.0,0.582
2026-10-09T03:05:37.553451,OSWALPUMPS.NS,Oswal Pumps Limited,Electrical Equipment & Parts,Industrials,NSE,https://www.oswalpumps.com,Karnal,132037,29122549760.0,1791453595.0,255.45,263.0,264.35,254.55,296679.0,264.6,-9.150009,-3.4580534,254.55,790.0,888.4,254.55,288.681,-33.231003,-0.11511323,357.0035,-101.55351,-0.2844608,0.8999939,0.0035356272,-534.55,-0.6766456,254.55 - 790.0,559577.0,287374.0,559577.0,28401206.0,114004897.0,114004897.0,0.75655,0.03979,3908339968.0,35.281,2374820096.0,20240019456.0,186.958,,,7606880256.0,-0.431,-0.079,0.37583,0.22068001,0.14506,0.16573,155.498,1.6427864,26764662784.0,8.799518,8.788417,29.03,29.06667,,0.0,,0.0,,,1.322,3354330112.0,,
2026-10-09T03:05:37.553451,M&MFIN.NS,Mahindra & Mahindra Financial Services Limited,Credit Services,Financial Services,NSE,https://www.mahindrafinance.com,Mumbai,400 018,431478308864.0,1791453593.0,310.5,321.7,321.75,309.2,2187297.0,321.75,-11.25,-3.4965034,272.65,415.0,415.0,16.723997,365.53,-55.03,-0.15054852,339.63724,-29.137238,-0.08578929,37.850006,0.13882269,-104.5,-0.25180724,272.65 - 415.0,3617933.0,2024009.0,3617933.0,644037317.0,1389624195.0,1389624195.0,0.53635,0.37405998,21435099136.0,15.431,1147356053504.0,105309298688.0,75.77,,,90919403520.0,0.64,0.367,0.86336,0.0,0.43799,0.30887,191.766,1.6191608,1557775646720.0,13.751107,10.203699,22.58,30.43014,7.5,2.33,1783900800.0,0.2774,1.3,5:1,14.792,32526899200.0,1360886400.0,0.391
2026-10-09T03:05:37.553451,HERITGFOOD.NS,Heritage Foods Limited,Packaged Foods,Consumer Defensive,NSE,https://www.heritagefoods.in,Hyderabad,500033,35610464256.0,1791453600.0,383.75,399.65,401.95,380.5,265477.0,398.75,-15.0,-3.7617552,292.55,503.8,727.35,4.006187,382.828,0.9219971,0.0024083846,355.58325,28.166748,0.07921281,91.20001,0.31174165,-120.04999,-0.23828898,292.55 - 503.8,515028.0,229535.0,515028.0,42383645.0,92796000.0,92796000.0,0.54203,0.06898,2605240064.0,28.075,3614810112.0,47272488960.0,510.769,,,10558570496.0,-0.378,0.177,0.22336,0.05228,0.02638,0.028469998,118.897,3.2275834,36667965440.0,27.410715,18.44952,14.0,20.8,2.5,0.63,1784073600.0,0.171,0.74,2:1,0.776,1345629952.0,1507593600.0,0.335
2026-10-09T03:05:37.553451,MIDHANI.NS,Mishra Dhatu Nigam Limited,Steel,Basic Materials,NSE,https://www.midhani-india.in,Hyderabad,500058,82907316224.0,1791453594.0,442.55,453.8,457.55,437.05,655773.0,458.7,-16.150024,-3.5208247,266.65,482.4,547.5,86.05,424.886,17.664001,0.04157351,387.09476,55.45523,0.14326009,175.9,0.65966624,-39.850006,-0.082607806,266.65 - 482.4,1792055.0,1106918.0,1792055.0,48654273.0,187340000.0,187340000.0,0.74,0.07653,1922148992.0,10.272,4068492032.0,12776216576.0,68.295,,,7049118208.0,0.275,0.405,0.55174,0.19083999,0.08356,0.10564,81.811,5.4094195,84961525760.0,63.584766,35.785706,6.96,12.36667,2.5,0.55,1790121600.0,0.1179,0.48,,6.65,1349661952.0,,0.656
2026-10-09T03:05:37.553451,CYIENTDLM.NS,Cyient DLM Limited,Aerospace & Defense,Industrials,NSE,https://www.cyientdlm.com,Mysore,570 016,77880287232.0,1791453595.0,981.3,989.0,991.95,949.05,619319.0,988.3,-7.0,-0.708287,265.2,1014.65,1014.65,265.2,823.841,157.45898,0.19112788,507.82175,473.47824,0.93237096,716.1,2.700226,-33.350037,-0.032868512,265.2 - 1014.65,879475.0,450872.0,879475.0,38007609.0,79364396.0,79364396.0,0.5211,0.27069,1000329984.0,12.604,1722739968.0,13568579584.0,170.963,,,5244610048.0,1.181,0.343,0.38653,0.097370006,0.07509,0.060510002,127.527,7.694841,78602690560.0,94.90328,55.599056,10.34,17.64958,,0.0,,0.0,,,5.793,821040000.0,,0.424
2026-10-09T03:05:37.553451,EIHOTEL.NS,EIH Limited,Lodging,Consumer Cyclical,NSE,https://www.eihltd.com,Delhi,110054,182106046464.0,1791453594.0,291.2,294.0,296.0,290.25,133690.0,296.5,-5.299988,-1.7875171,271.15,405.0,502.2,12.392658,300.984,-9.783997,-0.0325067,316.285,-25.084991,-0.079311356,20.050018,0.07394438,-113.79999,-0.28098762,271.15 - 405.0,295863.0,441238.0,295863.0,197715140.0,625364182.0,625364182.0,0.70523,0.15276,10520620032.0,16.823,2524229888.0,30748119040.0,49.181,,,20189310976.0,2.463,0.145,0.65660006,0.34928,0.19716999,0.23142,84.147,3.4606106,175579906048.0,25.588753,19.609428,11.38,14.85,1.5,0.51,1785456000.0,0.1318,0.66,5:1,5.71,7115599872.0,1158019200.0,-0.232
2026-10-09T03:05:37.553451,SUNTECK.NS,Sunteck Realty Limited,Real Estate - Development,Real Estate,NSE,https://www.sunteckindia.com,Mumbai,400057,39882297344.0,1791453589.0,271.6,278.3,278.3,270.65,102431.0,278.15,-6.549988,-2.3548403,268.55,472.5,699.0,86.0,293.63,-22.029999,-0.075026385,330.588,-58.988007,-0.1784336,3.0500183,0.011357358,-200.9,-0.42518517,268.55 - 472.5,259931.0,114467.0,259931.0,54253430.0,146842025.0,146842025.0,0.63028,0.15180999,949833024.0,6.471,7741707776.0,11270864896.0,76.857,,,6121372160.0,0.263,0.017,0.54311,0.28714,0.32939997,0.18917,246.312,1.1026666,55270510592.0,18.692362,12.204471,14.53,22.25414,1.5,0.54,1789603200.0,0.103199996,0.36,2:1,4.904,2132130944.0,1500940800.0,0.848
2026-10-09T03:05:37.553451,TMPV.NS,Tata Motors Passenger Vehicles Limited,Auto Manufacturers,Consumer Cyclical,NSE,https://www.tatamotors.com,Mumbai,400 093,1005456850944.0,1791452699.0,273.0,283.45,284.35,273.0,7210414.0,283.0,-10.0,-3.5335689,272.2,688.6,1179.0,11.02834,313.452,-40.451996,-0.12905324,342.326,-69.32599,-0.20251453,0.7999878,0.0029389705,-415.59998,-0.6035434,272.2 - 688.6,9641603.0,13542654.0,9641603.0,2049721823.0,3682992140.0,3682992140.0,0.44088,0.26284,476639985664.0,129.438,852310032384.0,3473389912064.0,942.745,,,1614170030080.0,-0.803,-0.082,0.46472,0.03368,0.02688,0.22814,304.336,0.8970349,1471559106560.0,,5.757329,-8.85,47.41782,3.0,1.06,1781827200.0,0.3023,0.12,5:1,0.424,-33749999616.0,1315785600.0,0.842
2026-10-09T03:05:37.553451,SHILPAMED.NS,Shilpa Medicare Limited,Drug Manufacturers - Specialty & Generic,Healthcare,NSE,https://www.vbshilpa.com,Raichur,584135,200530051072.0,1791453603.0,1025.3,1077.5,1077.5,1016.0,677754.0,1071.2,-45.899902,-4.2849054,259.5,1095.0,1095.0,22.516666,900.701,124.59906,0.13833566,544.268,481.03204,0.88381463,765.80005,2.9510598,-69.69995,-0.063652925,259.5 - 1095.0,1697098.0,761232.0,1697098.0,95736293.0,195581816.0,195581816.0,0.55515,0.10896,451800000.0,2.311,6598600192.0,16831800320.0,86.032,,,11672299520.0,1.154,0.449,0.69347,0.28246,0.21697001,0.17665,132.457,7.7406254,206596915200.0,72.459366,49.1456,14.15,20.8625,0.6,0.06,1788480000.0,0.0475,0.29,2:1,12.274,2973299968.0,1759449600.0,0.349
2026-10-09T03:05:37.553451,ABCAPITAL.NS,Aditya Birla Capital Limited,Financial Conglomerates,Financial Services,NSE,https://www.adityabirlacapital.com,Mumbai,400013,1009313906688.0,1791452706.0,368.65,373.2,374.75,367.8,4607544.0,372.1,-3.4500122,-0.9271734,287.7,430.7,430.7,37.35,398.7,-30.050018,-0.07537,364.60474,4.0452576,0.011094912,80.94998,0.28136942,-62.05002,-0.14406784,287.7 - 430.7,3323608.0,3683417.0,3323608.0,900908732.0,2737864836.0,2737864836.0,0.68714994,0.15766,171203493888.0,65.355,1823427919872.0,343285301248.0,131.003,,,96483401728.0,0.391,0.314,0.28106,0.0,0.17869,0.119449995,131.406,2.8054273,2641384964096.0,24.031942,14.53148,15.34,25.36906,,0.0,,0.0,,,7.694,41005600768.0,,0.704
2026-10-09T03:05:37.553451,GODIGIT.NS,Go Digit General Insurance Limited,Insurance - Property & Casualty,Financial Services,NSE,https://www.godigit.com,Bengaluru,560095,241710284800.0,1791453600.0,261.45,264.75,266.4,260.0,280799.0,264.75,-3.2999878,-1.2464542,231.65,374.0,407.4,231.65,257.678,3.7720032,0.014638437,301.50125,-40.05124,-0.13283938,29.800018,0.12864242,-112.54999,-0.3009358,231.65 - 374.0,879149.0,1241136.0,879149.0,248986079.0,924499031.0,924499031.0,0.74514,0.16466999,2940699904.0,3.181,3500000000.0,101988696064.0,110.226,,,15180199936.0,-0.376,0.086,0.14884,0.06751,0.047399998,0.04828,50.686,5.1582294,242269569024.0,49.895042,29.63913,5.24,8.82111,,0.0,,0.0,,,2.375,4924100096.0,,0.224
2026-10-09T03:05:37.553451,VGUARD.NS,V-Guard Industries Limited,Electrical Equipment & Parts,Industrials,NSE,https://www.vguard.in,Kochi,682028,127506653184.0,1791453590.0,291.85,301.95,302.15,291.0,274637.0,302.15,-10.299988,-3.4088988,288.8,384.0,577.45,2.571428,322.802,-30.951996,-0.09588539,318.36176,-26.51175,-0.08327555,3.0500183,0.010561005,-92.149994,-0.23997395,288.8 - 384.0,1277045.0,373104.0,1277045.0,210967507.0,436891055.0,436891055.0,0.55438,0.30786,2396100096.0,5.486,1652600064.0,63103500288.0,143.805,,,22322300928.0,0.762,0.235,0.35374,0.087790005,0.09019,0.057800002,54.328,5.3719997,126737694720.0,35.205067,26.19561,8.29,11.14118,1.5,0.5,1785456000.0,0.18090001,0.43,7:5,2.008,3647300096.0,1489536000.0,0.024
2026-10-09T03:05:37.553451,JKPAPER.NS,JK Paper Limited,Paper & Paper Products,Basic Materials,NSE,https://jkpaper.com,New Delhi,110002,66607452160.0,1791453599.0,367.35,384.0,384.0,366.3,344306.0,384.5,-17.149994,-4.4603367,304.85,442.0,638.75,13.401874,397.429,-30.07898,-0.07568391,364.215,3.1350098,0.00860758,62.5,0.20501886,-74.649994,-0.16889139,304.85 - 442.0,689702.0,282699.0,689702.0,76819731.0,181318771.0,181318771.0,0.57611,0.109680004,5798300160.0,31.995,25775200256.0,73021603840.0,402.819,,,22937800704.0,0.496,0.127,0.31412,0.13484,0.10118,0.043390002,304.295,1.2072166,89209036800.0,21.03952,5.9731708,17.46,61.5,4.0,1.04,1787097600.0,0.2933,1.6,,1.222,3168399872.0,,0.303
2026-10-09T03:05:37.553451,VIPIND.NS,V.I.P. Industries Limited,Footwear & Accessories,Consumer Cyclical,NSE,https://www.vipindustries.co.in,Mumbai,400025,39093645312.0,1791453596.0,275.2,281.9,282.4,273.8,177296.0,281.1,-5.899994,-2.098895,273.8,447.3,774.6,3.34,302.246,-27.04599,-0.089483365,323.02576,-47.825745,-0.14805551,1.4000244,0.0051133106,-172.09998,-0.38475293,273.8 - 447.3,282756.0,192299.0,282756.0,66940512.0,142055391.0,142055391.0,0.12198,0.39545,942499968.0,6.635,7004899840.0,18750599168.0,132.086,,,6386699776.0,,0.03,0.34061,-0.18736,-0.07357,-0.20184,32.665,8.42492,45155069952.0,,97.12953,-27.65,2.83333,,0.0,1707264000.0,50.0,0.55,5:1,2.408,-3784699904.0,1320019200.0,0.09
2026-10-09T03:05:37.553451,TRIVENI.NS,Triveni Engineering & Industries Limited,Confectioners,Consumer Defensive,NSE,https://www.trivenigroup.com,Noida,201301,52415545344.0,1791453603.0,237.86,245.0,253.86,236.17,1140559.0,245.13,-7.2700043,-2.965775,220.05,490.1,536.0,10.35,256.0364,-18.176407,-0.070991494,351.78186,-113.92186,-0.32384235,17.809998,0.08093614,-252.24,-0.5146705,220.05 - 490.1,938934.0,780585.0,938934.0,72424588.0,220363016.0,220363016.0,0.67423,0.09725001,703400000.0,3.276,21610100736.0,63230799872.0,285.323,,,17097299968.0,-0.15,-0.011,0.27040002,0.09012,0.01381,0.042740002,151.72,1.5677564,71976640512.0,18.597342,11.775248,12.79,20.2,2.75,1.12,1788134400.0,0.32919997,0.82,5:2,1.138,2789799936.0,1118620800.0,0.373
2026-10-09T03:05:37.553451,IGIL.NS,International Gemological Institute Limited,Other Precious Metals & Mining,Basic Materials,NSE,https://www.igi.org,Mumbai,400051,132694622208.0,1791453600.0,307.05,318.7,319.45,305.6,415596.0,317.05,-10.0,-3.1540766,287.0,388.3,642.3,282.0,332.688,-25.638,-0.077063195,337.051,-30.001007,-0.08901029,20.049988,0.069860585,-81.25,-0.20924543,287.0 - 388.3,595206.0,449791.0,595206.0,95606690.0,432159696.0,432159696.0,0.76555,0.09403,5991399936.0,13.864,1427600000.0,13627410432.0,31.556,,,10494699520.0,0.32,0.232,0.77012,0.58283,0.56596,0.44739,34.432,8.917577,128130834432.0,22.510996,17.337662,13.64,17.71,5.1,1.61,1787529600.0,0.36310002,,,9.402,6096750080.0,,
2026-10-09T03:05:37.553451,FDC.NS,FDC Limited,Drug Manufacturers - Specialty & Generic,Healthcare,NSE,https://www.fdcindia.com,Mumbai,400053,52758605824.0,1791453599.0,324.05,328.3,330.0,321.4,113873.0,328.55,-4.5,-1.3696545,312.95,473.6,658.85,12.4,352.713,-28.663025,-0.081264436,374.19424,-50.144257,-0.13400595,11.099976,0.035468847,-149.55002,-0.31577283,312.95 - 473.6,184842.0,113062.0,184842.0,69181265.0,162810084.0,162810084.0,0.69941,0.07376,5227232768.0,32.115,154650000.0,21902131200.0,134.588,,,14748388352.0,0.093,0.03,0.67337996,0.16084999,0.19150999,0.13358,152.621,2.1232333,47671132160.0,18.022802,13.907725,17.98,23.3,10.0,3.04,1770768000.0,0.2779,1.14,2:1,2.177,2925616128.0,1083196800.0,0.195
2026-10-09T03:05:37.553451,AARTIDRUGS.NS,Aarti Drugs Limited,Drug Manufacturers - Specialty & Generic,Healthcare,NSE,https://www.aartidrugs.co.in,Mumbai,400 022,37785780224.0,1791453593.0,414.0,417.8,431.65,411.3,245907.0,417.55,-3.5499878,-0.8501947,318.95,534.0,1026.95,3.95,422.742,-8.742004,-0.02067929,387.29575,26.704254,0.06895055,95.04999,0.29800904,-120.0,-0.2247191,318.95 - 534.0,208149.0,259276.0,208149.0,35371689.0,91270000.0,91270000.0,0.59564,0.11075,242800000.0,2.66,5766400000.0,26775799808.0,293.418,,,10046499840.0,-0.069,0.19,0.37521,0.12547,0.11462,0.0714,169.788,2.438335,43313025024.0,19.951807,14.83871,20.75,27.9,2.0,0.48,1770595200.0,0.0955,0.24,4:1,1.618,1911800064.0,1601424000.0,0.311
2026-10-09T03:05:37.553451,IONEXCHANG.NS,Ion Exchange (India) Limited,Pollution & Treatment Controls,Industrials,NSE,https://www.ionexchangeglobal.com,Mumbai,400011,,1791453601.0,392.15,402.0,402.0,388.3,209907.0,402.4,-10.25,-2.547217,312.7,486.0,768.4,148.56,402.415,-10.265015,-0.025508529,384.85724,7.292755,0.018949248,79.44998,0.25407732,-93.850006,-0.19310701,312.7 - 486.0,709951.0,196180.0,709951.0,80888827.0,,,0.44041002,0.20228,3192699904.0,26.955,4821899776.0,30321100800.0,255.811,,,10752300032.0,-0.916,0.201,0.35461,0.058369998,0.01426,0.03235,112.936,3.4723206,48089837568.0,48.653843,,8.06,,1.25,0.31,1788134400.0,0.18129998,0.28,10:1,1.586,980800000.0,1686528000.0,0.384
2026-10-09T03:05:37.553451,SWANCORP.NS,Swan Corp Limited,Conglomerates,Industrials,NSE,https://www.swan.co.in,Mumbai,400001,81577156608.0,1791453600.0,260.25,271.85,271.85,254.4,1186950.0,271.85,-11.600006,-4.267061,254.4,493.6,809.8,49.5,294.255,-34.005005,-0.11556305,336.49075,-76.24075,-0.22657607,5.850006,0.022995308,-233.35,-0.47275123,254.4 - 493.6,1766459.0,874930.0,1766459.0,143582061.0,313456886.0,313456886.0,0.55617,0.18275,12897659904.0,41.147,22583410688.0,41717592064.0,127.914,,,599286016.0,,-0.164,0.01437,-0.05975,-0.03392,0.053590003,240.428,1.0824447,107846205440.0,38.328423,,6.79,,0.15,0.06,1787875200.0,0.0148,0.03,2:1,2.585,2235808000.0,1391385600.0,-0.154
2026-10-09T03:05:37.553451,BAJAJELEC.NS,Bajaj Electricals Limited,"Furnishings, Fixtures & Appliances",Consumer Cyclical,NSE,https://www.bajajelectricals.com,Mumbai,400013,33478623232.0,1791453599.0,290.05,299.15,300.15,289.05,141158.0,300.7,-10.650024,-3.5417438,289.05,560.95,1495.2009,24.395132,333.884,-43.834015,-0.13128516,358.06726,-68.01727,-0.1899567,1.0,0.003459609,-270.90002,-0.48293078,289.05 - 560.95,386355.0,138296.0,386355.0,46408991.0,115423636.0,115423636.0,0.62994,0.21400999,6334270976.0,54.894,16671111168.0,45050658816.0,389.075,,,13991797760.0,51.25,0.023,0.31058002,0.03786,0.04275,-0.00963,138.155,2.0994534,43805917184.0,,18.204515,-3.77,15.93286,3.0,1.0,1784246400.0,0.97089994,0.39,5:1,0.972,-433959008.0,1264636800.0,0.04
2026-10-09T03:05:37.553451,RECLTD.NS,REC Limited,Credit Services,Financial Services,NSE,https://www.recindia.nic.in,Gurugram,122001,,1791452700.0,295.0,300.1,301.35,292.9,4537164.0,298.9,-3.899994,-1.3047822,286.2,388.3,654.0,19.875,322.62,-27.619995,-0.085611545,345.24725,-50.247253,-0.14553991,8.799988,0.030747686,-93.29999,-0.24027811,286.2 - 388.3,5890090.0,10161593.0,5890090.0,1247135409.0,,,0.52646,0.23591,215720296448.0,81.909,5166743420928.0,232764407808.0,88.216,,,229435195392.0,-0.061,0.252,0.9857,0.0,0.96852994,0.6889,319.797,0.9224602,5727947587584.0,4.9183064,4.4318647,59.98,66.5634,13.6,4.55,1786665600.0,0.2468,5.07,4:3,24.608,160352206848.0,1660694400.0,0.336
2026-10-09T03:05:37.553451,HINDPETRO.NS,Hindustan Petroleum Corporation Limited,Oil & Gas Refining & Marketing,Energy,NSE,https://www.hindustanpetroleum.com,Mumbai,400020,694946824192.0,1791452699.0,326.6,342.5,342.75,326.05,12066249.0,343.15,-16.549988,-4.82296,316.2,508.45,508.45,13.046913,364.839,-38.238983,-0.10481057,390.281,-63.681,-0.16316704,10.399994,0.032890555,-181.85,-0.3576556,316.2 - 508.45,5207814.0,3979565.0,5207814.0,956214443.0,2127822517.0,2127822517.0,0.54997003,0.27989998,32777699328.0,15.404,559644278784.0,4693432467456.0,2205.645,,,303812804608.0,,0.269,0.06473,0.020299999,-0.12848,0.00356,308.041,1.0602485,1221807833088.0,41.6051,5.743252,7.85,56.86674,24.25,7.07,1786665600.0,1.9745,4.43,3:2,0.26,16712899584.0,1718928000.0,0.945
2026-10-09T03:05:37.553451,OPTIEMUS.NS,Optiemus Infracom Limited,Electronics & Computer Distribution,Technology,NSE,https://www.optiemus.com,Noida,201301,73652461568.0,1791453600.0,816.85,865.0,866.95,810.15,783876.0,861.9,-45.05005,-5.22683,288.0,924.9,924.9,14.4,630.215,186.63495,0.29614487,481.0735,335.7765,0.6979734,528.85,1.8362846,-108.05005,-0.11682349,288.0 - 924.9,856110.0,2178270.0,856110.0,23663054.0,90166450.0,90166450.0,0.72533,0.01607,418145984.0,4.715,3728220928.0,22162569216.0,251.312,,,2814503936.0,0.46,1.028,0.12699,0.042,0.02693,0.03279,87.569,9.328073,76209266688.0,105.946815,,7.71,,,0.0,1686096000.0,0.0,,,3.439,726640000.0,,0.208
2026-10-09T03:05:37.553451,SAREGAMA.NS,Saregama India Limited,Entertainment,Communication Services,NSE,https://www.saregama.com,Mumbai,400036,92495683584.0,1791453594.0,481.85,506.75,506.75,479.2,315577.0,503.75,-21.899994,-4.3473935,307.05,574.5,688.9,2.853996,504.989,-23.139008,-0.045820814,415.524,66.32602,0.1596202,174.80002,0.5692885,-92.649994,-0.16127066,307.05 - 574.5,611282.0,372116.0,611282.0,78877216.0,191959490.0,191959490.0,0.64698,0.10932,2170899968.0,11.326,725800000.0,10414499840.0,54.055,,,5400500224.0,0.416,0.275,0.51856,0.36012,0.26434,0.21314,86.666,5.5598507,90937769984.0,43.804546,30.789139,11.0,15.65,4.5,0.89,1762819200.0,0.39060003,0.84,10:1,8.732,2219699968.0,1650931200.0,0.646
2026-10-09T03:05:37.553451,MAHLIFE.NS,Mahindra Lifespace Developers Limited,Real Estate - Development,Real Estate,NSE,https://www.mahindralifespaces.com,Mumbai,400 018,73078390784.0,1791453596.0,342.1,351.1,353.65,339.1,201761.0,351.1,-9.0,-2.5633721,286.8,427.05,678.8,2.881378,368.697,-26.596985,-0.07213779,356.3265,-14.226501,-0.039925463,55.30002,0.19281736,-84.94998,-0.19892281,286.8 - 427.05,212734.0,128003.0,212734.0,100984489.0,213617034.0,213617034.0,0.52689,0.29799,5844769792.0,27.397,6622838784.0,21092626432.0,98.899,,0.12038,2828566016.0,0.365,29.095,0.1341,0.008880001,0.09295999,0.1576,170.002,2.0123293,73762807808.0,20.987732,19.405998,16.3,17.62857,3.5,1.0,1783036800.0,0.39060003,0.55,3:1,3.497,3324166912.0,1631577600.0,0.154
2026-10-09T03:05:37.553451,SKYGOLD.NS,Sky Gold and Diamonds Limited,Luxury Goods,Consumer Cyclical,NSE,https://skygold.co.in,Thane,400706,136985952256.0,1791453599.0,884.5,873.65,901.8,844.75,2676917.0,876.95,7.549988,0.86093706,285.0,901.8,901.8,20.64,785.739,98.76099,0.12569185,519.68976,364.81024,0.70197695,599.5,2.1035087,-17.299988,-0.01918384,285.0 - 901.8,1154508.0,1327325.0,1154508.0,64356286.0,154873884.0,154873884.0,0.54473996,0.13943,7980575232.0,51.541,8691079168.0,71764443136.0,464.837,,,6282635776.0,1.242,0.779,0.08755,0.07248,0.075619996,0.046680003,77.361,11.43341,137740533760.0,40.46203,22.151264,21.86,39.93,,0.0,1695168000.0,0.0,,10:1,1.919,3350159872.0,1734307200.0,0.103
2026-10-09T03:05:37.553451,SKIPPER.NS,Skipper Limited,Engineering & Construction,Industrials,NSE,https://www.skipperlimited.com,Kolkata,700017,63218126848.0,1791453590.0,517.5,539.0,540.0,515.2,813908.0,541.35,-23.849976,-4.405648,327.05,616.8,665.0,16.706055,548.351,-30.851013,-0.05626143,468.46774,49.032257,0.104665175,190.45001,0.58232695,-99.29999,-0.1609922,327.05 - 616.8,968740.0,521506.0,968740.0,41879126.0,122160635.0,122160635.0,0.65804,0.08586001,319420000.0,2.829,9477820416.0,56087920640.0,496.754,,,13321549824.0,0.254,0.045,0.23751,0.10487001,0.09004,0.04006,132.966,3.8919723,67584151552.0,27.2082,16.911764,19.02,30.6,0.1,0.02,1788825600.0,0.005,0.03,,1.205,2246860032.0,,0.658
2026-10-09T03:05:37.553451,JSFB.NS,Jana Small Finance Bank Limited,Banks - Regional,Financial Services,NSE,https://www.jana.bank.in,Bengaluru,560071,51037995008.0,1791453594.0,482.3,500.0,504.5,480.5,600830.0,500.1,-17.800018,-3.5592918,330.0,606.95,760.9,330.0,536.411,-54.111023,-0.10087605,454.191,28.108978,0.06188801,152.29999,0.46151513,-124.650024,-0.20537116,330.0 - 606.95,1072998.0,925662.0,1072998.0,40801478.0,105822096.0,105822096.0,0.48134,0.16734,25493508096.0,242.073,54967619584.0,29423618048.0,279.524,,,29423618048.0,0.522,0.251,0.0,0.0,0.1867,0.12906,424.582,1.1359407,80266649600.0,13.919191,7.092647,34.65,68.0,,0.0,,0.0,,,2.728,3797348096.0,,0.558
2026-10-09T03:05:37.553451,GUJGASLTD.NS,,,,,,,,,,,,,,,,,,,,,,,,,,,,,,,,,,,,,,,,,,,,,,,,,,,,,,,,,,,,,,,,,,,,,,,
2026-10-09T03:05:37.553451,MANYAVAR.NS,Vedant Fashions Limited,Apparel Manufacturing,Consumer Cyclical,NSE,https://www.vedantfashions.com,Kolkata,700015,119035191296.0,1791453600.0,489.9,500.95,510.7,486.15,135776.0,500.2,-10.300018,-2.05918,329.2,705.0,1512.0,329.2,530.777,-40.876984,-0.077013485,454.1565,35.7435,0.078703046,160.69998,0.488153,-215.1,-0.3051064,329.2 - 705.0,1228606.0,237338.0,1228606.0,60849165.0,242978548.0,242978548.0,0.74939,0.17878,5370480128.0,22.119,4575909888.0,14556539904.0,59.943,,,10227699712.0,0.149,0.072,0.70262,0.46505,0.29462,0.2651,80.943,6.0524073,118155214848.0,30.850126,26.460426,15.88,18.51444,7.75,1.55,1789948800.0,0.50380003,0.72,,8.117,3858970112.0,,-0.06
2026-10-09T03:05:37.553451,BSOFT.NS,Birlasoft Limited,Information Technology Services,Technology,NSE,https://www.birlasoft.com,Pune,411057,76008062976.0,1791453594.0,271.8,278.0,285.7,271.0,3155346.0,278.05,-6.25,-2.2477973,267.05,474.0,861.85,2.147738,293.971,-22.17102,-0.07541907,342.44226,-70.64227,-0.20628959,4.75,0.017786931,-202.20001,-0.4265823,267.05 - 474.0,1700602.0,1113570.0,1700602.0,165627041.0,279647056.0,279647056.0,0.40910998,0.27275,24427440128.0,87.395,1407410048.0,54044561408.0,192.979,,,21353590784.0,0.508,0.074,0.39511,0.16444,0.14749,0.10601,147.155,1.847032,52949778432.0,13.678912,11.188725,19.87,24.29231,6.5,2.34,1783641600.0,0.3186,1.19,2:1,0.98,5729200128.0,1331596800.0,0.375
2026-10-09T03:05:37.553451,ARVIND.NS,Arvind Limited,Textile Manufacturing,Consumer Cyclical,NSE,https://www.arvind.com,Ahmedabad,382345,133822291968.0,1791453600.0,510.5,528.1,528.1,500.45,1030830.0,529.3,-18.799988,-3.5518587,277.9,607.15,607.15,3.82242,547.914,-37.414,-0.068284445,448.18274,62.31726,0.13904431,232.6,0.8369918,-96.650024,-0.1591864,277.9 - 607.15,651709.0,488646.0,651709.0,152282160.0,262139640.0,262139640.0,0.40521,0.30902,3134000128.0,11.955,16595200000.0,97978302464.0,374.015,,,47327801344.0,0.005,0.247,0.48304,0.10479,0.05883,0.04227,154.291,3.308683,148256292864.0,33.497375,19.83074,15.24,25.74286,4.5,0.85,1788480000.0,0.2373,1.0,,1.513,4141499904.0,,0.186
2026-10-09T03:05:37.553451,GICRE.NS,General Insurance Corporation of India,Insurance - Reinsurance,Financial Services,NSE,https://www.gicre.in,Mumbai,400020,542285037568.0,1791453600.0,309.1,316.55,317.65,308.0,438515.0,316.55,-7.4499817,-2.353493,308.0,417.95,525.5,81.5,346.97,-37.869995,-0.10914487,369.32825,-60.22824,-0.1630751,1.1000061,0.0035714484,-108.850006,-0.26043785,308.0 - 417.95,743441.0,614766.0,743441.0,396500735.0,1754400000.0,1754400000.0,0.77397,0.16981001,296094498816.0,168.792,0.0,527719989248.0,300.856,0.03032,0.091079995,109087203328.0,-0.311,-0.008,0.20671,0.0,0.15095,0.16819,562.937,0.54908454,246127230976.0,6.108696,5.4252963,50.6,56.97385,13.25,4.19,1788480000.0,0.1976,2.11,2:1,0.466,88754601984.0,1531353600.0,0.334
2026-10-09T03:05:37.553451,INDIACEM.NS,The India Cements Limited,Building Materials,Basic Materials,NSE,https://www.indiacements.co.in,Chennai,600028,136943403008.0,1791453599.0,294.6,302.3,302.3,291.0,1138124.0,303.05,-8.449982,-2.788313,289.2,485.8,485.8,12.7,355.038,-60.43799,-0.17022963,392.0335,-97.4335,-0.2485336,5.399994,0.018672178,-191.19998,-0.39357758,289.2 - 485.8,238419.0,197658.0,238419.0,76758438.0,464845219.0,309896036.0,0.7523,0.11214,622187008.0,2.008,13048031232.0,44793724928.0,144.684,,,16116441088.0,,-0.005,0.35979,0.10373,0.08218,0.020650001,326.698,0.90175027,103721558016.0,98.85906,17.535715,2.98,16.8,,0.0,1663632000.0,0.0,0.48,,2.316,925096000.0,,0.303
2026-10-09T03:05:37.553451,THYROCARE.NS,Thyrocare Technologies Limited,Diagnostics & Research,Healthcare,NSE,https://www.thyrocare.com,Navi Mumbai,400703,79740010496.0,1791453600.0,501.0,515.5,515.5,498.0,869544.0,513.05,-12.049988,-2.3486967,342.55,662.0,1090.0,135.71666,576.759,-75.75897,-0.13135292,483.24725,17.752747,0.03673636,158.45001,0.46256027,-161.0,-0.24320242,342.55 - 662.0,740388.0,215432.0,740388.0,77959171.0,159161691.0,159161691.0,0.51183,0.22014,1898200064.0,11.926,506900000.0,8760299520.0,55.042,,,4815000064.0,0.318,0.243,0.54964,0.29833,0.26989,0.20125,36.786,13.619312,78355726336.0,45.46279,31.501509,11.02,15.904,9.33,1.82,1782172800.0,1.4857001,2.31,3:1,8.944,1763000064.0,1764288000.0,0.448
2026-10-09T03:05:37.553451,TSFINV.NS,TSF Investments Limited,Asset Management,Financial Services,NSE,https://tsfinvestments.com,Chennai,600002,87736041472.0,1791453589.0,397.55,409.6,409.6,396.3,86481.0,409.6,-12.050018,-2.941899,331.7,701.5,701.5,31.15237,428.51,-30.960022,-0.0722504,416.53375,-18.983765,-0.045575574,65.849976,0.19852269,-303.95,-0.43328583,331.7 - 701.5,80300.0,122294.0,80300.0,106592084.0,220691839.0,220691838.0,0.0,0.06046,14965999616.0,67.383,2346077952.0,11116743680.0,50.037,,,4170746880.0,-0.223,0.709,0.37518,0.20728001,0.21997,0.44553003,271.631,1.4635663,76285739008.0,18.144682,,21.91,,11.15,2.72,1783382400.0,0.5796,1.4,,6.862,4952813056.0,,0.455
2026-10-09T03:05:37.553451,MAXESTATES.NS,Max Estates Limited,Real Estate - Development,Real Estate,NSE,https://maxestates.in,Noida,201301,86983598080.0,1791453592.0,531.75,550.5,550.5,529.6,70271.0,550.5,-18.75,-3.4059947,305.45,652.8,698.75,242.75,511.207,20.543,0.040185284,433.125,98.625,0.22770563,226.29999,0.74087405,-121.04999,-0.18543197,305.45 - 652.8,214324.0,219930.0,214324.0,53974602.0,163579866.0,163579866.0,0.70018995,0.10042,10805031936.0,66.108,24087910400.0,2963161088.0,18.205,,,2880506880.0,-0.311,-0.001,0.97211,0.38414,0.35111,0.030150002,148.056,3.5915465,107607752704.0,728.4246,16.880953,0.73,31.5,,0.0,,0.0,,,36.315,89347000.0,,1.134
2026-10-09T03:05:37.553451,KOTAKBANK.NS,Kotak Mahindra Bank Limited,Banks - Regional,Financial Services,NSE,https://www.kotak.bank.in,Mumbai,400051,4327328448512.0,1791452700.0,435.0,440.0,440.0,432.95,22068737.0,440.0,-5.0,-1.1363636,345.5,453.2,460.38,0.26,409.61,25.390015,0.061985828,397.4325,37.567505,0.0945255,89.5,0.25904486,-18.200012,-0.040158898,345.5 - 453.2,15124264.0,33006325.0,15124264.0,7330445204.0,9947881278.0,9947881278.0,0.28406,0.47427,729322225664.0,73.325,1115291254784.0,712962932736.0,71.687,,,712962932736.0,0.225,0.21,0.0,0.0,0.34761003,0.28467,182.201,2.387473,4712681177088.0,21.566683,18.518147,20.17,23.49047,0.65,0.15,1784246400.0,0.024500001,0.08,5:1,6.61,202961731584.0,1768348800.0,0.33
2026-10-09T03:05:37.553451,FIVESTAR.NS,Five-Star Business Finance Limited,Credit Services,Financial Services,NSE,https://www.fivestargroup.in,Chennai,600010,148247265280.0,1791453597.0,502.2,507.0,509.9,500.0,444955.0,509.35,-7.149994,-1.4037486,338.15,666.0,943.75,338.15,531.598,-29.39801,-0.055301204,480.27924,21.920776,0.04564173,164.05002,0.4851398,-163.79999,-0.24594593,338.15 - 666.0,652133.0,803545.0,652133.0,212301867.0,295195658.0,295195658.0,0.26321,0.47522,22106103808.0,74.891,82605637632.0,23094558720.0,78.372,,,23004792832.0,0.018,0.08,0.99611,0.0,0.59126,0.47797,250.026,2.0085912,208736567296.0,13.431399,10.069579,37.39,49.87299,2.0,0.39,1785456000.0,0.0535,,,9.038,11038423040.0,,0.582
2026-10-09T03:05:37.553451,NTPC.NS,NTPC Limited,Utilities - Regulated Electric,Utilities,NSE,https://www.ntpc.co.in,New Delhi,110003,3003057700864.0,1791452699.0,309.7,316.0,316.4,308.45,12259016.0,316.75,-7.049988,-2.2257264,308.45,414.4,448.45,58.333332,332.053,-22.352997,-0.06731755,359.5725,-49.872498,-0.13869941,1.25,0.0040525207,-104.69998,-0.2526544,308.45 - 414.4,8674477.0,8487373.0,8674477.0,4335028757.0,9696666134.0,9696666134.0,0.53998,0.34986,80537796608.0,8.304,2710045720576.0,1910612426752.0,197.026,,,920597495808.0,0.118,0.078,0.48183,0.30857,0.21673,0.14531,209.444,1.4786769,5712902619136.0,10.817326,11.092058,28.63,27.92088,12.35,3.9,1788307200.0,0.309,2.97,6:5,2.99,277629698048.0,1552953600.0,0.354
2026-10-09T03:05:37.553451,BLUEJET.NS,Blue Jet Healthcare Limited,Biotechnology,Healthcare,NSE,https://www.bluejethealthcare.com,Thane,400705,89950494720.0,1791453603.0,518.55,543.95,543.95,516.0,316456.0,541.35,-22.799988,-4.211691,325.0,692.9,1027.8,319.5,577.516,-58.966003,-0.10210281,484.3065,34.2435,0.070706256,193.54999,0.59553844,-174.35004,-0.25162366,325.0 - 692.9,767870.0,369383.0,767870.0,46584140.0,173465425.0,173465425.0,0.76015997,0.05707,3234210048.0,18.645,421840000.0,8856760320.0,51.043,,,4862289920.0,-0.143,-0.174,0.54899,0.30552998,0.31172,0.26523,78.397,6.614411,87138123776.0,39.949924,26.599686,12.98,19.49459,1.2,0.22,1789084800.0,0.088599995,,,9.839,2349100032.0,,0.641
2026-10-09T03:05:37.553451,RHIM.NS,RHI Magnesita India Limited,Metal Fabrication,Industrials,NSE,https://www.rhimagnesitaindia.com,Gurugram,122002,75806670848.0,1791453588.0,367.1,370.0,370.05,362.9,602781.0,369.45,-2.350006,-0.6360823,323.05,499.6,892.9,22.85,381.667,-14.566986,-0.038166743,398.862,-31.761993,-0.07963154,44.05002,0.13635667,-132.5,-0.26521218,323.05 - 499.6,837421.0,415916.0,837421.0,72209018.0,206501426.0,206501426.0,0.57609004,0.15443,3907262976.0,22.921,4484449792.0,40735969280.0,206.151,,,16287509504.0,1.216,0.056,0.39983,0.11753,0.08676,-0.0868,172.419,2.1291156,63156404224.0,,20.68169,-17.12,17.75,2.5,0.68,1789084800.0,0.3012,0.45,,1.55,-3535979008.0,,0.353
2026-10-09T03:05:37.553451,BIOCON.NS,Biocon Limited,Biotechnology,Healthcare,NSE,https://www.biocon.com,Bengaluru,560100,573213900800.0,1791452700.0,350.0,360.5,361.15,347.2,2135141.0,360.0,-10.0,-2.777778,337.7,447.15,487.75,14.166666,400.935,-50.934998,-0.12704054,393.7505,-43.75049,-0.111112215,12.299988,0.036422823,-97.149994,-0.21726489,337.7 - 447.15,4336788.0,2775119.0,4336788.0,819357366.0,1637753969.0,1637753969.0,0.48115003,0.30479,38831001600.0,23.977,154340999168.0,173210992640.0,117.852,,,105980002304.0,2.346,0.1,0.61185,0.20687,0.06914,0.0286,210.137,1.6655802,708234575872.0,106.38298,31.928364,3.29,10.96204,0.5,0.14,1783036800.0,0.1471,0.18,2:1,4.089,4952999936.0,1560297600.0,0.318
2026-10-09T03:05:37.553451,HAPPSTMNDS.NS,Happiest Minds Technologies Limited,Information Technology Services,Technology,NSE,https://www.happiestminds.com,Bengaluru,560068,45108633600.0,1791453603.0,300.2,304.6,315.6,299.0,1112218.0,304.6,-4.399994,-1.4445153,299.0,531.0,1580.0,300.0,363.991,-63.790985,-0.1752543,376.4075,-76.20749,-0.20246007,1.2000122,0.0040134187,-230.79999,-0.43465158,299.0 - 531.0,1940856.0,427112.0,1940856.0,83101327.0,150261936.0,150261936.0,0.46016,0.07955,19671599104.0,130.659,17525100544.0,23937200128.0,159.019,,0.13317999,7871099904.0,0.182,0.143,0.32882,0.16268,0.1511,0.0932,117.929,2.5455995,43050647552.0,20.283785,13.935012,14.8,21.54286,7.3,2.4,1784246400.0,0.42229998,0.64,,1.798,2230899968.0,,0.079
2026-10-09T03:05:37.553451,KPIGREEN.NS,KPI Green Energy Limited,Utilities - Renewable,Utilities,NSE,https://kpigreenenergy.com,Surat,395007,63897464832.0,1791453598.0,323.25,333.0,333.0,318.15,882247.0,334.45,-11.200012,-3.3487852,271.9,542.25,745.3333,12.922222,326.305,-3.0549927,-0.009362384,390.0405,-66.7905,-0.1712399,51.350006,0.18885623,-219.0,-0.40387276,271.9 - 542.25,1797133.0,3004866.0,1797133.0,89311727.0,197671968.0,197671968.0,0.54687,0.049879998,7581110784.0,38.43,51969515520.0,27868073984.0,131.871,,,13408519168.0,-0.177,0.151,0.48114,0.35961,0.28053,0.16427,153.697,2.103164,110549213184.0,13.993506,,23.1,,1.0,0.3,1790035200.0,0.028099999,0.08,3:2,3.967,4577967104.0,1735862400.0,0.599
2026-10-09T03:05:37.553451,NATIONALUM.NS,National Aluminium Company Limited,Aluminum,Basic Materials,NSE,https://nalcoindia.com,Bhubaneswar,751013,575049433088.0,1791452706.0,313.1,321.4,322.0,311.1,5003758.0,321.3,-8.199982,-2.5521264,221.37,445.15,445.15,6.0,369.303,-56.203003,-0.15218669,376.78476,-63.684753,-0.16902158,91.73001,0.41437417,-132.04999,-0.29664156,221.37 - 445.15,6580979.0,5634172.0,6580979.0,893958601.0,1836631787.0,1836631787.0,0.51278,0.21827999,87006699520.0,47.388,598300032.0,193384906752.0,105.31,,,137963094016.0,0.911,0.393,0.71341,0.47417998,0.47623003,0.34908,117.649,2.6613061,488461565952.0,8.517411,8.066494,36.76,38.81488,4.0,1.24,1787529600.0,0.3536,3.38,2:1,2.526,67506700288.0,1300147200.0,0.736
2026-10-09T03:05:37.553451,SUMICHEM.NS,Sumitomo Chemical India Limited,Agricultural Inputs,Basic Materials,NSE,https://www.sumichem.co.in,Mumbai,400063,205348552704.0,1791453590.0,411.4,421.9,426.4,409.5,148576.0,421.95,-10.550018,-2.5003004,362.6,572.05,665.0,151.05,491.457,-80.05701,-0.16289727,454.122,-42.722015,-0.094076075,48.799988,0.13458353,-160.65,-0.28083208,362.6 - 572.05,484545.0,316489.0,484545.0,122470398.0,499145736.0,499145736.0,0.75462997,0.096920006,12887329792.0,25.819,633000000.0,32448819200.0,65.007,,,13574960128.0,0.204,0.006,0.41834998,0.20333,0.20319,0.17858,67.909,6.0581074,193135362048.0,35.43497,28.18451,11.61,14.59667,1.3,0.31,1784246400.0,0.1034,0.28,,5.952,5794549760.0,,0.207
2026-10-09T03:05:37.553451,CSBBANK.NS,CSB Bank Limited,Banks - Regional,Financial Services,NSE,https://www.csb.bank.in,Thrissur,680020,51139862528.0,1791453590.0,301.75,305.15,306.55,299.65,352293.0,306.5,-4.75,-1.5497553,295.0,574.4,574.4,95.6,323.478,-21.727997,-0.067169935,372.0245,-70.274506,-0.18889752,6.75,0.022881355,-272.65002,-0.47466925,295.0 - 574.4,653077.0,376476.0,653077.0,95588489.0,169477587.0,169477587.0,0.52357,0.18292,40967999488.0,236.186,71544397824.0,27577399296.0,158.957,,,27577399296.0,0.265,0.169,0.0,0.0,0.30642,0.241,282.129,1.0695462,82916941824.0,7.876533,5.362855,38.31,56.26667,,0.0,,0.0,,,3.007,6646199808.0,,0.306
2026-10-09T03:05:37.553451,KALYANKJIL.NS,Kalyan Jewellers India Limited,Luxury Goods,Consumer Cyclical,NSE,https://www.kalyanjewellers.net,Thrissur,680002,571627667456.0,1791452700.0,553.5,571.8,573.0,552.7,6138352.0,569.0,-15.5,-2.7240775,327.05,648.95,795.4,55.05,591.229,-37.729004,-0.063814536,458.336,95.164,0.20762934,226.45001,0.6924018,-95.45001,-0.14708376,327.05 - 648.95,21920524.0,8728761.0,21920524.0,365138905.0,1032750972.0,1032750972.0,0.62861997,0.20838,8609130496.0,8.346,61173379072.0,390633127936.0,378.372,,,49600118784.0,0.316,0.457,0.12697,0.060760003,0.04887,0.036730003,61.161,9.049885,623528968192.0,41.03039,28.590067,13.49,19.35987,2.5,0.44,1789084800.0,0.1083,,,1.596,14349760512.0,,-0.205
2026-10-09T03:05:37.553451,LTFOODS.NS,LT Foods Limited,Packaged Foods,Consumer Defensive,NSE,https://ltfoods.com,Gurugram,122001,140793708544.0,1791453601.0,405.45,418.4,420.35,404.15,250559.0,418.2,-12.75,-3.0487804,333.15,490.7,518.55,2.55,426.576,-21.125977,-0.049524534,400.17926,5.270752,0.013170977,72.30002,0.21701942,-85.25,-0.1737314,333.15 - 490.7,1292307.0,400384.0,1292307.0,134235074.0,347252944.0,347252944.0,0.61607,0.16033001,3370537984.0,9.701,16100460544.0,116740292608.0,336.191,,,38459265024.0,0.089,0.264,0.32944,0.1112,0.09151,0.05485,51.326,7.899505,153597542400.0,22.676176,13.403306,17.88,30.25,4.0,0.96,1789689600.0,0.1627,0.66,10:1,1.316,6403254784.0,1486425600.0,0.393
2026-10-09T03:05:37.553451,ELECON.NS,Elecon Engineering Company Limited,Specialty Industrial Machinery,Industrials,NSE,https://www.elecon.com,Vallabh Vidya Nagar,388120,93563559936.0,1791453600.0,416.95,442.4,442.4,415.1,719004.0,441.25,-24.299988,-5.5070796,352.0,608.85,739.1,8.1,434.108,-17.15799,-0.0395247,451.604,-34.65399,-0.07673535,64.95001,0.18451709,-191.89996,-0.31518432,352.0 - 608.85,1198610.0,1341230.0,1198610.0,82305406.0,224399930.0,224399930.0,0.63161,0.11399999,8400399872.0,37.435,2726500096.0,23960399872.0,106.812,,,10003699712.0,-0.598,0.061,0.41751,0.18566999,0.15245,0.09852,102.756,4.057671,87889649664.0,41.904526,19.038815,9.95,21.9,2.0,0.45,1781222400.0,0.1901,0.28,2:1,3.668,2360600064.0,1721347200.0,0.513
2026-10-09T03:05:37.553451,TATAPOWER.NS,The Tata Power Company Limited,Utilities - Independent Power Producers,Utilities,NSE,https://www.tatapower.com,Mumbai,400 009,1072515710976.0,1791452700.0,335.65,347.0,347.75,334.0,6292977.0,345.15,-9.5,-2.7524264,334.0,464.9,494.85,4.2702,367.046,-31.395996,-0.08553696,385.5955,-49.945496,-0.12952821,1.6499939,0.0049401014,-129.25,-0.27801678,334.0 - 464.9,4251230.0,5011762.0,4251230.0,1680205394.0,3195339547.0,3195339547.0,0.48708,0.203,150506897408.0,47.102,799033196544.0,634447790080.0,198.48,,,226564096000.0,0.109,0.056,0.35709998,0.20766,0.14453,0.060890004,123.543,2.7168677,1801750577152.0,27.808617,20.382324,12.07,16.4677,2.5,0.72,1782172800.0,0.20709999,0.62,10:1,2.84,38632599552.0,1316995200.0,0.389
2026-10-09T03:05:37.553451,CELLO.NS,Cello World Limited,"Furnishings, Fixtures & Appliances",Consumer Cyclical,NSE,https://corporate.celloworld.com,Mumbai,400063,82986508288.0,1791453603.0,375.7,386.8,391.0,373.65,1867133.0,390.65,-14.949982,-3.8269506,314.0,673.8,1025.0,314.0,348.28,27.420013,0.07872979,404.37625,-28.676239,-0.070914745,61.700012,0.19649686,-298.09998,-0.44241613,314.0 - 673.8,1435913.0,3914495.0,1435913.0,43141056.0,220885034.0,220885034.0,0.73452,0.15783,7254198784.0,32.842,381135008.0,23222616064.0,102.9,,,11376890880.0,-0.018,-0.003,0.48991,0.19898,0.17486,0.13963,122.278,3.072507,76113444864.0,26.835714,19.266666,14.0,19.5,1.5,0.38,1785456000.0,0.1025,,,3.278,3242576896.0,,0.27
2026-10-09T03:05:37.553451,ARVINDFASN.NS,Arvind Fashions Limited,Apparel Retail,Consumer Cyclical,NSE,https://www.arvindfashions.com,Bengaluru,560 001,52435333120.0,1791453589.0,392.1,398.0,400.25,389.15,236091.0,397.95,-5.850006,-1.4700354,366.2,569.0,809.62354,107.40195,434.856,-42.75598,-0.09832216,449.757,-57.656982,-0.12819585,25.899994,0.07072636,-176.9,-0.3108963,366.2 - 569.0,266811.0,232882.0,266811.0,81905908.0,133729489.0,133704800.0,0.37323,0.29461,639100032.0,4.808,13358799872.0,54373801984.0,407.854,,,29703800832.0,-0.234,0.155,0.54629004,0.14373,0.06313,0.02199,70.718,5.544557,67005026304.0,43.373894,22.121298,9.04,17.725,1.6,0.4,1786060800.0,0.177,,,1.232,1209200000.0,,0.122
2026-10-09T03:05:37.553451,POONAWALLA.NS,Poonawalla Fincorp Limited,Credit Services,Financial Services,NSE,https://poonawallafincorp.com,Mumbai,400018,383553503232.0,1791453603.0,437.9,448.0,449.15,433.25,1123393.0,448.9,-11.0,-2.4504344,361.2,544.8,570.4,3.8,466.228,-28.328003,-0.060759977,438.61874,-0.71875,-0.0016386668,76.69998,0.21234767,-106.899994,-0.19621879,361.2 - 544.8,1241180.0,1032624.0,1241180.0,322597152.0,875892904.0,875892904.0,0.60686,0.20135,6262600192.0,7.751,484357996544.0,34718498816.0,42.579,,,34672701440.0,3.37,1.003,0.99867994,0.0,0.38981998,0.22666,128.074,3.419117,831913197568.0,47.340538,17.943954,9.25,24.40376,,0.0,1706659200.0,0.0,0.74,5:1,23.962,7869199872.0,1281657600.0,0.3
2026-10-09T03:05:37.553451,THELEELA.NS,Leela Palaces Hotels & Resorts Limited,Lodging,Consumer Cyclical,NSE,https://www.theleela.com,Mumbai,400070,196016586752.0,1791453600.0,586.95,604.45,605.5,584.05,253791.0,602.45,-15.5,-2.5728276,384.5,607.25,607.25,382.5,536.988,49.962036,0.093041256,462.01425,124.93576,0.2704154,202.45001,0.526528,-20.299988,-0.033429373,384.5 - 607.25,506163.0,561924.0,506163.0,76676564.0,333957878.0,333957878.0,0.75907,0.12485,3349169920.0,10.021,18109509632.0,16044560384.0,47.919,,,11720590336.0,3.867,0.281,0.73050004,0.48299998,0.31457,0.27621,192.916,3.042516,211420594176.0,32.392384,31.999142,18.12,18.34268,,0.0,,0.0,,,13.177,4431640064.0,,
2026-10-09T03:05:37.553451,EMUDHRA.NS,eMudhra Limited,Software - Application,Technology,NSE,https://www.emudhra.com,Bengaluru,562149,46756610048.0,1791453599.0,569.9,606.3,606.3,561.2,579374.0,605.5,-35.599976,-5.8794346,364.55,688.35,1024.0,206.8,557.151,12.749023,0.022882529,494.6415,75.258514,0.15214759,205.35004,0.56329733,-118.44995,-0.17207809,364.55 - 688.35,974688.0,589835.0,974688.0,26038976.0,82043531.0,82043531.0,0.67609,0.09514,1085629952.0,13.232,287760000.0,7449959936.0,90.632,,,2514729984.0,0.293,0.295,0.33755,0.22850001,0.19729,0.15444,111.055,5.131692,45973307392.0,43.57034,26.882076,13.08,21.2,1.25,0.21,1781740800.0,0.089899994,0.22,,6.171,1150540032.0,,0.161
2026-10-09T03:05:37.553451,USHAMART.NS,Usha Martin Limited,Steel,Basic Materials,NSE,https://www.ushamartin.com,Kolkata,700071,153402523648.0,1791453600.0,503.95,519.0,519.0,499.8,509888.0,520.25,-16.299988,-3.1331067,380.0,542.6,542.6,4.15,503.138,0.8120117,0.0016138946,463.8795,40.070526,0.08638133,123.95001,0.32618424,-38.649963,-0.071231045,380.0 - 542.6,762012.0,659948.0,762012.0,126374916.0,304400280.0,304400280.0,0.40173,0.2683,4767499776.0,15.662,2285700096.0,38368698368.0,126.028,,,19131500544.0,0.408,0.164,0.49862,0.19978,0.16892,0.13215,108.473,4.645857,150922330112.0,28.863117,22.127333,17.46,22.775,3.75,0.72,1786579200.0,0.1718,0.79,,3.933,5319300096.0,,0.332
2026-10-09T03:05:37.553451,EMAMILTD.NS,Emami Limited,Household & Personal Products,Consumer Defensive,NSE,https://www.emamiltd.in,Kolkata,700107,157623697408.0,1791453603.0,367.25,373.85,376.6,366.1,510953.0,375.45,-8.200012,-2.1840491,361.15,556.15,860.0,30.0,387.35,-20.100006,-0.05189107,427.9415,-60.691498,-0.14182195,6.100006,0.016890505,-188.90002,-0.3396566,361.15 - 556.15,1456081.0,2285317.0,1456081.0,191025495.0,429200000.0,429200000.0,0.59402,0.2891,9032932352.0,20.694,1619223040.0,39146340352.0,89.725,,,26590867456.0,-0.162,0.149,0.67927,0.24609,0.1765,0.19117,66.987,5.482407,152875499520.0,21.413994,18.295774,17.15,20.07294,10.0,2.66,1770681600.0,0.5831,1.66,2:1,3.905,7483515904.0,1529539200.0,0.131
2026-10-09T03:05:37.553451,BERGEPAINT.NS,Berger Paints India Limited,Specialty Chemicals,Basic Materials,NSE,https://www.bergerpaints.com,Kolkata,700156,545631043584.0,1791453600.0,467.95,465.9,471.0,462.45,545342.0,463.9,4.0500183,0.873037,391.1,594.55,727.4583,1.488095,494.252,-26.302002,-0.053215772,485.3295,-17.379486,-0.035809662,76.850006,0.19649707,-126.599976,-0.21293412,391.1 - 594.55,387750.0,395298.0,387750.0,115189418.0,1166002812.0,1166002812.0,0.75598997,0.15586,12799399936.0,10.977,6351300096.0,122632396800.0,105.182,,,50143498240.0,0.285,0.12,0.40889,0.14864,0.14074,0.099209994,59.315,7.889236,539320320000.0,44.439697,36.18241,10.53,12.93308,4.0,0.86,1785888000.0,0.36400002,0.54,6:5,4.398,12165799936.0,1695340800.0,0.451
2026-10-09T03:05:37.553451,VBL.NS,Varun Beverages Limited,Beverages - Non-Alcoholic,Consumer Defensive,NSE,https://www.varunbeverages.com,Gurugram,122002,1461237710848.0,1791452700.0,432.0,442.0,442.0,428.95,4359257.0,440.75,-8.75,-1.9852525,381.0,555.8,681.12,20.148148,426.965,5.0350037,0.011792544,462.43225,-30.432251,-0.0658091,51.0,0.13385826,-123.79999,-0.22274198,381.0 - 555.8,6498945.0,5841778.0,6498945.0,1309997120.0,3382494644.0,3382494644.0,0.60586,0.22830999,25684049920.0,7.594,34835341312.0,241264951296.0,71.374,0.09782,0.16853,133792243712.0,0.157,0.204,0.55454,0.23136,0.24119,0.14035,64.366,6.7116184,1472119832576.0,44.08163,36.987694,9.8,11.67956,2.0,0.45,1785456000.0,0.1499,0.22,5:2,6.102,33861289984.0,1726099200.0,0.286
2026-10-09T03:05:37.553451,SYNGENE.NS,Syngene International Limited,Diagnostics & Research,Healthcare,NSE,https://www.syngeneintl.com,Bengaluru,560099,139266097152.0,1791453594.0,346.0,363.7,363.7,345.2,333709.0,360.3,-14.299988,-3.9689116,345.2,678.95,960.6,147.5,389.009,-43.009003,-0.11056043,437.49225,-91.49225,-0.20912884,0.7999878,0.0023174617,-332.95,-0.4903896,345.2 - 678.95,985099.0,366942.0,985099.0,178735909.0,402503158.0,402503158.0,0.52819,0.38376,12890999808.0,31.511,4584000000.0,36002000896.0,89.068,,,24480999424.0,,-0.158,0.67999,0.24004,0.03899,0.061389998,120.405,2.8736348,133238456320.0,65.65465,32.46226,5.27,10.65853,1.25,0.35,1782345600.0,0.22770001,0.11,2:1,3.701,2209999872.0,1560211200.0,0.067
2026-10-09T03:05:37.553451,ASKAUTOLTD.NS,ASK Automotive Limited,Auto Parts,Consumer Cyclical,NSE,https://askbrake.com,Gurugram,122050,117220982784.0,1791453600.0,594.6,628.75,628.75,588.0,217462.0,626.55,-31.950012,-5.0993557,375.3,687.7,687.7,240.1,627.26,-32.660034,-0.052067775,491.23175,103.368225,0.2104266,219.29999,0.5843325,-93.10004,-0.13537885,375.3 - 687.7,786327.0,327316.0,786327.0,47322110.0,197142600.0,197142600.0,0.7495,0.20007999,129000000.0,0.654,6790099968.0,46431399936.0,235.578,,,15096800256.0,0.29,0.524,0.32514,0.12153,0.09380999,0.06814,66.505,8.940681,123882086400.0,39.041367,26.583614,15.23,22.36716,1.85,0.3,1785456000.0,0.0935,,,2.668,3163699968.0,,-0.207
2026-10-09T03:05:37.553451,GNFC.NS,Gujarat Narmada Valley Fertilizers & Chemicals Limited,Chemicals,Basic Materials,NSE,https://www.gnfc.in,Bharuch,392015,88054210560.0,1791453594.0,599.25,618.0,618.05,597.1,392692.0,618.2,-18.950012,-3.065353,365.0,636.0,912.0,23.0,578.047,21.203003,0.036680415,502.21875,97.03125,0.19320515,234.25,0.6417808,-36.75,-0.05778302,365.0 - 636.0,786577.0,958341.0,786577.0,83288708.0,146940683.0,146940683.0,0.43472,0.16691,18040000512.0,122.695,60000000.0,84099997696.0,572.026,,,25579999232.0,2.756,0.398,0.30416,0.14764,0.14164,0.12331,620.096,0.9663826,70128386048.0,8.763528,9.558941,68.38,62.69,21.0,3.4,1788912000.0,0.255,2.31,,0.834,10369999872.0,,0.294
2026-10-09T03:05:37.553451,APOLLOTYRE.NS,Apollo Tyres Limited,Auto Parts,Consumer Cyclical,NSE,https://www.apollotyres.com,Gurugram,122001,254107926528.0,1791453593.0,401.7,406.25,406.85,398.65,400578.0,407.6,-5.899994,-1.447496,365.3,540.5,584.9,6.7,424.767,-23.066986,-0.054305032,435.89526,-34.19525,-0.07844832,36.400024,0.0996442,-138.79999,-0.25679925,365.3 - 540.5,838983.0,979381.0,838983.0,302203081.0,632581334.0,632581334.0,0.4966,0.34217,11051230208.0,17.47,36752297984.0,293076303872.0,464.623,,,126497988608.0,26.6,0.128,0.43162,0.12572,0.06451,0.05829,264.237,1.5202262,279808999424.0,14.88329,11.979262,26.99,33.53295,6.0,1.47,1783641600.0,0.315,1.16,10:1,0.955,17084099584.0,1187308800.0,0.172
2026-10-09T03:05:37.553451,ABDL.NS,Allied Blenders and Distillers Limited,Beverages - Wineries & Distilleries,Consumer Defensive,NSE,https://www.abdindia.com,Mumbai,400 013,193964998656.0,1791453603.0,693.45,699.8,714.8,680.85,845048.0,694.25,-0.7999878,-0.11523051,382.1,753.8,753.8,279.0,637.436,56.014038,0.08787398,559.738,133.71204,0.23888327,311.35,0.81483907,-60.349976,-0.080060996,382.1 - 753.8,633634.0,1116419.0,633634.0,58887378.0,279710151.0,279710151.0,0.78959,0.04937,1346532992.0,4.814,11505278976.0,39788580864.0,142.295,,,18142590976.0,-0.129,0.061,0.45597,0.13609,0.09467,0.05554,59.442,11.665994,204354387968.0,88.56322,44.451923,7.83,15.6,5.4,0.78,1782345600.0,0.6896,,,5.136,2209796096.0,,0.75
2026-10-09T03:05:37.553451,DELHIVERY.NS,Delhivery Limited,Integrated Freight & Logistics,Industrials,NSE,https://www.delhivery.com,Gurugram,122001,297469870080.0,1791452692.0,397.0,397.5,406.1,393.0,2102790.0,398.15,-1.1499939,-0.28883433,374.45,524.0,708.0,236.53,445.217,-48.21701,-0.108300015,445.89575,-48.895752,-0.10965736,22.549988,0.060221624,-127.0,-0.24236642,374.45 - 524.0,3343963.0,3368721.0,3343963.0,616728140.0,749294369.0,749294369.0,0.16723,0.56503,19824910336.0,26.718,14625710080.0,111450357760.0,149.129,,,94641733632.0,-0.65,0.278,0.84918,0.025090002,-0.01606,0.00839,129.789,3.0588107,289374797824.0,328.09915,36.468086,1.21,10.88623,,0.0,,0.0,,,2.596,935360000.0,,0.178
2026-10-09T03:05:37.553451,MSTCLTD.NS,MSTC Limited,Conglomerates,Industrials,NSE,https://www.mstcindia.co.in,Kolkata,700156,47055360000.0,1791453600.0,668.4,707.85,710.05,665.0,195968.0,698.75,-30.349976,-4.3434668,362.15,805.0,1165.0,73.1,695.247,-26.846985,-0.03861503,546.20575,122.194275,0.22371474,306.25003,0.8456442,-136.59998,-0.16968942,362.15 - 805.0,330822.0,202558.0,330822.0,24034064.0,70400000.0,70400000.0,0.64745003,0.03399,13275807744.0,188.581,1450019968.0,3864702976.0,54.911,,,3864702976.0,0.376,0.217,1.0,0.61197,0.5812,0.60627997,128.408,5.205283,35228602368.0,20.992462,,31.84,,15.7,2.25,1789603200.0,0.2283,2.7,,9.115,2343106048.0,,0.605
2026-10-09T03:05:37.553451,ZYDUSWELL.NS,Zydus Wellness Limited,Packaged Foods,Consumer Defensive,NSE,https://www.zyduswellness.com,Ahmedabad,382481,157744070656.0,1791453590.0,495.8,503.65,507.55,492.5,91265.0,507.55,-11.75,-2.315043,367.55,611.85,611.85,39.02,526.642,-30.842041,-0.05856358,489.876,5.9239807,0.012092817,128.25,0.34893212,-116.04999,-0.18967065,367.55 - 611.85,414718.0,157280.0,414718.0,93081100.0,318160720.0,318160720.0,0.69852996,0.21284,1148999936.0,3.611,32028000256.0,45370998784.0,142.631,,,28413999104.0,-0.07,0.669,0.62626,0.12502,0.12874,0.041479997,183.115,2.707588,188623077376.0,83.75,30.62857,5.92,16.1875,1.2,0.24,1784246400.0,0.2027,0.28,5:1,4.157,1882000000.0,1758153600.0,-0.101
2026-10-09T03:05:37.553451,TANLA.NS,Tanla Platforms Limited,Software - Application,Technology,NSE,https://www.tanla.com,Hyderabad,500081,65147224064.0,1791453594.0,493.35,491.0,501.0,488.25,367677.0,494.55,-1.1999817,-0.24264112,365.9,726.8,2096.75,2.4,535.694,-42.343964,-0.079045065,506.6455,-13.295502,-0.026242217,127.45001,0.34831926,-233.44998,-0.32120252,365.9 - 726.8,1105367.0,314940.0,1105367.0,58575761.0,132050724.0,132050724.0,0.55571,0.054640003,7749344256.0,58.434,527080992.0,46034419712.0,348.277,,,9254871040.0,0.222,0.178,0.20104,0.15303999,0.1372,0.11576,187.607,2.6296995,58204512256.0,12.309132,11.024581,40.08,44.75,12.0,2.43,1777507200.0,0.2984,0.33,2:1,1.264,5329071104.0,1209686400.0,0.741
2026-10-09T03:05:37.553451,PFC.NS,Power Finance Corporation Limited,Credit Services,Financial Services,NSE,https://www.pfcindia.com,New Delhi,110001,1068242960384.0,1791452705.0,323.7,326.0,331.8,322.85,6664735.0,325.55,-1.8499756,-0.5682616,313.35,486.5,580.0,34.16,358.463,-34.763,-0.09697793,402.05075,-78.35074,-0.19487773,10.350006,0.03303018,-162.79999,-0.33463514,313.35 - 486.5,8248195.0,10315075.0,8248195.0,1407625405.0,3300101760.0,3300101760.0,0.55999,0.25153,388332716032.0,117.673,10044551725056.0,478058905600.0,144.868,,,474319388672.0,0.021,0.008,0.99218005,0.0,0.85533994,0.54484004,433.112,0.74738175,11166209277952.0,4.1246176,3.5807524,78.48,90.4,15.6,4.79,1787788800.0,0.185,4.21,5:4,23.357,260466999296.0,1695254400.0,0.634
2026-10-09T03:05:37.553451,AGARWALEYE.NS,Dr. Agarwal's Health Care Limited,Medical Instruments & Supplies,Healthcare,NSE,https://www.dragarwals.co.in,Chennai,600006,149319335936.0,1791453599.0,471.0,485.1,485.15,465.35,208641.0,483.25,-12.25,-2.5349197,401.0,568.0,568.0,327.0,503.903,-32.903015,-0.06529632,470.4175,0.582489,0.0012382384,70.0,0.17456359,-97.0,-0.17077465,401.0 - 568.0,1070840.0,319725.0,1070840.0,120966610.0,317026183.0,317026183.0,0.62837005,0.27677,2837600000.0,8.957,10661999616.0,22066800640.0,69.762,,,9623199744.0,0.495,0.26,0.43609002,0.22760999,0.15,0.06724,63.933,7.3670874,157983129600.0,101.29032,55.944756,4.65,8.41902,,0.0,,0.0,,,7.159,1483699968.0,,
2026-10-09T03:05:37.553451,AARTIIND.NS,Aarti Industries Limited,Specialty Chemicals,Basic Materials,NSE,https://www.aarti-industries.com,Mumbai,400 080,173408518144.0,1791453603.0,478.05,493.2,502.6,476.0,700895.0,491.25,-13.200012,-2.6870255,338.05,551.75,1168.0,2.128629,501.372,-23.322021,-0.0465164,458.3635,19.686493,0.04294952,140.0,0.41413993,-73.70001,-0.133575,338.05 - 551.75,1074993.0,529272.0,1074993.0,205739813.0,362741364.0,362741364.0,0.42148,0.23868999,6089999872.0,16.777,49659998208.0,89980002304.0,247.968,,,32390000640.0,2.58,0.425,0.35997,0.14399,0.08881,0.05901,164.741,2.9018276,217101025280.0,33.61814,23.792744,14.22,20.09226,1.0,0.2,1789084800.0,0.0684,0.27,2:1,2.413,5310000128.0,1624320000.0,0.651
2026-10-09T03:05:37.553451,HEXT.NS,Hexaware Technologies Limited,Information Technology Services,Technology,NSE,https://hexaware.com,Navi Mumbai,400710,311847616512.0,1791453600.0,511.4,503.1,519.9,503.0,360024.0,505.5,5.899994,1.16716,400.2,807.75,900.0,400.2,531.321,-19.92099,-0.037493326,533.92474,-22.52475,-0.042187124,111.19998,0.27786103,-296.35,-0.36688334,400.2 - 807.75,548749.0,177361.0,548749.0,136259066.0,609791999.0,609791999.0,0.7521,0.19077998,16538999808.0,27.122,6830000128.0,144200007680.0,236.708,0.11841,0.21473,58649001984.0,-0.125,0.179,0.40672,0.16155,0.13739,0.09318,110.065,4.646345,302118010880.0,23.192745,18.583748,22.05,27.51867,14.25,2.82,1777939200.0,0.65370005,,,2.095,13436000256.0,,
2026-10-09T03:05:37.553451,BORORENEW.NS,Borosil Renewables Limited,Solar,Technology,NSE,https://www.borosilrenewables.com,Mumbai,400051,63303716864.0,1791453595.0,430.1,436.35,443.0,427.9,276426.0,438.1,-8.0,-1.8260671,374.4,721.0,833.35,27.5,507.517,-77.41699,-0.15254068,510.3995,-80.2995,-0.15732676,55.700012,0.1487714,-290.9,-0.4034674,374.4 - 721.0,506944.0,343741.0,506944.0,55110037.0,147183709.0,147183709.0,0.57842,0.04295,6548445184.0,46.676,1621379968.0,16149486592.0,116.956,,,8869953536.0,,0.171,0.54924,0.31217,0.26033002,0.23685,107.815,3.989241,55402573824.0,15.714286,,27.37,,,0.0,1576627200.0,0.0,,4:1,3.431,3824936960.0,1533168000.0,0.114
2026-10-09T03:05:37.553451,JKTYRE.NS,JK Tyre & Industries Limited,Auto Parts,Consumer Cyclical,NSE,https://www.jktyre.com,New Delhi,110 002,95207612416.0,1791453598.0,330.25,333.4,335.85,328.2,503165.0,333.4,-3.149994,-0.94480926,328.2,611.9,611.9,5.12,368.383,-38.132996,-0.10351454,420.99976,-90.749756,-0.21555774,2.0499878,0.0062461537,-281.65002,-0.46028766,328.2 - 611.9,696055.0,580948.0,696055.0,131854974.0,288289511.0,288289511.0,0.61052,0.14759,2480199936.0,8.603,48815398912.0,164039507968.0,576.088,,,58877001728.0,-0.743,0.02,0.35891998,0.111590005,0.03359,0.04003,210.234,1.5708687,141536215040.0,14.253345,9.645151,23.17,34.24,4.0,1.2,1785369600.0,0.1295,0.88,5:1,0.863,6566700032.0,1418860800.0,0.509
2026-10-09T03:05:37.553451,WESTLIFE.NS,Westlife Foodworld Limited,Restaurants,Consumer Cyclical,NSE,https://www.westlife.co.in,Mumbai,400013,89590538240.0,1791453601.0,577.2,586.4,592.6,570.35,93435.0,586.4,-9.200012,-1.5688969,398.4,659.65,1024.95,261.45,568.627,8.572998,0.015076663,503.01175,74.18826,0.14748813,178.80002,0.44879523,-82.45001,-0.12499054,398.4 - 659.65,306699.0,153751.0,306699.0,46385073.0,155215762.0,155215762.0,0.63644004,0.31523,169275008.0,1.154,18047832064.0,26749673472.0,173.127,,,14252387328.0,-0.5,0.114,0.53281,0.13578,0.044910002,0.011849999,39.101,14.76177,102553796608.0,282.9412,108.95315,2.04,5.29769,0.8,0.14,1786060800.0,0.3676,,,3.834,316912992.0,,-0.016
2026-10-09T03:05:37.553451,DBL.NS,Dilip Buildcon Limited,Engineering & Construction,Industrials,NSE,https://www.dilipbuildcon.com,Bhopal,462 016,64555573248.0,1791453589.0,397.4,408.85,409.2,395.5,89566.0,409.25,-11.850006,-2.8955421,381.55,531.65,1247.5,159.55,414.901,-17.501007,-0.042181164,435.0915,-37.691498,-0.0866289,15.850006,0.0415411,-134.25003,-0.2525158,381.55 - 531.65,664529.0,136427.0,664529.0,35486960.0,162444833.0,162444833.0,0.76242995,0.06266,3791728128.0,26.452,80414269440.0,87413686272.0,569.178,,,22571782144.0,-0.538,-0.093,0.25822002,0.19082001,0.14927,0.13572,521.534,0.7619829,134910312448.0,5.0489135,16.102106,78.71,24.68,1.0,0.24,1789430400.0,0.0127,0.06,,1.543,11863508992.0,,0.661
2026-10-09T03:05:37.553451,INDUSTOWER.NS,Indus Towers Limited,Telecom Services,Communication Services,NSE,https://www.industowers.com,Gurugram,122002,983676485632.0,1791452702.0,373.0,385.05,388.95,372.05,2308940.0,385.05,-12.049988,-3.1294606,337.8,481.5,499.65,120.05,378.912,-5.9119873,-0.015602535,412.84174,-39.841736,-0.096506074,35.200012,0.10420371,-108.5,-0.22533749,337.8 - 481.5,4758608.0,5584748.0,4758608.0,1284080290.0,2637202542.0,2637202542.0,0.51313996,0.33326,73557999616.0,27.892,214324002816.0,328665989120.0,124.549,0.09729,0.18912001,183862001664.0,0.006,0.046,0.55942,0.45716998,0.31208,0.21776,156.921,2.3769922,1124442570752.0,14.198706,12.206807,26.27,30.55672,14.0,3.64,1786320000.0,0.0,5.93,,3.421,71570997248.0,,0.176
2026-10-09T03:05:37.553451,CHAMBLFERT.NS,Chambal Fertilisers and Chemicals Limited,Agricultural Inputs,Basic Materials,NSE,https://www.chambalfertilisers.com,New Delhi,110025,151706992640.0,1791453598.0,378.65,396.4,397.05,376.1,715903.0,396.35,-17.700012,-4.4657526,376.1,509.05,742.2,9.95,423.783,-45.132996,-0.10650025,443.49475,-64.84476,-0.14621313,2.5499878,0.006780079,-130.4,-0.25616345,376.1 - 509.05,490719.0,456375.0,490719.0,197942207.0,400652297.0,400652297.0,0.63286996,0.119890004,10606600192.0,26.475,10675000320.0,201230696448.0,502.332,,,75493597184.0,-0.046,-0.118,0.37515998,0.13765,0.15151,0.09581,260.107,1.455747,151582457856.0,8.235102,7.753926,45.98,48.83333,12.0,3.03,1786406400.0,0.2078,1.98,,0.753,19280400384.0,,0.31
2026-10-09T03:05:37.553451,AMBUJACEM.NS,Ambuja Cements Limited,Building Materials,Basic Materials,NSE,https://www.ambujacement.com,Ahmedabad,382421,847322677248.0,1791452706.0,341.0,356.9,357.25,341.0,2486550.0,356.9,-15.899994,-4.4550276,341.0,588.75,706.95,6.345333,399.835,-58.83499,-0.14714818,446.50525,-105.50525,-0.23629117,0.0,0.0,-247.75,-0.4208068,341.0 - 588.75,2157568.0,2430800.0,2157568.0,810263736.0,2484817186.0,2484817186.0,0.69352996,0.23018,9089500160.0,3.677,8659300352.0,398666792960.0,161.063,,,226522791936.0,-0.275,-0.077,0.5682,0.15627,0.07947,0.11128,240.095,1.4202712,967450820608.0,20.213396,23.499187,16.87,14.51114,2.0,0.56,1781222400.0,0.1112,0.49,5:1,2.427,44361801728.0,1119225600.0,0.203
2026-10-09T03:05:37.553451,BEL.NS,Bharat Electronics Limited,Aerospace & Defense,Industrials,NSE,https://www.bel-india.in,Bengaluru,560045,2684881731584.0,1791452705.0,367.3,378.0,378.1,366.2,13369703.0,378.3,-11.0,-2.9077454,366.2,473.45,473.45,1.363636,399.724,-32.42401,-0.081116,419.15625,-51.856262,-0.123715825,1.0999756,0.0030037563,-106.150024,-0.22420534,366.2 - 473.45,10674257.0,10178693.0,10674257.0,3488821344.0,7309778829.0,7309778829.0,0.53424,0.28818,85720301568.0,11.727,654600000.0,287173509120.0,39.233,,,137393102848.0,0.083,0.249,0.47842997,0.28514,0.22135,0.21403,32.817,11.1923685,2600012087296.0,45.012253,32.75449,8.16,11.21373,2.5,0.66,1786579200.0,0.3393,0.94,3:1,9.054,61464301568.0,1663200000.0,0.312
2026-10-09T03:05:37.553451,TEJASNET.NS,Tejas Networks Limited,Communication Equipment,Technology,NSE,https://www.tejasnetworks.com,Bengaluru,560100,80263880704.0,1791453598.0,451.15,467.95,467.95,447.25,1480324.0,466.7,-15.550018,-3.3319087,294.0,644.75,1495.0,28.9,521.834,-70.68399,-0.13545302,471.5775,-20.42752,-0.04331742,157.15,0.5345238,-193.6,-0.30027142,294.0 - 644.75,2864965.0,1261465.0,2864965.0,81587069.0,177909524.0,177909524.0,0.015700001,0.60707,4691700224.0,26.396,41770799104.0,13034600448.0,73.491,,,3824000000.0,,0.991,0.29337,-0.67337996,-0.48416,-0.70371,164.895,2.7359834,117267341312.0,,,-50.02,,2.5,0.0,1750291200.0,0.2525,,,8.997,-9172599808.0,,0.033
2026-10-09T03:05:37.553451,DABUR.NS,Dabur India Limited,Household & Personal Products,Consumer Defensive,NSE,https://www.dabur.com,Ghaziabad,201010,668426960896.0,1791452700.0,376.8,382.8,386.65,376.8,874539.0,383.55,-6.75,-1.7598748,368.05,534.0,672.0,5.165,391.461,-14.661011,-0.037452035,444.14175,-67.34177,-0.15162224,8.75,0.023773944,-157.20001,-0.29438204,368.05 - 534.0,2033263.0,2305440.0,2033263.0,589911614.0,1773957026.0,1773957026.0,0.67667997,0.22455,51478601728.0,29.023,12873199616.0,135523803136.0,76.408,,,64699899904.0,0.153,0.106,0.47741002,0.18398,0.16476,0.14551,64.383,5.852476,633553354752.0,33.945942,28.686363,11.1,13.13516,8.25,2.15,1784246400.0,0.7207,1.09,2:1,4.675,19719999488.0,1283904000.0,0.418
2026-10-09T03:05:37.553451,INDGN.NS,Indegene Limited,Health Information Services,Healthcare,NSE,https://www.indegene.com,Bengaluru,560045,141149601792.0,1791453593.0,586.15,607.1,609.85,580.0,303791.0,607.1,-20.949951,-3.450824,414.0,627.0,736.3,414.0,580.005,6.1450195,0.010594769,516.1207,70.0293,0.13568394,172.15002,0.4158213,-40.849976,-0.065151475,414.0 - 627.0,603641.0,768593.0,603641.0,102228899.0,240807964.0,240807964.0,0.55454,0.273,14814000128.0,61.494,1583000064.0,38128001024.0,158.838,,,37349998592.0,-0.002,0.397,0.9796,0.15542,0.122379996,0.10515001,130.29,4.498811,127973326848.0,36.565815,21.459465,16.03,27.31429,2.25,0.37,1785456000.0,0.0,,,3.356,4008999936.0,,0.754
2026-10-09T03:05:37.553451,TI.NS,Tilaknagar Industries Ltd.,Beverages - Wineries & Distilleries,Consumer Defensive,NSE,https://www.tilind.com,Mumbai,400020,135860445184.0,1791453598.0,548.05,552.85,553.1,538.3,792536.0,551.55,-3.5,-0.6345753,381.55,607.8,607.8,10.2,543.116,4.93396,0.009084541,465.6665,82.383484,0.1769152,166.5,0.43637794,-59.75,-0.09830537,381.55 - 607.8,957141.0,947751.0,957141.0,144786877.0,247897900.0,247897900.0,0.38924998,0.23591,3604162048.0,14.603,23012075520.0,29976893440.0,131.224,,,13461530624.0,-0.72,1.557,0.44906,0.16489,0.12234,-0.01202,120.017,4.5664363,154670514176.0,,32.428993,-1.31,16.9,1.0,0.18,1789430400.0,1.0417,0.12,3:1,5.16,-360460000.0,1285632000.0,0.221
2026-10-09T03:05:37.553451,HSCL.NS,Himadri Speciality Chemical Limited,Specialty Chemicals,Basic Materials,NSE,https://www.himadri.com,Kolkata,700001,333044187136.0,1791453598.0,660.05,675.55,675.55,657.95,1267672.0,672.95,-12.900024,-1.9169364,418.5,819.5,819.5,6.8,696.12,-36.070007,-0.05181579,587.9125,72.13751,0.12270111,241.54999,0.5771804,-159.45001,-0.19456987,418.5 - 819.5,6364589.0,1450732.0,6364589.0,192708910.0,504574175.0,504574175.0,0.57428,0.059019998,3485694976.0,6.909,7699798016.0,49742888960.0,99.315,,,18316886016.0,0.247,0.28,0.36823002,0.21452999,0.2038,0.16066,93.286,7.0755525,337763368960.0,41.460426,32.04126,15.92,20.6,0.8,0.12,1779408000.0,0.050300002,0.13,10:1,6.79,7991668224.0,1289174400.0,0.251
2026-10-09T03:05:37.553451,GHCL.NS,GHCL Limited,Chemicals,Basic Materials,NSE,https://ghcl.co.in,Noida,201301,35570364416.0,1791453601.0,388.05,398.8,400.6,385.0,155121.0,398.8,-10.75,-2.695587,385.0,667.2,779.0,6.5,428.098,-40.048004,-0.093548685,464.41025,-76.36026,-0.16442415,3.0499878,0.007922046,-279.15002,-0.4183903,385.0 - 667.2,135838.0,167318.0,135838.0,60343585.0,91664382.0,91664382.0,0.37547,0.20918,11103200256.0,123.523,833000000.0,30425999360.0,326.943,,,13326499840.0,0.396,-0.027,0.438,0.22917,0.23469,0.17052999,395.146,0.9820421,24610822144.0,6.9642854,5.2581296,55.72,73.8,12.0,3.01,1781740800.0,0.4277,1.94,,0.809,5188599808.0,,-0.043
2026-10-09T03:05:37.553451,EUREKAFORB.NS,Eureka Forbes Limited,"Furnishings, Fixtures & Appliances",Consumer Cyclical,NSE,https://www.eurekaforbes.com,Mumbai,400013,65796603904.0,1791453599.0,339.75,353.0,353.0,338.0,185444.0,351.75,-12.0,-3.411514,338.0,668.3,668.3,340.6,409.805,-70.05499,-0.17094715,468.4515,-128.7015,-0.27473816,1.75,0.0051775146,-328.55,-0.4916205,338.0 - 668.3,178656.0,264517.0,178656.0,68813429.0,193661816.0,193661816.0,0.65281,0.122530006,4761476096.0,24.608,289168000.0,28015951872.0,144.053,,,16434338816.0,0.472,0.152,0.58661,0.10628,0.07242,0.06458,237.693,1.4293648,61278547968.0,36.532257,22.200413,9.3,15.30377,,0.0,,0.0,,,2.187,1809310976.0,,-0.023
2026-10-09T03:05:37.553451,COALINDIA.NS,Coal India Limited,Thermal Coal,Energy,NSE,https://www.coalindia.in,Kolkata,700156,2522712899584.0,1791452706.0,409.35,414.5,414.5,403.85,5461247.0,414.5,-5.149994,-1.2424593,369.6,491.25,543.55,109.55,415.064,-5.7139893,-0.013766526,435.87177,-26.521759,-0.060847618,39.75,0.1075487,-81.899994,-0.16671754,369.6 - 491.25,8031512.0,6430741.0,8031512.0,2395740968.0,6162728327.0,6162728327.0,0.61133,0.2701,567618371584.0,92.08,140721799168.0,1717358952448.0,278.697,,,1283853254656.0,0.012,0.451,0.74757004,0.23878,0.21113001,0.18138,193.28,2.1179118,2115539697664.0,8.085127,7.210106,50.63,56.77448,26.5,6.39,1788480000.0,0.41279998,7.4,,1.232,311493492736.0,,0.022
2026-10-09T03:05:37.553451,NEWGEN.NS,Newgen Software Technologies Limited,Software - Infrastructure,Technology,NSE,https://www.newgensoft.com,New Delhi,110020,62555205632.0,1791453598.0,442.55,448.1,469.25,439.1,1175117.0,447.75,-5.200012,-1.1613652,401.05,1041.95,1798.9,48.0,512.56,-70.01001,-0.1365889,514.7983,-72.24829,-0.14034292,41.5,0.10347837,-599.39996,-0.5752675,401.05 - 1041.95,2762054.0,771004.0,2762054.0,56404517.0,141351724.0,141351724.0,0.63402003,0.08767,11144639488.0,78.951,393560992.0,16104229888.0,114.239,,,8595679232.0,0.278,0.112,0.53375,0.25242,0.13094,0.19478,125.911,3.514784,51719061504.0,20.134212,15.155821,21.98,29.2,6.0,1.34,1784246400.0,0.2252,0.53,2:1,3.212,3136769024.0,1705017600.0,0.55
2026-10-09T03:05:37.553451,BALUFORGE.NS,Balu Forge Industries Limited,Metal Fabrication,Industrials,NSE,https://www.baluindustries.com,Mumbai,400069,59415269376.0,1791453599.0,489.45,509.4,509.4,487.0,555077.0,507.5,-18.049988,-3.5566478,341.05,678.0,886.95,222.85,521.396,-31.945984,-0.0612701,478.321,11.128998,0.023266796,148.40002,0.4351269,-188.54999,-0.27809733,341.05 - 678.0,1415802.0,495313.0,1415802.0,40688181.0,121391900.0,121391900.0,0.6315,0.015140001,889985984.0,7.393,1518694016.0,11748855808.0,97.599,,,4179290880.0,0.88,0.29,0.35571998,0.26583,0.27087998,0.22806999,154.027,3.1776898,59548323840.0,21.13342,,23.16,,0.15,0.03,1789689600.0,0.006,,,5.068,2679518976.0,,0.65
2026-10-09T03:05:37.553451,CONCOR.NS,Container Corporation of India Limited,Railroads,Industrials,NSE,https://concorindia.co.in,New Delhi,110076,330542186496.0,1791452699.0,434.0,441.8,444.8,433.25,1456358.0,439.75,-5.75,-1.3075612,421.45,557.0,1180.0,22.24,494.086,-60.086,-0.1216104,488.89124,-54.891235,-0.112276986,12.549988,0.029778117,-123.0,-0.22082585,421.45 - 557.0,1880737.0,1065911.0,1880737.0,340762239.0,761617935.0,761617935.0,0.574,0.42401,34873200640.0,46.151,9645700096.0,90851000320.0,119.433,,,35860299776.0,0.006,0.003,0.39472,0.22205,0.13638,0.13670999,169.932,2.5539627,303819325440.0,26.839827,18.602657,16.17,23.33,8.6,1.96,1789948800.0,0.4655,1.26,5:4,3.344,12419999744.0,1751587200.0,0.248
2026-10-09T03:05:37.553451,STARHEALTH.NS,Star Health and Allied Insurance Company Limited,Insurance - Life,Financial Services,NSE,https://www.starhealth.in,Chennai,600004,320974127104.0,1791453597.0,545.5,556.9,568.95,542.65,407436.0,553.85,-8.349976,-1.507624,416.55,624.9,940.0,327.3,566.784,-21.283997,-0.03755222,518.18225,27.317749,0.05271842,128.95001,0.3095667,-79.400024,-0.12706037,416.55 - 624.9,678165.0,1801420.0,678165.0,244447391.0,588403502.0,588403502.0,0.62183,0.24046,,,0.0,184750292992.0,314.065,0.025309999,0.07507,40559198208.0,1.096,14.078,0.21954,0.0,0.13664,0.03619,172.352,3.1650343,,38.093575,19.914783,14.32,27.39171,,0.0,,0.0,,,,6685300224.0,,0.193
2026-10-09T03:05:37.553451,WELENT.NS,Welspun Enterprises Limited,Engineering & Construction,Industrials,NSE,https://www.welspunenterprises.com,Mumbai,400013,99316768768.0,1791453590.0,732.35,742.25,748.0,713.5,436414.0,740.75,-8.400024,-1.1339891,412.0,841.9,841.9,7.9,690.815,41.534973,0.060124595,555.01776,177.33221,0.31950727,320.34998,0.7775485,-109.55005,-0.1301224,412.0 - 841.9,630867.0,313608.0,630867.0,44100255.0,135613810.0,135613810.0,0.64685,0.10496,15754999808.0,116.175,19865200640.0,35440500736.0,261.846,,,11469500416.0,-0.5,-0.084,0.32362998,0.2007,0.18084,0.08623999,224.469,3.2625885,105595469824.0,29.806675,19.900814,24.57,36.8,3.0,0.4,1783036800.0,0.1221,0.58,,2.98,3404699904.0,,0.429
2026-10-09T03:05:37.553451,OIL.NS,Oil India Limited,Oil & Gas Integrated,Energy,NSE,https://www.oil-india.com,Noida,201301,727093673984.0,1791452706.0,447.0,452.0,454.25,443.6,617152.0,453.75,-6.75,-1.4876033,395.6,531.0,767.9,42.333332,471.063,-24.062988,-0.051082317,464.78775,-17.78775,-0.038270693,51.399994,0.1299292,-84.0,-0.15819208,395.6 - 531.0,2758528.0,1809248.0,2758528.0,543752950.0,1626607791.0,1626607791.0,0.67726,0.21097,60454100992.0,37.174,374779805696.0,385207894016.0,236.836,,,219140702208.0,0.914,0.577,0.56889,0.43051997,0.40747002,0.21685,356.618,1.253442,1099297718272.0,8.833992,6.7621636,50.6,66.1031,13.0,2.86,1788480000.0,0.2336,3.51,3:2,2.854,83533103104.0,1719878400.0,0.387
2026-10-09T03:05:37.553451,ANANTRAJ.NS,Anant Raj Limited,Real Estate - Development,Real Estate,NSE,https://www.anantrajlimited.com,New Delhi,110001,209628315648.0,1791453599.0,582.5,615.0,616.9,567.55,1898300.0,612.15,-29.650024,-4.843588,403.0,713.25,947.9,5.468965,611.334,-28.833984,-0.04716568,544.6305,37.869507,0.06953248,179.5,0.44540942,-130.75,-0.18331581,403.0 - 713.25,2474123.0,1338135.0,2474123.0,112209627.0,359876930.0,359876930.0,0.62298,0.10957,9010909184.0,25.039,6809587200.0,25505900544.0,71.812,,,7917120000.0,0.134,0.066,0.3104,0.26591998,0.26478,0.22770001,160.852,3.6213412,207727656960.0,35.303032,20.517788,16.5,28.39,1.0,0.16,1785456000.0,0.044499997,0.13,5:1,8.144,5807784960.0,1191801600.0,0.398
2026-10-09T03:05:37.553451,AADHARHFC.NS,Aadhar Housing Finance Limited,Mortgage Finance,Financial Services,NSE,https://aadharhousing.com,Mumbai,400072,197518032896.0,1791453599.0,450.55,455.05,455.8,443.85,178210.0,455.05,-4.5,-0.98890233,427.3,563.0,563.0,292.0,472.292,-21.742004,-0.04603509,480.4385,-29.88852,-0.062210914,23.25,0.054411422,-112.45001,-0.19973359,427.3 - 563.0,346485.0,317179.0,346485.0,109853976.0,438393157.0,438393157.0,0.746,0.11391,7909499904.0,18.153,192725499904.0,23695599616.0,54.578,,,23333699584.0,0.184,0.196,0.98473,0.0,0.61723,0.48151,173.074,2.6032217,381122314240.0,17.490294,12.221805,25.76,36.86444,,0.0,,0.0,,,16.084,11409600512.0,,0.409
2026-10-09T03:05:37.553451,JUBLFOOD.NS,Jubilant FoodWorks Limited,Restaurants,Consumer Cyclical,NSE,https://www.jubilantfoodworks.com,Noida,201301,,1791452706.0,427.6,456.5,456.7,426.2,4369276.0,460.6,-33.0,-7.164568,408.55,622.95,918.0,16.0,480.241,-52.64099,-0.109613694,470.49976,-42.89975,-0.09117911,19.050018,0.046628367,-195.35,-0.31358856,408.55 - 622.95,2146827.0,1817028.0,2146827.0,388626472.0,,,0.40713,0.45108002,3350060032.0,5.094,49022160896.0,98299723776.0,148.896,,,51696500736.0,0.06,0.137,0.52591,0.14463,0.096829996,0.04415,34.852,12.269023,327849017344.0,82.54826,48.425823,5.18,8.83,1.2,0.26,1784246400.0,0.2151,0.21,5:1,3.335,3692640000.0,1650326400.0,0.186
2026-10-09T03:05:37.553451,BALRAMCHIN.NS,Balrampur Chini Mills Limited,Confectioners,Consumer Defensive,NSE,https://chini.com,Kolkata,700020,145885904896.0,1791453603.0,689.45,704.45,717.25,681.75,1408082.0,706.6,-17.149963,-2.4271107,393.55,780.95,780.95,0.866,669.74,19.710022,0.029429365,545.7902,143.65979,0.2632143,295.90002,0.751874,-91.5,-0.11716499,393.55 - 780.95,3183434.0,1728608.0,3183434.0,117838510.0,211597496.0,211597496.0,0.45901,0.33813998,42020000.0,0.199,31700359168.0,63656648704.0,314.372,,,16716470272.0,-0.154,0.061,0.2626,0.11337,0.042529996,0.05829,204.872,3.365272,177316511744.0,38.79854,18.953953,17.77,36.375,7.0,0.99,1763337600.0,0.19229999,0.67,10:1,2.786,3710368000.0,1111536000.0,0.377
2026-10-09T03:05:37.553451,TRITURBINE.NS,Triveni Turbine Limited,Specialty Industrial Machinery,Industrials,NSE,https://www.triveniturbines.com,Noida,201301,164179689472.0,1791453599.0,516.45,527.05,529.95,512.2,371188.0,531.45,-15.0,-2.8224669,428.35,787.6,885.0,30.0,575.838,-59.388,-0.10313317,561.3032,-44.85321,-0.07990906,88.100006,0.20567295,-271.14996,-0.34427372,428.35 - 787.6,645488.0,355713.0,645488.0,113710275.0,317900459.0,317900459.0,0.59731,0.25998,5805000192.0,18.176,358000000.0,22524999680.0,70.762,,,10165000192.0,-0.212,0.192,0.45128,0.19083,0.09465,0.14930001,45.551,11.337842,159494225920.0,48.859985,33.37862,10.57,15.47248,4.0,0.75,1788307200.0,0.4022,0.42,,7.081,3363000064.0,,0.607
2026-10-09T03:05:37.553451,CIEINDIA.NS,CIE Automotive India Limited,Auto Parts,Consumer Cyclical,NSE,https://www.cie-india.com,Pune,411045,140990021632.0,1791453589.0,371.65,377.35,378.95,370.0,172282.0,378.7,-7.0500183,-1.8616368,366.9,526.0,622.4,34.65,393.603,-21.953003,-0.05577448,437.67426,-66.02426,-0.15085252,4.75,0.012946307,-154.35,-0.2934411,366.9 - 526.0,420554.0,191555.0,420554.0,130115633.0,379362377.0,379362377.0,0.66418,0.23674,9454249984.0,24.918,5133879808.0,99973447680.0,263.558,0.06652,0.12222,48849510400.0,0.159,0.106,0.48861998,0.14887,0.11165,0.09035,204.101,1.8209122,136688189440.0,15.727888,13.141796,23.63,28.28,7.0,1.85,1776816000.0,0.2962,0.87,,1.367,8964790272.0,,-0.016
2026-10-09T03:05:37.553451,ROUTE.NS,Route Mobile Limited,Telecom Services,Communication Services,NSE,https://routemobile.com,Mumbai,400064,26133676032.0,1791453599.0,414.8,426.5,433.75,412.1,205820.0,426.5,-11.700012,-2.7432618,410.7,769.45,2389.0,410.7,493.742,-78.94202,-0.15988515,526.67377,-111.87378,-0.21241571,4.0999756,0.009982896,-354.65002,-0.46091366,410.7 - 769.45,835154.0,124193.0,835154.0,15629824.0,63003082.0,63003082.0,0.74851,0.04237,14056599552.0,223.163,419800000.0,45088899072.0,715.653,,,7248000000.0,0.176,0.096,0.16075,0.11449,0.07048,0.0551,439.557,0.94367737,13010891776.0,10.519908,6.867928,39.43,60.39667,8.0,1.88,1787011200.0,0.2029,0.5,,0.289,2484199936.0,,0.387
2026-10-09T03:05:37.553451,AKUMS.NS,Akums Drugs and Pharmaceuticals Limited,Drug Manufacturers - Specialty & Generic,Healthcare,NSE,https://www.akums.in,Delhi,110083,120445394944.0,1791453599.0,786.7,816.6,831.95,773.2,301304.0,822.55,-35.849976,-4.3583946,409.3,838.8,1175.9,405.0,761.207,25.493042,0.03349029,586.0715,200.62854,0.34232777,377.40002,0.92206216,-52.099976,-0.062112514,409.3 - 838.8,339749.0,166176.0,339749.0,34646996.0,153102058.0,153102058.0,0.84928,0.12505999,16805980160.0,109.77,1917379968.0,45040041984.0,294.086,,,18507710464.0,0.573,0.139,0.41092,0.12269,0.11453,0.064770006,216.414,3.6351624,105734520832.0,41.29659,23.049522,19.05,34.13086,1.0,0.12,1783036800.0,0.0525,,,2.348,2917230080.0,,0.555
2026-10-09T03:05:37.553451,AIIL.NS,Authum Investment & Infrastructure Limited,Capital Markets,Financial Services,NSE,https://www.authum.com,Mumbai,400028,467158925312.0,1791453591.0,550.1,547.9,554.95,545.0,115980.0,549.65,0.44995117,0.08186139,400.0,683.0,683.0,146.44,548.607,1.492981,0.0027214035,516.75635,33.343628,0.06452485,150.09998,0.37524995,-132.90002,-0.19458276,400.0 - 683.0,512332.0,159158.0,512332.0,188924556.0,849225500.0,849225500.0,0.8307,0.07135,4867500032.0,5.72,36309700608.0,25575999488.0,30.055,,,25028700160.0,0.175,0.141,0.9786,0.0,0.92406,0.82054,173.427,3.1719396,499942752256.0,22.217285,,24.76,,0.2,0.0,1747353600.0,0.0,,5:1,19.547,20986200064.0,1768262400.0,-0.052
2026-10-09T03:05:37.553451,ELGIEQUIP.NS,Elgi Equipments Limited,Specialty Industrial Machinery,Industrials,NSE,https://www.elgi.com,Coimbatore,641005,182524805120.0,1791453589.0,579.0,599.75,600.0,576.0,245773.0,602.05,-23.049988,-3.8285837,408.25,653.4,798.95,3.625,606.888,-27.888,-0.045952465,548.8945,30.10553,0.054847572,170.75,0.41824862,-74.400024,-0.113865964,408.25 - 653.4,489049.0,269242.0,489049.0,189239459.0,315241478.0,315241478.0,0.45028,0.20334,8865000448.0,28.121,5330999808.0,41462001664.0,131.63,,,20651999232.0,0.211,0.226,0.49808997,0.14029,0.12295,0.10803001,70.8,8.177966,178990809088.0,42.511013,31.639345,13.62,18.3,2.7,0.45,1784246400.0,0.1551,0.32,2:1,4.317,4479000064.0,1600905600.0,0.115
2026-10-09T03:05:37.553451,VESUVIUS.NS,Vesuvius India Limited,Specialty Industrial Machinery,Industrials,NSE,https://vesuviusindia.in,Kolkata,700088,82534006784.0,1791453590.0,406.65,408.4,410.45,402.75,108064.0,409.7,-3.0500183,-0.7444516,383.0,607.9,646.0,5.11,421.383,-14.733002,-0.034963448,464.3415,-57.691498,-0.124243684,23.649994,0.06174933,-201.25003,-0.3310578,383.0 - 607.9,255308.0,1341630.0,255308.0,89187118.0,202960800.0,202960800.0,0.56067,0.24985,5761800192.0,28.361,143500000.0,21338300416.0,105.06,,,9067100160.0,-0.074,0.023,0.42492,0.16783,0.12873,0.12003,86.077,4.7242584,76996599808.0,32.48003,20.853846,12.52,19.5,1.5,0.37,1777507200.0,0.118999995,0.33,10:1,3.608,2561299968.0,1749513600.0,0.434
2026-10-09T03:05:37.553451,IIFL.NS,IIFL Finance Limited,Credit Services,Financial Services,NSE,https://www.iifl.com,Mumbai,400069,246306455552.0,1791453599.0,579.15,591.4,592.3,566.3,1555626.0,588.55,-9.399963,-1.5971395,409.1,705.0,705.0,8.293004,620.521,-41.37097,-0.06667135,535.6985,43.451538,0.08111193,170.05002,0.41566858,-125.849976,-0.1785106,409.1 - 705.0,2442333.0,1452278.0,2442333.0,223944732.0,425289575.0,425289575.0,0.46883,0.20185,87518298112.0,205.785,698830225408.0,86974201856.0,204.58,,,86697197568.0,1.895,0.318,0.99682,0.0,0.42165002,0.24174,327.305,1.7694507,874609639424.0,11.783317,7.4944973,49.15,77.2767,4.0,0.68,1769644800.0,0.08140001,0.84,5:1,10.056,21025200128.0,1218153600.0,0.309
2026-10-09T03:05:37.553451,HINDCOPPER.NS,Hindustan Copper Limited,Copper,Basic Materials,NSE,https://www.hindustancopper.com,Kolkata,700019,452083712000.0,1791453598.0,467.5,482.0,485.85,465.0,3670126.0,479.95,-12.450012,-2.5940228,308.5,760.05,760.05,18.25,516.264,-48.763977,-0.09445551,531.394,-63.893982,-0.12023844,159.0,0.5153971,-292.55,-0.38490888,308.5 - 760.05,9703639.0,5177557.0,9703639.0,327607295.0,967024020.0,967024020.0,0.60141,0.08438,8096500224.0,8.364,1109200000.0,34980499456.0,36.158,,,31860400128.0,1.619,0.814,0.91080004,0.50195,0.48891997,0.32494,34.53,13.538952,445575921664.0,40.865387,22.58454,11.44,20.7,2.86,0.6,1789516800.0,0.20950001,0.4,,12.738,11366599680.0,,1.511
2026-10-09T03:05:37.553451,PATANJALI.NS,Patanjali Foods Limited,Packaged Foods,Consumer Defensive,NSE,https://www.patanjalifoods.com,Indore,452010,386197291008.0,1791452706.0,355.0,360.25,361.05,350.0,3092147.0,360.95,-5.950012,-1.6484311,328.2,614.05,5508.3335,5.4,357.949,-2.9490051,-0.008238618,437.78226,-82.78226,-0.18909459,26.799988,0.081657484,-259.05,-0.4218712,328.2 - 614.05,5951001.0,3816599.0,5951001.0,345162408.0,1087879698.0,1087879698.0,0.69499,0.17746,7882415104.0,7.246,27888263168.0,427410030592.0,392.905,,,56402325504.0,0.861,0.274,0.13196,0.04644,0.04322,0.046090003,120.47,2.9467916,406203072512.0,19.932623,19.452055,17.81,18.25,4.05,1.12,1787270400.0,0.23020001,0.52,3:1,0.95,19698495488.0,1757548800.0,-0.186
2026-10-09T03:05:37.553451,AJAXENGG.NS,Ajax Engineering Limited,Farm & Heavy Construction Machinery,Industrials,NSE,https://www.ajax-engg.com,Bengaluru,560058,65357463552.0,1791453593.0,571.25,579.0,586.25,567.7,75642.0,582.75,-11.5,-1.9734019,394.8,678.0,756.2,394.8,578.196,-6.945984,-0.0120132,540.9177,30.332275,0.05607558,176.45001,0.4469352,-106.75,-0.15744838,394.8 - 678.0,107077.0,264964.0,107077.0,24365345.0,114411316.0,114411316.0,0.79995,0.10032,10508980224.0,91.856,18330000.0,21106190336.0,184.506,,,5352759808.0,0.052,0.017,0.25361001,0.12507,0.11866,0.10795999,121.683,4.6945753,54864580608.0,28.865587,19.465462,19.79,29.34685,,0.0,,0.0,,,2.599,2278720000.0,,
2026-10-09T03:05:37.553451,HGINFRA.NS,H.G. Infra Engineering Limited,Engineering & Construction,Industrials,NSE,https://www.hginfra.com,Jaipur,302001,26263957504.0,1791453601.0,403.0,416.0,416.0,400.15,77560.0,416.15,-13.149994,-3.1599169,398.55,943.0,1879.9,126.35,487.817,-84.816986,-0.1738705,560.04474,-157.04474,-0.28041464,4.450012,0.011165506,-540.0,-0.57264054,398.55 - 943.0,375664.0,1672427.0,375664.0,18390636.0,65171111.0,65171111.0,0.71781,0.10446,2490030080.0,38.208,50292371456.0,48530571264.0,741.23,,,15852779520.0,,-0.257,0.32666,0.21625,0.23511,0.03841,500.99,0.8044073,74230480896.0,14.115587,6.372549,28.55,63.24,2.0,0.48,1786492800.0,0.0699,0.14,,1.53,1864160000.0,,0.465
2026-10-09T03:05:37.553451,LICHSGFIN.NS,LIC Housing Finance Limited,Mortgage Finance,Financial Services,NSE,https://www.lichousing.com,Mumbai,400005,295383826432.0,1791452700.0,537.0,519.9,547.65,519.4,14553360.0,515.4,21.599976,4.1909146,458.9,598.2,826.75,11.36,529.851,7.148987,0.013492447,532.60425,4.395752,0.008253317,78.100006,0.1701896,-61.200012,-0.10230694,458.9 - 598.2,2862570.0,4281516.0,2862570.0,299803002.0,550063000.0,550063000.0,0.02342,0.74023,13484000256.0,24.515,2662161973248.0,88046600192.0,160.055,,,86716301312.0,0.099,0.145,0.98489,0.0,0.82443,0.65177,753.06,0.7130906,2944088932352.0,4.9402027,4.9499655,108.7,108.4856,10.0,1.94,1787270400.0,0.0959,1.78,5:1,33.438,57386299392.0,1293667200.0,0.249
2026-10-09T03:05:37.553451,MINDACORP.NS,Minda Corporation Limited,Auto Parts,Consumer Cyclical,NSE,https://sparkminda.com,Noida,201301,149489483776.0,1791453595.0,635.15,639.0,639.2,629.0,193162.0,639.45,-4.299988,-0.67245096,468.5,769.0,769.0,3.75,699.913,-64.763,-0.09253007,610.895,24.255005,0.039704047,166.65002,0.35570976,-133.84998,-0.17405719,468.5 - 769.0,401891.0,274204.0,401891.0,76529954.0,235360911.0,235360911.0,0.67469,0.21502,1384000000.0,5.88,14714999808.0,66457300992.0,282.203,,,23624400896.0,2.158,0.332,0.35548002,0.107650004,0.07735,0.07539,112.117,5.6650643,163017490432.0,30.521385,27.333399,20.81,23.23714,1.6,0.25,1786665600.0,0.0716,0.3,5:1,2.453,5010200064.0,1420416000.0,0.481
2026-10-09T03:05:37.553451,JSWENERGY.NS,JSW Energy Limited,Utilities - Independent Power Producers,Utilities,NSE,https://jswenergy.in,Mumbai,400051,855443374080.0,1791452699.0,466.85,484.05,484.5,465.0,1637574.0,485.45,-18.600006,-3.8314977,427.75,617.35,804.9,33.65,530.054,-63.20401,-0.119240694,525.28973,-58.439728,-0.11125237,39.100006,0.09140855,-150.49997,-0.24378388,427.75 - 617.35,1956578.0,1970076.0,1956578.0,584176536.0,1832372944.0,1832372944.0,0.66706,0.21591,79783903232.0,45.43,769457782784.0,189648896000.0,107.941,,,126847803392.0,-0.395,0.012,0.66886,0.54482,0.38092,0.10373,175.104,2.6661298,1537806172160.0,43.753513,27.630604,10.67,16.89612,2.0,0.41,1780617600.0,0.1807,0.45,,8.109,19671599104.0,,0.266
2026-10-09T03:05:37.553451,HEG.NS,HEG Advanced Materials Ltd,Electrical Equipment & Parts,Industrials,,https://www.hegadvancedmaterials.com,Noida,201301,47954919424.0,,248.5,243.85,248.9,240.9,1813114.0,248.5,,,214.1,753.9,991.0,4.28,544.217,,,557.5955,,,,,,,,2169406.0,1650634.0,,50847649.0,192977530.0,192977530.0,0.59095,0.06866,6364993024.0,32.983,7960208896.0,26365147136.0,136.636,,,15740342272.0,0.168,0.104,0.59701,0.21847999,0.14834,0.13612,246.553,1.0078969,49550131200.0,13.295879,8.12977,18.69,30.56667,3.4,0.0137,1784678400.0,0.0964,1.46,5:1,1.879,3605053952.0,1729209600.0,0.688
2026-10-09T03:05:37.553451,SONACOMS.NS,Sona BLW Precision Forgings Limited,Auto Parts,Consumer Cyclical,NSE,https://www.sonacomstar.com,Gurugram,122004,494967062528.0,1791452700.0,793.0,811.0,815.7,788.6,1803575.0,810.5,-17.5,-2.1591609,424.6,844.0,844.0,295.0,803.791,-10.791016,-0.013425151,624.4925,168.5075,0.26983112,368.4,0.8676401,-51.0,-0.06042654,424.6 - 844.0,2442062.0,2727600.0,2442062.0,396545543.0,624170274.0,624170274.0,0.27910998,0.69181,12289000448.0,19.762,4422870016.0,48967540736.0,78.7,,,24445380608.0,0.443,0.524,0.49922,0.22680001,0.16643,0.14212,96.212,8.242215,486750879744.0,72.35401,46.93955,10.96,16.89407,3.6,0.44,1782345600.0,0.3036,0.39,,9.94,6959289856.0,,0.489
2026-10-09T03:05:37.553451,JKIL.NS,J. Kumar Infraprojects Limited,Engineering & Construction,Industrials,NSE,https://www.jkumar.com,Mumbai,400057,32698847232.0,1791453591.0,432.15,442.2,443.0,430.0,250084.0,442.2,-10.050018,-2.2727315,425.0,672.0,936.8,17.6,484.526,-52.376007,-0.10809741,504.78024,-72.63025,-0.14388488,7.149994,0.016823515,-239.85,-0.35691965,425.0 - 672.0,74164.0,65528.0,74164.0,38459630.0,75665506.0,75665506.0,0.54636,0.15759,6928745984.0,91.494,6211883008.0,57503514624.0,760.245,,,13505939456.0,-0.058,0.018,0.23487,0.14310999,0.10782,0.06622,447.924,0.96478415,32006758400.0,8.58292,6.2477126,50.35,69.16931,4.0,0.9,1789430400.0,0.0795,0.63,2:1,0.557,3807664896.0,1449705600.0,0.315
2026-10-09T03:05:37.553451,SHAKTIPUMP.NS,Shakti Pumps (India) Limited,Specialty Industrial Machinery,Industrials,NSE,https://shaktipumps.com,Pithampur,452020,52647743488.0,1791453603.0,426.65,447.0,447.3,423.0,699904.0,447.4,-20.75,-4.637908,423.0,829.95,1387.0,4.683333,483.576,-56.925995,-0.11771882,540.7075,-114.057526,-0.21094126,3.649994,0.0086288275,-403.30002,-0.48593292,423.0 - 829.95,637393.0,468265.0,637393.0,53994014.0,123397965.0,123397965.0,0.5403,0.05218,6838900224.0,55.421,5052800000.0,29400799232.0,238.348,,,8432600064.0,-0.481,0.379,0.28682,0.12393,0.08767,0.07222,138.216,3.086835,50861641728.0,26.031116,13.291278,16.39,32.1,1.0,0.22,1785283200.0,0.0582,0.15,6:1,1.73,2123399936.0,1732492800.0,-0.159
2026-10-09T03:05:37.553451,RATEGAIN.NS,RateGain Travel Technologies Limited,Software - Application,Technology,NSE,https://rategain.com,Noida,201301,98405720064.0,1791453588.0,830.95,855.0,867.95,828.4,148917.0,854.55,-23.599976,-2.7616847,437.0,1050.0,1050.0,235.0,895.549,-64.599,-0.07213341,723.7155,107.2345,0.14817217,393.95,0.90148747,-219.04999,-0.20861904,437.0 - 1050.0,435798.0,235795.0,435798.0,59868944.0,118425559.0,118425559.0,0.53789,0.22187,2096320000.0,17.736,9486940160.0,23356510208.0,197.78,,,14383660032.0,1.015,1.876,0.61583,0.19145,0.17071,0.103769995,169.847,4.8923445,105604153344.0,40.57373,22.569014,20.48,36.81818,,0.0,,0.0,,,4.521,2423650048.0,,0.82
2026-10-09T03:05:37.553451,ATGL.NS,Adani Total Gas Limited,Utilities - Regulated Gas,Utilities,NSE,https://www.adanigas.com,Ahmedabad,382421,618313220096.0,1791453603.0,562.2,585.0,585.0,560.0,736295.0,581.9,-19.700012,-3.3854632,462.8,859.85,4000.0,72.0,624.166,-61.966003,-0.09927808,613.7308,-51.53076,-0.08396314,99.400024,0.21477966,-297.64996,-0.346165,462.8 - 859.85,1646842.0,597162.0,1646842.0,222370601.0,1099810083.0,1099810083.0,0.79767996,0.074,5449200128.0,4.955,28532299776.0,62693601280.0,57.043,,,17707900928.0,-0.14,0.272,0.28245002,0.18347,0.11602,0.100839995,44.233,12.709968,641396310016.0,101.11511,,5.56,,0.25,0.04,1781222400.0,0.0435,0.02,,10.231,6321999872.0,,0.601
2026-10-09T03:05:37.553451,TRANSRAILL.NS,Transrail Lighting Limited,Engineering & Construction,Industrials,NSE,https://www.transrail.in,Mumbai,400051,63388983296.0,1791453599.0,472.15,484.0,486.5,469.0,858444.0,479.3,-7.149994,-1.4917576,400.65,764.9,855.8,394.55,455.304,16.846008,0.036999475,502.61325,-30.463257,-0.060609736,71.5,0.17846,-292.75003,-0.3827298,400.65 - 764.9,1071540.0,1621297.0,1071540.0,38576492.0,134256025.0,134256025.0,0.75988,0.00341,7642399744.0,56.957,6781300224.0,68453400576.0,509.844,,,20838299648.0,0.02,0.04,0.30442,0.12019,0.10736,0.05935,169.974,2.7777777,62491561984.0,15.9780035,12.392388,29.55,38.1,2.0,0.42,1789084800.0,0.1267,,,0.913,4062799872.0,,
2026-10-09T03:05:37.553451,VARROC.NS,Varroc Engineering Limited,Auto Parts,Consumer Cyclical,NSE,https://varroc.com,Aurangabad,431136,122682580992.0,1791453595.0,802.9,824.75,824.75,797.0,201772.0,823.75,-20.849976,-2.5311048,462.0,912.2,1178.7,120.0,821.635,-18.734985,-0.022802077,629.9523,172.94775,0.27454105,340.90002,0.73787886,-109.29999,-0.1198202,462.0 - 912.2,569577.0,233111.0,569577.0,38195072.0,152799335.0,152786400.0,0.75,0.122770004,2424740096.0,15.87,9246380032.0,94971789312.0,621.593,,,32287369216.0,-0.265,0.299,0.33997002,0.085489996,0.052550003,0.020769998,116.609,6.8854036,129872330752.0,62.143963,21.843079,12.92,36.75764,1.5,0.18,1786060800.0,0.0774,,,1.367,1972409984.0,,0.328
2026-10-09T03:05:37.553451,AGI.NS,AGI Greenpac Limited,Packaging & Containers,Consumer Cyclical,NSE,https://agigreenpac.com,Gurugram,122001,50632167424.0,1791453599.0,782.6,783.2,802.05,776.7,113087.0,787.5,-4.9000244,-0.62222534,465.0,896.15,1307.9,1.159761,751.38,31.21997,0.041550174,649.61676,132.98322,0.20471026,317.59998,0.6830107,-113.55005,-0.12670875,465.0 - 896.15,167030.0,114301.0,167030.0,18745197.0,64697381.0,64697381.0,0.70745003,0.01161,1697900032.0,26.25,2437600000.0,27629299712.0,427.07,,,14218000384.0,0.119,0.142,0.5146,0.22517,0.16576,0.13108,372.015,2.1036785,51359043584.0,14.067948,8.118257,55.63,96.4,7.0,0.89,1789430400.0,0.125,0.88,,1.859,3621600000.0,,-0.168
2026-10-09T03:05:37.553451,SARDAEN.NS,Sarda Energy & Minerals Limited,Steel,Basic Materials,NSE,https://www.seml.co.in,Raipur,493 111,173336346624.0,1791453593.0,491.9,499.35,500.5,488.05,271366.0,499.35,-7.450012,-1.4919419,453.1,624.0,639.75,7.105,506.987,-15.087006,-0.02975817,520.806,-28.906036,-0.0555025,38.799988,0.08563228,-132.1,-0.21169873,453.1 - 624.0,765970.0,261029.0,765970.0,70538775.0,352381270.0,352381270.0,0.74848,0.02884,23797499904.0,67.511,26319200256.0,56653799424.0,160.736,,,28666499072.0,0.054,-0.015,0.50598997,0.3234,0.35115,0.19941,208.985,2.3537574,176979345408.0,15.347894,10.392985,32.05,47.33,2.0,0.4,1786665600.0,0.0468,0.35,10:1,3.124,11297500160.0,1691107200.0,0.52
2026-10-09T03:05:37.553451,VMART.NS,V-Mart Retail Limited,Department Stores,Consumer Cyclical,NSE,https://www.vmart.co.in,Gurugram,122015,64547581952.0,1791453594.0,811.15,805.0,825.0,786.05,85252.0,806.2,4.950012,0.6139931,457.9,888.0,1212.2,25.8125,804.187,6.9630127,0.008658449,683.14923,128.0008,0.18736872,353.25003,0.7714567,-76.849976,-0.08654276,457.9 - 888.0,119861.0,91901.0,119861.0,37768114.0,79575390.0,79575390.0,0.51902,0.35445,542200000.0,6.824,9575900160.0,39929499648.0,502.8,,,13233399808.0,0.404,0.23,0.33141997,0.08821999,0.07043,0.03446,119.698,6.776638,73486295040.0,46.887287,30.892551,17.3,26.25714,1.0,0.12,1784246400.0,0.0,0.05,4:1,1.84,1376099968.0,1750636800.0,0.712
2026-10-09T03:05:37.553451,TIPSMUSIC.NS,Tips Music Limited,Entertainment,Communication Services,NSE,https://tips.in,Mumbai,400054,78603739136.0,1791453600.0,618.15,642.8,643.0,616.05,325889.0,639.9,-21.75,-3.3989682,481.15,741.0,950.0,1.657715,655.154,-37.003967,-0.056481328,610.42676,7.7232666,0.012652242,137.00003,0.28473455,-122.849976,-0.16578944,481.15 - 741.0,548334.0,234645.0,548334.0,43986996.0,127159644.0,127159644.0,0.65709,0.071440004,1578924032.0,12.357,50995000.0,3939587072.0,30.821,,,3076782080.0,-0.047,0.209,0.78099,0.69271004,0.49368,0.54473996,20.336,30.396833,77456998400.0,36.816555,26.915092,16.79,22.96667,9.0,1.41,1769126400.0,0.7743,0.26,10:1,19.661,2146061056.0,1682035200.0,0.24
2026-10-09T03:05:37.553451,JUSTDIAL.NS,Just Dial Limited,Internet Content & Information,Communication Services,NSE,https://www.justdial.com,Mumbai,400064,53721223168.0,1791453600.0,631.65,661.0,662.45,625.4,69726.0,657.4,-25.75,-3.9169452,480.5,878.6,1894.4,250.0,678.641,-46.990967,-0.069242746,613.2245,18.425537,0.03004697,151.15002,0.31456822,-246.94995,-0.2810721,480.5 - 878.6,1830526.0,81647.0,1830526.0,22125804.0,85049032.0,85049032.0,0.74143,0.12665,58522599424.0,687.963,845100032.0,12434700288.0,146.204,,,4967600128.0,0.041,0.099,0.39949,0.29598,0.23486,0.40499002,600.447,1.0519663,-3945226240.0,10.2390995,9.1843195,61.69,68.77483,,0.0,1441843200.0,0.0,,,-0.317,5035899904.0,,0.109
2026-10-09T03:05:37.553451,RKFORGE.NS,Ramkrishna Forgings Limited,Metal Fabrication,Industrials,NSE,https://ramkrishnaforgings.com,Kolkata,700017,129785544704.0,1791453599.0,700.75,715.3,716.0,693.1,647951.0,716.4,-15.650024,-2.184537,460.15,772.8,1064.05,4.1,717.904,-17.153992,-0.023894548,593.7667,106.98328,0.18017729,240.6,0.522873,-72.04999,-0.093232386,460.15 - 772.8,1453391.0,643204.0,1453391.0,83126598.0,185209483.0,185209483.0,0.58149,0.11604,1664913024.0,9.163,24487675904.0,44394872832.0,245.371,,,19579238400.0,2.892,0.198,0.44102,0.16129999,0.09783,0.02408,181.758,3.8554013,150152839168.0,123.154655,34.979206,5.69,20.03333,1.0,0.14,1778198400.0,0.1718,0.23,5:1,3.382,1068873024.0,1647216000.0,0.456
2026-10-09T03:05:37.553451,SFL.NS,Sheela Foam Limited,"Furnishings, Fixtures & Appliances",Consumer Cyclical,NSE,https://www.sheelafoam.com,Noida,201301,66182664192.0,1791453589.0,606.05,620.15,620.65,601.0,83640.0,620.05,-14.0,-2.2578824,456.8,832.45,2027.5,455.0,672.642,-66.59204,-0.099000715,616.76624,-10.716248,-0.017374894,149.25,0.32672942,-226.40002,-0.2719683,456.8 - 832.45,267926.0,123410.0,267926.0,47051340.0,109203314.0,109203314.0,0.65391,0.18223,1702599936.0,15.591,9079799808.0,40313700352.0,369.067,,,15738500096.0,7.265,0.256,0.39040002,0.100530006,0.0727,0.05321,297.801,2.0350838,73642770432.0,31.631002,21.415194,19.16,28.3,1.0,0.16,1783555200.0,0.0,,2:1,1.827,2145100032.0,1671580800.0,0.247
2026-10-09T03:05:37.553451,PGEL.NS,PG Electroplast Limited,Electronic Components,Technology,NSE,https://www.pgel.in,Greater Noida,201306,146285215744.0,1791452698.0,510.6,520.2,532.45,510.5,1883160.0,522.0,-11.399994,-2.183907,436.55,644.4,1054.2,2.47,561.337,-50.73697,-0.090385936,549.1515,-38.551483,-0.07020191,74.05002,0.16962552,-133.80002,-0.20763503,436.55 - 644.4,1664791.0,1674109.0,1664791.0,154357757.0,286496708.0,286496708.0,0.45056,0.27719,3893722112.0,13.64,5965281792.0,58181287936.0,204.02,,,9884027904.0,0.137,0.353,0.16988,0.07162,0.05983,0.03537,106.69,4.785828,147828359168.0,73.04721,31.11307,6.99,16.41111,0.25,0.05,1789689600.0,0.035099998,,10:1,2.541,2058007040.0,1720569600.0,-0.11
2026-10-09T03:05:37.553451,HINDZINC.NS,Hindustan Zinc Limited,Other Industrial Metals & Mining,Basic Materials,NSE,https://www.hzlindia.com,Udaipur,313004,2246813417472.0,1791452700.0,531.75,554.0,554.0,530.75,2062881.0,551.0,-19.25,-3.493648,453.5,733.0,807.7,1.48,580.457,-48.70697,-0.08391143,585.03723,-53.28723,-0.09108349,78.25,0.17254686,-201.25,-0.2745566,453.5 - 733.0,4880339.0,2968217.0,4880339.0,479573707.0,4225319000.0,4225319000.0,0.88629997,0.0554,136509997056.0,32.308,88330002432.0,448330006528.0,105.967,,,339809992704.0,1.446,0.717,0.75795,0.58674,0.54707,0.38068,53.556,9.92886,2198633316352.0,13.641611,11.816667,38.98,45.0,11.0,2.0,1777507200.0,0.2723,4.95,5:1,4.904,170669998080.0,1299456000.0,0.673
2026-10-09T03:05:37.553451,ORCHPHARMA.NS,Orchid Pharma Limited,Drug Manufacturers - Specialty & Generic,Healthcare,NSE,https://www.orchidpharma.com,Chennai,603110,49765584896.0,1791453596.0,981.2,1029.05,1029.05,975.0,93606.0,1023.95,-42.75,-4.1750083,480.0,1143.5,2654.25,3.0,1004.421,-23.221008,-0.0231188,799.23724,181.96277,0.22767054,501.2,1.0441667,-162.29999,-0.14193265,480.0 - 1143.5,117644.0,99299.0,117644.0,48086552.0,50719105.0,50719105.0,0.59151,0.17267,832110976.0,13.936,3625882112.0,8523127808.0,168.17,,,3055247104.0,-0.816,0.759,0.35847,0.07123,0.0100300005,0.03457,253.981,3.863281,61382311936.0,609.441,23.361904,1.61,42.0,,0.0,1347494400.0,0.0,1.73,3:2,7.202,294636000.0,1126742400.0,0.488
2026-10-09T03:05:37.553451,IRCTC.NS,Indian Railway Catering & Tourism Corporation Limited,Travel Services,Consumer Cyclical,NSE,https://www.irctc.com,New Delhi,110029,359879999488.0,1791453603.0,449.85,453.95,457.25,448.0,815505.0,453.65,-3.7999878,-0.83764744,446.5,735.75,1279.26,125.0,478.9,-29.049988,-0.060659822,534.43823,-84.58823,-0.15827502,3.350006,0.0075028134,-285.9,-0.38858306,446.5 - 735.75,840722.0,845842.0,840722.0,300604391.0,800000000.0,800000000.0,0.62397,0.16853,28675233792.0,35.87,807259008.0,54247112704.0,67.844,,,19030241280.0,0.0,0.181,0.35081002,0.30612,0.2733,0.25677,53.857,8.352675,331749294080.0,26.04806,20.08259,17.27,22.4,9.0,1.98,1790035200.0,0.5454,0.53,5:1,6.116,13929101312.0,1635379200.0,0.287
2026-10-09T03:05:37.553451,VTL.NS,Vardhman Textiles Limited,Textile Manufacturing,Consumer Cyclical,NSE,https://www.vardhman.com,Ludhiana,141010,152655052800.0,1791453589.0,527.35,535.05,540.3,525.5,133897.0,536.4,-9.050049,-1.6871829,385.5,688.0,688.0,4.6,577.788,-50.43805,-0.08729508,561.613,-34.263,-0.061008207,141.84998,0.3679636,-160.65002,-0.23350294,385.5 - 688.0,729118.0,522137.0,729118.0,97644861.0,289475800.0,289475800.0,0.65511,0.16129999,10897699840.0,38.268,18549800960.0,101864701952.0,357.78,,,46325600256.0,0.492,0.133,0.45478,0.13604,0.12849,0.08324,369.412,1.4275389,158566170624.0,17.71414,12.026226,29.77,43.85,5.0,0.93,1787875200.0,0.168,1.05,5:1,1.557,8479099904.0,1648080000.0,0.215
2026-10-09T03:05:37.553451,TATATECH.NS,Tata Technologies Limited,Information Technology Services,Technology,NSE,https://www.tatatechnologies.com,Pune,411057,282063929344.0,1791453597.0,694.65,701.8,723.0,686.7,1754310.0,697.6,-2.9499512,-0.42287144,507.4,891.0,1400.0,507.4,775.607,-80.95697,-0.10437886,676.5715,18.078552,0.026720831,187.25003,0.36903828,-196.34998,-0.22037034,507.4 - 891.0,1411728.0,737041.0,1411728.0,177360186.0,406051830.0,406051830.0,0.60145,0.07919,15765199872.0,38.833,9379800064.0,59259101184.0,146.075,,,14545399808.0,0.062,0.338,0.24545,0.1397,0.13259,0.094,96.64,7.188018,275628130304.0,50.852856,29.662245,13.66,23.41866,8.35,1.2,1781740800.0,0.6082,,,4.651,5570599936.0,,0.891
2026-10-09T03:05:37.553451,PRICOLLTD.NS,Pricol Limited,Auto Parts,Consumer Cyclical,NSE,https://www.pricol.com,Coimbatore,641018,,1791453598.0,650.1,660.0,662.1,645.8,640174.0,661.25,-11.150024,-1.6862041,508.95,823.0,823.0,4.65,757.421,-107.321045,-0.14169273,628.2925,21.807495,0.034709144,141.14996,0.2773356,-172.90002,-0.21008508,508.95 - 823.0,522846.0,617916.0,522846.0,73484793.0,,,0.3966,0.24293,1256199936.0,10.307,3791600128.0,42509000704.0,348.81,,,12567100416.0,0.345,0.235,0.29563,0.12043,0.083739996,0.06303,102.96,6.314102,81770561536.0,30.097221,19.8171,21.6,32.805,4.0,0.6,1763078400.0,0.091000006,1.27,2:1,1.924,2679300096.0,1089244800.0,-0.097
2026-10-09T03:05:37.553451,CEMPRO.NS,Cemindia Projects Limited,Engineering & Construction,Industrials,NSE,https://www.cemindia.co.in,Mumbai,400072,195975282688.0,1791453601.0,1140.8,1160.0,1202.9,1132.1,553267.0,1137.8,3.0,0.26366672,503.3,1649.2,1649.2,5.73,1264.386,-123.58594,-0.09774384,964.7765,176.02356,0.18245009,637.50006,1.2666403,-508.3999,-0.30827063,503.3 - 1649.2,404417.0,176763.0,404417.0,52225143.0,171787584.0,171787584.0,0.72423,0.07558,6337800192.0,36.893,9049100288.0,102050996224.0,594.061,,,27318599680.0,0.026,0.07,0.26770002,0.10231,0.08524,0.058920003,139.684,8.167006,198686572544.0,32.575672,20.0,35.02,57.04,3.0,0.26,1781222400.0,0.1428,0.24,10:1,1.947,6013300224.0,1440115200.0,0.814
2026-10-09T03:05:37.553451,GALLANTT.NS,Gallantt Ispat Limited,Steel,Basic Materials,NSE,https://gallantt.com,Gorakhpur,273209,121400508416.0,1791453600.0,503.15,512.0,522.5,500.45,79564.0,514.55,-11.399994,-2.215527,496.25,948.0,948.0,8.0,567.83,-64.68002,-0.11390737,622.74976,-119.59976,-0.19205108,6.899994,0.01390427,-444.85,-0.46925107,496.25 - 948.0,122537.0,55798.0,122537.0,49098127.0,241280945.0,241280945.0,0.94731003,0.00088,5258695168.0,21.814,5476870144.0,44368105472.0,183.939,,,11855333376.0,-0.288,0.016,0.2672,0.14849,0.13527,0.097849995,137.422,3.6613498,121511067648.0,27.952778,,18.0,,2.0,0.39,1790121600.0,0.0694,,,2.739,4341413888.0,,1.106
2026-10-09T03:05:37.553451,DLF.NS,DLF Limited,Real Estate - Development,Real Estate,NSE,https://www.dlf.in,Gurugram,122002,1576649752576.0,1791452700.0,636.95,653.8,653.8,634.15,4390570.0,656.0,-19.049988,-2.9039617,489.4,786.5,1225.0,72.35,663.22,-26.269958,-0.039609723,621.86926,15.0807495,0.024250675,147.55002,0.30149168,-149.54999,-0.19014621,489.4 - 786.5,3896618.0,4282394.0,3896618.0,603403881.0,2475311706.0,2475311706.0,0.7414,0.14991,95860482048.0,38.727,3058931968.0,67576578048.0,27.308,,0.10102,31430825984.0,0.042,-0.529,0.46511,0.18075001,0.089940004,0.65791,183.708,3.4671872,1483840815104.0,36.52236,25.06141,17.44,25.41557,8.0,1.22,1785110400.0,0.3341,0.67,,21.958,44459048960.0,,0.483
2026-10-09T03:05:37.553451,GMDCLTD.NS,Gujarat Mineral Development Corporation Limited,Thermal Coal,Energy,NSE,https://www.gmdcltd.com,Ahmedabad,380052,147345309696.0,1791453600.0,463.35,477.9,485.9,462.1,1008400.0,477.1,-13.75,-2.8819954,462.1,771.9,771.9,6.7,555.067,-91.71701,-0.16523592,591.9675,-128.61752,-0.21727125,1.25,0.0027050423,-308.55002,-0.39972794,462.1 - 771.9,1062509.0,885492.0,1062509.0,80859695.0,318000000.0,318000000.0,0.74,0.02454,5401200128.0,16.987,3165100032.0,28274200576.0,88.904,,,25102800896.0,-0.002,0.238,0.88782996,0.16237,0.17395,0.33823,222.287,2.0844674,145089363968.0,15.409046,13.508747,30.07,34.3,9.5,1.99,1790121600.0,0.3359,0.64,2:1,5.132,9563299840.0,1224115200.0,0.364
2026-10-09T03:05:37.553451,PNGJL.NS,P N Gadgil Jewellers Limited,Luxury Goods,Consumer Cyclical,NSE,https://www.pngjewellers.com,Pune,411030,86304874496.0,1791453595.0,586.3,600.0,606.6,582.0,414424.0,597.05,-10.75,-1.8005192,503.0,736.4,848.0,473.8,610.402,-24.10199,-0.03948544,589.97,-3.669983,-0.0062206266,83.29999,0.16560633,-150.10004,-0.20382948,503.0 - 736.4,602965.0,460068.0,602965.0,31730811.0,147202585.0,135708333.0,0.76624,0.05659,5044490240.0,37.163,17370929152.0,114375163904.0,842.775,,,13959230464.0,0.519,0.407,0.12205,0.060560003,0.06822,0.03898,144.612,4.054297,91911372800.0,17.853228,14.00398,32.84,41.86667,,0.0,,0.0,,,0.804,4458129920.0,,0.263
2026-10-09T03:05:37.553451,NAVA.NS,Nava Limited,Conglomerates,Industrials,NSE,https://www.navalimited.com,Hyderabad,500 034,154263715840.0,1791453593.0,544.5,570.0,571.5,539.1,569036.0,570.45,-25.950012,-4.549042,501.65,739.4,739.4,0.93,561.547,-17.046997,-0.030357204,586.13525,-41.635254,-0.07103352,42.850006,0.085418135,-194.90002,-0.26359212,501.65 - 739.4,286527.0,361796.0,286527.0,135138769.0,283312597.0,283312597.0,0.50501996,0.056999996,34930257920.0,123.428,22264098816.0,43094896640.0,152.268,,,22832615424.0,-0.1,0.016,0.52981997,0.37942,0.35086,0.17541,309.02,1.7620219,161615757312.0,20.362753,,26.74,,8.5,1.49,1786060800.0,0.3366,1.28,2:1,3.75,7574411776.0,1737331200.0,0.469
2026-10-09T03:05:37.553451,HCG.NS,HealthCare Global Enterprises Limited,Medical Care Facilities,Healthcare,NSE,https://www.hcgoncology.com,Bengaluru,560027,95366782976.0,1791453591.0,638.75,653.0,662.85,635.2,67592.0,657.6,-18.849976,-2.8664806,513.3,804.65,804.65,62.05,698.197,-59.44702,-0.08514362,629.5577,9.192322,0.014601238,125.45001,0.24439901,-165.90002,-0.20617662,513.3 - 804.65,178776.0,85637.0,178776.0,59492387.0,149302203.0,149302203.0,0.70642996,0.19604999,5409200128.0,36.14,17353601024.0,26273499136.0,182.015,,,9592500224.0,1.706,0.134,0.3651,0.18842,0.07458,0.008669999,92.072,6.9375057,108331008000.0,412.0968,41.816696,1.55,15.275,,0.0,,0.0,,,4.123,227800000.0,,-0.013
2026-10-09T03:05:37.553451,MAHSEAMLES.NS,Maharashtra Seamless Limited,Steel,Basic Materials,NSE,https://www.jindal.com/msl,New Delhi,110 005,86329016320.0,1791453594.0,644.25,704.55,704.55,641.15,538362.0,692.75,-48.5,-7.0010824,500.7,768.0,1097.0,52.5,658.742,-14.492004,-0.021999516,603.476,40.773987,0.06756522,143.54999,0.28669858,-123.75,-0.16113281,500.7 - 768.0,286158.0,445527.0,286158.0,52715843.0,133999252.0,133999252.0,0.72130996,0.07131,36791799808.0,274.557,133600000.0,46202699776.0,344.76,,,17296500736.0,0.156,-0.047,0.37436,0.14983,0.13951999,0.15958999,512.908,1.2560731,49673891840.0,11.709378,,55.02,,10.0,1.44,1788220800.0,0.18180001,0.84,2:1,1.075,7373499904.0,1669334400.0,0.045
2026-10-09T03:05:37.553451,KEC.NS,KEC International Limited,Engineering & Construction,Industrials,NSE,https://www.kecrpg.com,Mumbai,400030,93063520256.0,1791453603.0,349.6,363.5,364.0,348.0,1236772.0,362.5,-12.899994,-3.558619,348.0,893.0,1313.25,1.73,416.437,-66.837006,-0.16049728,523.7555,-174.15549,-0.33251294,1.6000061,0.004597719,-543.4,-0.6085107,348.0 - 893.0,1072909.0,867945.0,1072909.0,158743046.0,266200000.0,266200000.0,0.04555,0.73367995,4144600064.0,15.569,53777600512.0,235062001664.0,883.22,,,55602601984.0,-0.417,0.0,0.23653999,0.06403,0.04777,0.02355,231.393,1.5108495,142696513536.0,17.427717,9.631278,20.06,36.2984,5.5,1.52,1786060800.0,0.2644,0.62,5:1,0.607,5536099840.0,1293667200.0,0.082
2026-10-09T03:05:37.553451,ACI.NS,Archean Chemical Industries Limited,Chemicals,Basic Materials,NSE,https://www.archeanchemicals.com,Chennai,600017,57062469632.0,1791453594.0,462.2,480.95,480.95,460.0,225907.0,476.2,-14.0,-2.9399412,446.0,676.0,837.7,408.35,493.499,-31.29898,-0.06342258,545.2545,-83.054504,-0.15232246,16.200012,0.0363229,-213.79999,-0.31627217,446.0 - 676.0,382709.0,279518.0,382709.0,57363708.0,123458394.0,123458394.0,0.53433996,0.23702,490728992.0,3.975,4663793152.0,11158896640.0,90.393,,,10305099776.0,-0.237,0.119,0.92349,0.19688,0.13467,0.08724,156.684,2.9498863,61221064704.0,58.654823,14.9096775,7.88,31.0,2.5,0.53,1780617600.0,0.3173,,,5.486,973465024.0,,0.177
2026-10-09T03:05:37.553451,BANCOINDIA.NS,Banco Products (India) Limited,Auto Parts,Consumer Cyclical,NSE,https://www.bancoindia.com,Vadodara,391410,84234665984.0,1791453595.0,588.9,601.05,605.35,588.0,55576.0,600.2,-11.299988,-1.8827035,502.0,865.0,879.8,1.208,620.44,-31.539978,-0.050834857,621.361,-32.461,-0.05224177,86.900024,0.17310762,-276.09998,-0.3191907,502.0 - 865.0,116002.0,68342.0,116002.0,42947374.0,143037300.0,143037300.0,0.69953,0.01227,1593200000.0,11.144,6137699840.0,41101901824.0,287.397,,,19271200768.0,0.117,0.22,0.46886003,0.17622,0.15043001,0.12031999,117.787,4.999703,88737939456.0,17.149097,,34.34,,16.0,2.67,1789084800.0,0.4338,2.51,2:1,2.159,4945399808.0,1735516800.0,0.659
2026-10-09T03:05:37.553451,JUBLINGREA.NS,Jubilant Ingrevia Limited,Specialty Chemicals,Basic Materials,NSE,https://jubilantingrevia.com,Noida,201301,97831567360.0,1791453595.0,620.3,641.95,642.95,616.0,201226.0,642.55,-22.25,-3.4627657,537.3,795.0,885.0,241.3,682.926,-62.626038,-0.09170252,663.656,-43.356018,-0.06532905,83.0,0.15447609,-174.70001,-0.21974844,537.3 - 795.0,401761.0,340176.0,401761.0,73116882.0,157716549.0,157716549.0,0.50882,0.27877,1899299968.0,12.025,7918099968.0,46504701952.0,294.423,,,17902399488.0,0.406,0.253,0.38496,0.13338,0.113900006,0.06637,197.83,3.1355202,103989166080.0,33.047413,20.79614,18.77,29.82765,5.0,0.78,1784851200.0,0.2572,0.42,,2.236,3086299904.0,,0.279
2026-10-09T03:05:37.553451,ZENSARTECH.NS,Zensar Technologies Limited,Information Technology Services,Technology,NSE,https://www.zensar.com,Pune,411014,100271841280.0,1791453603.0,441.8,444.5,456.8,439.9,2373428.0,439.3,2.5,0.5690872,416.15,822.0,984.95,3.4,463.558,-21.758026,-0.046937007,530.25775,-88.45776,-0.16682032,25.649994,0.061636414,-380.2,-0.46253043,416.15 - 822.0,3777083.0,1393540.0,3777083.0,139458650.0,226962075.0,226962075.0,0.5011,0.25319,25873000448.0,113.73,793000000.0,58106998784.0,256.126,,,11879999488.0,0.009,0.089,0.20445,0.15099,0.12755999,0.13362001,207.438,2.129793,75427053568.0,13.094249,11.618671,33.74,38.025,15.0,3.41,1784246400.0,0.397,1.3,5:1,1.298,7763999744.0,1536278400.0,0.232
2026-10-09T03:05:37.553451,ICICIPRULI.NS,ICICI Life Insurance Limited,Insurance - Life,Financial Services,NSE,https://www.iciciprulife.com,Mumbai,400025,663007395840.0,1791452700.0,457.0,458.0,458.05,448.75,1463053.0,457.5,-0.5,-0.109289624,441.8,706.8,796.8,226.1,487.311,-30.311005,-0.062200535,544.1398,-87.13977,-0.16014226,15.200012,0.034404736,-249.79999,-0.35342386,441.8 - 706.8,1709384.0,1292927.0,1709384.0,349100913.0,1450782117.0,1450782117.0,0.23643999,0.70293,1375800064.0,0.948,25949999104.0,662179217408.0,457.124,0.0034400001,0.12571,67725799424.0,0.285,0.125,0.10228,0.0275,0.0164,0.02555,94.055,4.858859,688048832512.0,39.464596,31.80168,11.58,14.37031,1.65,0.36,1780617600.0,0.1418,0.13,,1.039,16919900160.0,,0.495
2026-10-09T03:05:37.553451,GRANULES.NS,Granules India Limited,Drug Manufacturers - Specialty & Generic,Healthcare,NSE,https://www.granulesindia.com,Hyderabad,500084,222329208832.0,1791453600.0,815.05,850.0,850.0,810.3,670980.0,845.3,-30.25,-3.5786111,529.85,923.65,923.65,2.525,853.626,-38.57599,-0.04519074,726.563,88.487,0.12178848,285.2,0.5382656,-108.60004,-0.11757704,529.85 - 923.65,1026804.0,715034.0,1026804.0,142701291.0,272779827.0,272779827.0,0.39629,0.24705,9343949824.0,37.708,15120409600.0,56323100672.0,230.414,,,34922541056.0,0.534,0.22,0.62004,0.22511,0.17556,0.1176,205.208,3.9718237,207743336448.0,30.276745,20.822443,26.92,39.14286,1.75,0.21,1785369600.0,0.0557,0.31,10:1,3.688,6623479808.0,1427068800.0,0.12
2026-10-09T03:05:37.553451,GODREJAGRO.NS,Godrej Agrovet Limited,Packaged Foods,Consumer Defensive,NSE,https://www.godrejagrovet.com,Mumbai,400079,123133673472.0,1791453602.0,639.95,638.0,649.1,627.4,351769.0,639.6,0.35003662,0.05472743,506.1,698.4,876.7,265.05,618.867,21.083008,0.034067106,586.7908,53.15924,0.09059318,133.85,0.26447344,-58.450012,-0.08369131,506.1 - 698.4,461715.0,236271.0,461715.0,42121973.0,192411390.0,192411390.0,0.727,0.10045999,3087099904.0,16.051,15740800000.0,104788901888.0,544.732,,,25970900992.0,-0.163,0.096,0.24784,0.079239994,0.06434,0.042630002,105.656,6.056921,137050439680.0,27.560295,18.810993,23.22,34.02,11.0,1.72,1785283200.0,0.4739,1.65,,1.308,4467599872.0,,0.322
2026-10-09T03:05:37.553451,JBMA.NS,JBM Auto Limited,Auto Parts,Consumer Cyclical,NSE,https://www.jbmgroup.com,Gurugram,122003,124537880576.0,1791453599.0,526.6,545.1,549.0,524.5,212696.0,547.0,-20.400024,-3.7294376,477.0,738.5,1214.175,0.25,615.8,-89.20001,-0.14485225,615.38525,-88.78528,-0.14427593,49.599976,0.10398318,-211.90002,-0.286933,477.0 - 738.5,482594.0,208298.0,482594.0,40286775.0,236494264.0,236494264.0,0.82996005,0.01566,1295000064.0,5.462,30287998976.0,62769401856.0,265.058,,,20056100864.0,0.141,0.15,0.31952,0.11637,0.08274,0.03571,48.278,10.90766,154373324800.0,55.548523,26.56912,9.48,19.82,0.85,0.16,1788912000.0,0.089899994,0.11,2:1,2.459,2241799936.0,1738281600.0,0.171
2026-10-09T03:05:37.553451,SUPRIYA.NS,Supriya Lifescience Limited,Biotechnology,Healthcare,NSE,https://www.supriyalifescience.com,Mumbai,400063,69323857920.0,1791453600.0,861.35,894.35,894.35,850.1,241364.0,889.25,-27.900024,-3.1374784,545.5,1085.0,1085.0,170.15,875.766,-14.416016,-0.016461035,774.9385,86.4115,0.11150756,315.84998,0.57901,-223.65002,-0.20612906,545.5 - 1085.0,308548.0,370318.0,308548.0,25492013.0,80482800.0,80482800.0,0.71282,0.048720002,788670016.0,9.808,54350000.0,8725220352.0,108.438,,,5938800128.0,-0.308,0.326,0.68065,0.33178002,0.21396999,0.22736,148.771,5.789771,68528013312.0,34.943203,22.199741,24.65,38.8,1.0,0.11,1788480000.0,0.040599998,0.15,,7.854,1983730048.0,,0.632
2026-10-09T03:05:37.553451,GOKEX.NS,Gokaldas Exports Limited,Apparel Manufacturing,Consumer Cyclical,NSE,https://www.gokaldasexports.com,Bengaluru,560022,47802662912.0,1791453601.0,652.35,674.75,675.0,647.1,198075.0,673.0,-20.650024,-3.0683544,531.0,954.9,1262.15,24.0,755.187,-102.837036,-0.13617426,716.33875,-63.98877,-0.08932753,121.349976,0.22853103,-302.55005,-0.31683952,531.0 - 954.9,271418.0,295599.0,271418.0,61439773.0,73277628.0,73277628.0,0.12638,0.53827,4249924096.0,58.043,12732076032.0,41853657088.0,571.414,,,21297936384.0,0.034,0.207,0.50887,0.08741,0.053200003,0.024600001,294.968,2.2115958,56247324672.0,50.452435,15.550654,12.93,41.95,,0.0,1694563200.0,0.0,0.6,2:1,1.344,1029566016.0,1170892800.0,-0.025
2026-10-09T03:05:37.553451,BLACKBUCK.NS,BlackBuck Limited,Software - Application,Technology,NSE,https://www.blackbuck.com,Bengaluru,560034,107084660736.0,1791453592.0,587.6,617.0,617.95,586.5,195092.0,616.4,-28.800049,-4.6722984,496.0,748.0,748.0,248.35,594.046,-6.446045,-0.010851087,579.0425,8.557495,0.0147787,91.599976,0.18467738,-160.40002,-0.21443854,496.0 - 748.0,620306.0,465702.0,620306.0,117425055.0,182240745.0,182240745.0,0.32367,0.41746,6476480000.0,35.48,592110016.0,7125250048.0,39.039,,,5468899840.0,0.257,0.421,0.76754,0.23625,0.1331,0.23692,77.872,7.545716,101376794624.0,66.92483,40.957237,8.78,14.34667,,0.0,,0.0,,,14.228,1688140032.0,,
2026-10-09T03:05:37.553451,SUNTV.NS,Sun TV Network Limited,Broadcasting,Communication Services,NSE,https://www.suntv.in,Chennai,600028,242046763008.0,1791453600.0,614.2,634.9,639.8,610.5,1100802.0,636.5,-22.299988,-3.5035331,447.2,663.9,1097.8,122.15,494.926,119.27402,0.24099363,541.0925,73.10748,0.13511087,167.0,0.3734347,-49.700012,-0.074860685,447.2 - 663.9,1366808.0,5868659.0,1366808.0,84811034.0,394084620.0,394084620.0,0.78471,0.13565,65495998464.0,166.275,1059299968.0,45024198656.0,114.35,,,30379999232.0,0.17,0.13,0.67475,0.55379003,0.43866003,0.33966,321.506,1.9103842,177662885888.0,15.813595,13.802247,38.84,44.5,20.0,3.14,1787011200.0,0.3218,2.55,2:1,3.946,15292999680.0,1185148800.0,0.119
2026-10-09T03:05:37.553451,AEGISLOG.NS,Aegis Logistics Limited,Oil & Gas Refining & Marketing,Energy,NSE,https://aegisindia.com,Mumbai,400013,485187321856.0,1791453602.0,1382.3,1473.9,1473.9,1372.7,880558.0,1460.2,-77.8999,-5.334879,576.1,1528.7,1528.7,0.431999,1340.648,41.6521,0.031068634,943.16724,439.1328,0.46559379,806.2001,1.39941,-146.3999,-0.09576759,576.1 - 1528.7,1170325.0,856593.0,1170325.0,122039190.0,351000000.0,351000000.0,0.67539,0.15747,44138561536.0,125.751,41499369472.0,89706553344.0,255.589,,,23753871360.0,2.69,0.371,0.26479998,0.21219,0.28032,0.13949001,172.508,8.012962,509841047552.0,40.95704,32.836533,33.75,42.09641,13.4,0.92,1783641600.0,0.1683,0.88,10:1,5.683,12512738304.0,1442361600.0,0.489
2026-10-09T03:05:37.553451,JKLAKSHMI.NS,JK Lakshmi Cement Limited,Building Materials,Basic Materials,NSE,https://www.jklakshmicement.com,New Delhi,110002,58347880448.0,1791453599.0,470.0,471.65,475.0,461.45,117933.0,471.65,-1.6499939,-0.3498344,461.45,884.95,1021.2,15.5,526.628,-56.62799,-0.107529394,620.3657,-150.36572,-0.24238238,8.549988,0.018528525,-414.95,-0.46889657,461.45 - 884.95,198022.0,172528.0,198022.0,65534601.0,124144426.0,124144426.0,0.47227,0.30061,12268600320.0,98.825,25857800192.0,69264801792.0,557.877,,,38646398976.0,-0.281,0.094,0.55794996,0.13475001,0.09232,0.053400002,312.993,1.501631,71912079360.0,15.782404,9.325397,29.78,50.4,6.5,1.38,1784246400.0,0.0,0.74,2:1,1.038,3699000064.0,1261008000.0,0.452
2026-10-09T03:05:37.553451,BIKAJI.NS,Bikaji Foods International Limited,Packaged Foods,Consumer Defensive,NSE,https://www.bikaji.com,Bikaner,334004,117507612672.0,1791453589.0,468.65,483.4,488.05,466.75,146916.0,483.55,-14.899994,-3.081376,466.75,768.5,1007.95,303.0,586.291,-117.64102,-0.20065296,636.8955,-168.24551,-0.264165,1.8999939,0.0040706885,-299.85,-0.39017567,466.75 - 768.5,237982.0,783691.0,237982.0,211172703.0,250736400.0,250736400.0,0.73877996,0.19801001,2423301888.0,9.665,2993338112.0,30754557952.0,122.725,,,10707121152.0,0.004,0.125,0.34814999,0.13103,0.09911,0.08406,64.091,7.3122587,119081803776.0,46.95892,33.60594,9.98,13.94545,1.25,0.26,1784246400.0,0.096999995,,,3.872,2585094912.0,,0.264
2026-10-09T03:05:37.553451,GANESHHOU.NS,Ganesh Housing Limited,Real Estate - Development,Real Estate,NSE,https://www.ganeshhousing.com,Ahmedabad,380054,57687187456.0,1791453591.0,691.8,699.0,703.45,676.7,40397.0,701.1,-9.299988,-1.3264853,500.0,899.7,1485.0,17.35,766.574,-74.77399,-0.09754308,722.745,-30.945007,-0.042815942,191.79999,0.38359997,-207.90002,-0.23107705,500.0 - 899.7,39818.0,37157.0,39818.0,14551419.0,83387090.0,83387090.0,0.82202005,0.00437,587974976.0,7.049,3048823040.0,6405025792.0,76.813,,,4634740224.0,-0.549,0.856,0.72361,0.63137,0.38744,0.41397,279.608,2.474178,60166045696.0,21.761559,,31.79,,1.5,0.21,1788134400.0,0.1573,1.96,3:2,9.394,2651504128.0,1468454400.0,0.046
2026-10-09T03:05:37.553451,GRAPHITE.NS,Graphite India Limited,Electrical Equipment & Parts,Industrials,NSE,https://www.graphiteindia.com,Kolkata,700016,156720545792.0,1791453599.0,802.15,830.1,831.0,794.2,1148046.0,834.05,-31.899963,-3.8247063,516.2,874.35,1127.0,4.65,757.293,44.856995,0.059233338,686.13275,116.01727,0.16908866,285.95,0.553952,-72.19995,-0.082575575,516.2 - 874.35,2297197.0,1469852.0,2297197.0,66470685.0,195375594.0,195375594.0,0.65963995,0.13473,29133299712.0,149.114,3686700032.0,30287200256.0,155.028,,,15680499712.0,0.284,0.266,0.51773,0.09994,0.14371,0.07044,299.886,2.67485,131244834816.0,76.39524,15.454692,10.5,51.90333,7.0,0.84,1784505600.0,1.0073,1.66,5:1,4.333,2133299968.0,1165795200.0,0.959
2026-10-09T03:05:37.553451,GARFIBRES.NS,Garware Technical Fibres Limited,Textile Manufacturing,Consumer Cyclical,NSE,https://www.garwarefibres.com,Pune,411019,74715635712.0,1791453596.0,765.15,773.75,780.2,750.6,17551.0,773.75,-8.599976,-1.111467,579.75,863.4,986.39,5.6,786.053,-20.902954,-0.026592297,694.89374,70.25629,0.10110364,185.40002,0.31979305,-98.25,-0.1137943,579.75 - 863.4,57553.0,25867.0,57553.0,42962964.0,97648345.0,97648345.0,0.59212,0.13114001,4203898880.0,42.688,428150016.0,16439316480.0,165.93,,,11556200448.0,0.226,0.314,0.70295995,0.1859,0.16744,0.12782,136.494,5.605741,71576363008.0,36.074966,25.762627,21.21,29.7,9.0,1.16,1788220800.0,0.4477,0.12,5:1,4.354,2101329024.0,1735862400.0,0.066
2026-10-09T03:05:37.553451,TATAINVEST.NS,Tata Investment Corporation Limited,Asset Management,Financial Services,NSE,https://www.tatainvestment.com,Mumbai,400001,308277116928.0,1791453599.0,609.3,614.05,617.85,606.4,525735.0,615.3,-6.0,-0.97513413,538.85,1082.0,1184.7,4.0,655.031,-45.731018,-0.06981504,657.35077,-48.05078,-0.073097624,70.45001,0.13074142,-472.7,-0.43687618,538.85 - 1082.0,991333.0,334962.0,991333.0,93292666.0,505952960.0,505952960.0,0.73807997,0.02078,324551180288.0,641.465,19179000.0,4094049024.0,8.095,,,4093656064.0,-0.018,0.041,0.9999,0.89442,0.91651,1.05248,577.547,1.0549791,-16254849024.0,103.622444,,5.88,,3.4,0.55,1781049600.0,0.5779,0.69,10:1,-3.97,4308907008.0,1760400000.0,0.323
2026-10-09T03:05:37.553451,UPL.NS,UPL Limited,Agricultural Inputs,Basic Materials,NSE,https://www.upl-ltd.com,Mumbai,400052,406623944704.0,1791452701.0,481.05,497.75,497.75,476.45,2054897.0,495.0,-13.950012,-2.8181844,476.45,812.2,864.7,6.666666,564.167,-83.117004,-0.14732696,630.7625,-149.71252,-0.23735166,4.5999756,0.009654687,-331.15002,-0.4077198,476.45 - 812.2,2164446.0,2495187.0,2164446.0,558071894.0,845284163.0,844169318.0,0.33733,0.41963002,66339999744.0,78.586,235759992832.0,528040001536.0,570.944,,,263730003968.0,,0.105,0.49945,0.15121001,0.06561,0.03825,411.008,1.1704152,641237647360.0,19.935764,10.211897,24.13,47.10682,6.0,1.21,1784246400.0,0.24700001,0.56,3:2,1.214,19499999232.0,1562025600.0,0.539
2026-10-09T03:05:37.553451,INDHOTEL.NS,The Indian Hotels Company Limited,Lodging,Consumer Cyclical,NSE,https://www.ihcltata.com,Mumbai,400021,1029476974592.0,1791452699.0,711.65,731.0,732.25,710.3,2320694.0,731.3,-19.649963,-2.6869907,565.0,757.4,894.9,11.243826,726.193,-14.542969,-0.020026313,683.8973,27.752747,0.040580284,146.65002,0.25955757,-45.75,-0.06040401,565.0 - 757.4,2371635.0,5538887.0,2371635.0,853114790.0,1446605715.0,1446605715.0,0.39345002,0.36823002,43310501888.0,30.427,28365500416.0,102826500096.0,72.225,,,64787501056.0,0.207,0.151,0.63007,0.33486,0.24399,0.20868999,91.696,7.7609715,1016887902208.0,48.54366,38.14701,14.66,18.65546,3.25,0.44,1782172800.0,0.2157,0.21,10:1,9.889,21459099648.0,1161907200.0,-0.085
2026-10-09T03:05:37.553451,HDFCLIFE.NS,HDFC Life Insurance Company Limited,Insurance - Life,Financial Services,NSE,https://www.hdfclife.com,Mumbai,400 011,1182680743936.0,1791452698.0,544.5,545.1,549.4,542.05,2479876.0,546.05,-1.5499878,-0.28385457,508.7,788.5,820.75,307.0,539.623,4.877014,0.009037818,609.52075,-65.02075,-0.10667521,35.799988,0.07037544,-244.0,-0.30944833,508.7 - 788.5,3925901.0,4455587.0,3925901.0,1001206820.0,2172049147.0,2172049147.0,0.5742,0.2899,26966700032.0,12.413,30990000128.0,1040789667840.0,482.281,0.00377,0.10828,106119397376.0,0.119,0.143,0.10196,0.02345,0.02187,0.019,89.802,6.063339,1186935865344.0,59.508198,46.13195,9.15,11.8031,2.1,0.38,1781827200.0,0.22950001,0.31,,1.14,19772801024.0,,0.511
2026-10-09T03:05:37.553451,CHOICEIN.NS,Choice International Limited,Capital Markets,Financial Services,NSE,https://choiceindia.com,Mumbai,400099,158316118016.0,1791453588.0,710.65,723.75,726.0,708.1,152044.0,723.7,-13.049988,-1.8032316,568.7,860.5,860.5,74.25,778.144,-67.49396,-0.086737104,739.51276,-28.862732,-0.03902939,141.95001,0.24960437,-149.84998,-0.17414291,568.7 - 860.5,519282.0,410301.0,519282.0,57729430.0,222776500.0,222776500.0,0.60051996,0.10701,5428152832.0,26.701,9076511744.0,11299279872.0,57.602,,,7367107072.0,0.154,0.344,0.65199995,0.0,0.27432,0.20173,84.535,8.406577,149641773056.0,61.903316,47.282104,11.48,15.03,,0.0,,0.0,,2:1,13.243,2279428096.0,1708387200.0,-0.292
2026-10-09T03:05:37.553451,TITAGARH.NS,Titagarh Rail Systems Limited,Railroads,Industrials,NSE,https://www.titagarh.in,Kolkata,700107,104776187904.0,1791453600.0,778.0,799.65,799.65,772.1,314121.0,799.75,-21.75,-2.7196,568.7,971.0,1896.95,13.93,835.864,-57.864014,-0.069226585,791.62177,-13.621765,-0.017207416,209.29999,0.36803234,-193.0,-0.19876416,568.7 - 971.0,471366.0,397254.0,471366.0,79865120.0,134673768.0,134673768.0,0.40615,0.20506,3171899904.0,23.587,6231199744.0,32715900928.0,242.891,,,8698399744.0,0.67,0.126,0.26588,0.11409,0.10446,0.06072,180.678,4.306003,107691597824.0,57.20588,22.882353,13.6,34.0,1.0,0.13,1790121600.0,0.0715,0.62,5:1,3.292,1968600064.0,1429747200.0,0.82
2026-10-09T03:05:37.553451,TATACHEM.NS,Tata Chemicals Limited,Chemicals,Basic Materials,NSE,https://www.tatachemicals.com,Mumbai,400001,151057727488.0,1791453598.0,592.95,612.0,613.9,591.0,743726.0,609.8,-16.849976,-2.763197,580.3,944.5,1349.0,13.888264,648.134,-55.18396,-0.08514283,697.81775,-104.86774,-0.15027955,12.650024,0.021799112,-351.55,-0.3722075,580.3 - 944.5,1581762.0,1319901.0,1581762.0,155951603.0,254756278.0,254756278.0,0.38709998,0.26825002,11360000000.0,44.592,80010002432.0,151200006144.0,594.133,,,93780000768.0,,0.144,0.62024,0.10090999,0.051469997,-0.14319,832.403,0.7123352,229397741568.0,,19.069908,-82.63,31.09349,11.0,1.8,1781049600.0,1.7296001,1.38,,1.517,-21649999872.0,,0.615
2026-10-09T03:05:37.553451,AARTIPHARM.NS,Aarti Pharmalabs Limited,Drug Manufacturers - Specialty & Generic,Healthcare,NSE,https://www.aartipharmalabs.com,Mumbai,400080,79712092160.0,1791453603.0,879.05,956.0,958.05,868.25,1140809.0,953.35,-74.29999,-7.7935686,585.0,1002.4,1002.4,234.8,849.382,29.667969,0.034928888,738.462,140.58801,0.19037949,294.05,0.50264955,-123.35004,-0.123054706,585.0 - 1002.4,812311.0,717372.0,812311.0,49898849.0,90679813.0,90679813.0,0.44,0.12473,96159000.0,1.061,7937210880.0,19690485760.0,217.163,,,10670267392.0,0.537,0.387,0.5419,0.22323999,0.19152,0.10402001,234.275,3.7522144,87523483648.0,37.406384,34.47255,23.5,25.5,4.0,0.42,1789430400.0,0.18030001,,,4.445,2048190976.0,,0.255
2026-10-09T03:05:37.553451,PARAS.NS,Paras Defence and Space Technologies Limited,Aerospace & Defense,Industrials,NSE,https://www.parasdefence.com,Navi Mumbai,400706,100081401856.0,1791453587.0,1241.9,1286.7,1288.7,1234.1,518033.0,1286.1,-44.19995,-3.436743,580.5,1585.0,1592.7,404.7,1374.928,-133.02795,-0.09675267,975.861,266.039,0.27261975,661.4,1.1393627,-343.09998,-0.21646686,580.5 - 1585.0,1147111.0,579626.0,1147111.0,35457571.0,80587330.0,80587330.0,0.56054,0.07598,1194499968.0,14.805,270600000.0,5112900096.0,63.372,,,2597700096.0,0.425,0.373,0.50807,0.25541002,0.21437,0.18473,90.1,13.783574,99275571200.0,109.70849,74.813255,11.32,16.6,1.0,0.08,1787875200.0,0.0427,,2:1,19.417,944499968.0,1751587200.0,0.55
2026-10-09T03:05:37.553451,CAMS.NS,Computer Age Management Services Limited,Information Technology Services,Technology,NSE,https://www.camsonline.com,Chennai,600002,164577181696.0,1791452705.0,662.5,691.6,691.6,662.0,1020255.0,694.6,-32.099976,-4.6213617,611.4,844.9,1073.5,252.0,736.636,-74.13599,-0.10064128,735.51324,-73.013245,-0.09926843,51.099976,0.08357863,-182.40002,-0.21588355,611.4 - 844.9,1245259.0,1312506.0,1245259.0,247959700.0,248418378.0,248418378.0,0.0313,0.58029,8521589760.0,34.363,642350016.0,15571265536.0,62.86,,,10347608064.0,0.17,0.115,0.66453004,0.42497003,0.40046,0.31785,53.266,12.437577,156410036224.0,33.32495,25.416698,19.88,26.06554,12.8,1.84,1786492800.0,0.62880003,1.49,5:1,10.045,4949310976.0,1764892800.0,0.159
2026-10-09T03:05:37.553451,ASTERDM.NS,Aster DM Quality Care Limited,Medical Care Facilities,Healthcare,NSE,https://www.asterqualitycare.com,Bengaluru,560022,590252998656.0,1791453601.0,677.15,677.1,682.65,674.9,1342683.0,680.3,-3.1499634,-0.46302563,519.1,891.3,891.3,78.0,774.747,-97.596985,-0.12597272,712.5055,-35.35547,-0.04962133,158.05005,0.30446938,-214.14996,-0.240267,519.1 - 891.3,2503109.0,1688010.0,2503109.0,346155168.0,871672439.0,871672439.0,0.64261,0.20975,13267699712.0,25.61,22196600832.0,48760299520.0,94.323,,,28581500928.0,-0.814,0.216,0.58616,0.19906999,0.1488,0.065359995,88.795,7.625993,362314694656.0,109.74879,33.96115,6.17,19.93896,4.0,0.59,1775088000.0,0.6483,,,7.431,3186800128.0,,-0.084
2026-10-09T03:05:37.553451,INTELLECT.NS,Intellect Design Arena Limited,Software - Application,Technology,NSE,https://www.intellectdesign.com,Chennai,600130,79157174272.0,1791453600.0,567.35,591.35,603.0,564.05,467894.0,591.35,-24.0,-4.0585103,564.05,1244.6,1255.0,43.8,673.189,-105.83905,-0.15722041,725.63477,-158.28479,-0.21813287,3.2999878,0.0058505237,-677.25,-0.54415077,564.05 - 1244.6,408919.0,297907.0,408919.0,79643448.0,139520898.0,139520898.0,0.4345,0.14647001,8514050048.0,61.369,1587049984.0,31816609792.0,229.702,,,12618210304.0,0.081,0.204,0.39659,0.12917,0.1285,0.11095,228.501,2.4829211,72075362304.0,23.78826,13.77063,23.85,41.2,4.0,0.68,1784851200.0,0.1609,0.4,,2.265,3530180096.0,,0.673
2026-10-09T03:05:37.553451,BATAINDIA.NS,Bata India Limited,Footwear & Accessories,Consumer Cyclical,NSE,https://www.bata.in,Gurugram,122001,77547085824.0,1791453588.0,603.35,617.1,617.1,601.0,91893.0,615.1,-11.75,-1.9102587,601.0,1195.0,2262.0,11.85,670.809,-67.459045,-0.10056371,727.22626,-123.87628,-0.17034078,2.3499756,0.003910109,-591.65,-0.4951046,601.0 - 1195.0,367169.0,91598.0,367169.0,63645553.0,128527540.0,128527540.0,0.50471,0.30745,5264059904.0,40.957,13865700352.0,35525881856.0,276.359,,,19575369728.0,0.23,0.039,0.55102,0.13053,0.10557,0.041149996,124.145,4.8600426,86148734976.0,54.112106,28.321863,11.15,21.30333,34.0,5.53,1787097600.0,0.79160005,0.47,2:1,2.425,1461890048.0,1444176000.0,0.392
2026-10-09T03:05:37.553451,KIMS.NS,Krishna Institute of Medical Sciences Limited,Medical Care Facilities,Healthcare,NSE,https://www.kimshospitals.com,Secunderabad,500003,288607469568.0,1791453603.0,687.15,694.3,695.75,678.8,473382.0,693.95,-6.799988,-0.9798959,575.8,858.0,858.0,187.51,776.92,-89.76996,-0.11554595,723.1905,-36.040466,-0.049835373,111.35004,0.19338319,-170.84998,-0.19912584,575.8 - 858.0,592485.0,785580.0,592485.0,249038470.0,420006484.0,420006484.0,0.41736,0.41556,705000000.0,1.762,42529001472.0,42125000704.0,105.406,,,24987000832.0,-0.469,0.353,0.59316003,0.18052,0.10394,0.048499998,56.165,12.234488,319890456576.0,134.7353,40.63781,5.1,16.90913,,0.0,,0.0,,5:1,7.594,2043000064.0,1726185600.0,0.273
2026-10-09T03:05:37.553451,YATHARTH.NS,Yatharth Hospital & Trauma Care Services Limited,Medical Care Facilities,Healthcare,NSE,https://www.yatharthhospitals.com,Noida,201301,97722589184.0,1791453589.0,1014.2,1030.1,1034.4,1004.0,210051.0,1032.7,-18.499939,-1.7914149,538.25,1184.0,1184.0,306.1,965.41,48.79004,0.050538156,796.965,217.23499,0.27257782,475.95,0.8842546,-169.79999,-0.14341216,538.25 - 1184.0,535084.0,433671.0,535084.0,41526510.0,96354357.0,96354357.0,0.56938,0.12771,2633600000.0,27.309,2640920064.0,13663660032.0,141.867,,,8503199744.0,0.119,0.523,0.62232,0.24781999,0.16158001,0.13203,184.726,5.490294,98079211520.0,53.94681,35.67986,18.8,28.425,1.0,0.1,1786665600.0,0.0,,,7.178,1804050048.0,,0.998
2026-10-09T03:05:37.553451,APLLTD.NS,Alembic Pharmaceuticals Limited,Drug Manufacturers - Specialty & Generic,Healthcare,NSE,https://alembicpharmaceuticals.com,Vadodara,390003,157348773888.0,1791453601.0,800.5,833.8,835.1,797.95,171489.0,833.8,-33.299988,-3.993762,635.8,998.0,1303.9,31.0,825.449,-24.948975,-0.030224733,776.613,23.887024,0.03075795,164.70001,0.25904375,-197.5,-0.1978958,635.8 - 998.0,155141.0,263444.0,155141.0,57648033.0,196563124.0,196563124.0,0.70672,0.17503001,1963699968.0,9.99,14299400192.0,77839499264.0,395.999,,,54923399168.0,0.121,0.257,0.70559996,0.14577,0.10892,0.089090005,288.702,2.7727554,169626173440.0,22.696342,16.350002,35.27,48.96024,12.0,1.44,1785283200.0,0.31190002,1.28,,2.179,6934600192.0,,0.324
2026-10-09T03:05:37.553451,VENTIVE.NS,Ventive Hospitality Limited,Lodging,Consumer Cyclical,NSE,https://www.ventivehospitality.com,Pune,411006,131612377088.0,1791453581.0,563.55,587.0,587.0,560.05,11108.0,582.4,-18.850037,-3.2366135,542.6,793.95,840.0,523.4,584.814,-21.264038,-0.036360342,646.1485,-82.59851,-0.12783208,20.950012,0.038610417,-230.40002,-0.29019463,542.6 - 793.95,26125.0,22809.0,26125.0,23328471.0,233541609.0,233541608.0,0.90011,0.05355,4579840000.0,19.61,25744259072.0,25107879936.0,107.606,,,18390259712.0,2.009,0.07,0.73245,0.4234,0.19038999,0.19096,235.764,2.3903139,165324013568.0,27.436707,20.680733,20.54,27.25,,0.0,,0.0,,,6.585,4794610176.0,,
2026-10-09T03:05:37.553451,VEDL.NS,Vedanta Limited,Other Industrial Metals & Mining,Basic Materials,NSE,https://www.vedantalimited.com,Mumbai,400093,988305358848.0,1791452700.0,253.1,262.0,262.35,253.1,13291427.0,261.4,-8.299988,-3.1752057,247.25,795.0,795.0,0.9275,268.265,-15.165009,-0.056529954,456.98425,-203.88425,-0.44615158,5.850006,0.023660287,-541.9,-0.68163526,247.25 - 795.0,10847813.0,9449520.0,10847813.0,1616314581.0,3904801732.0,3904801732.0,0.5707,0.18435,158759993344.0,40.658,329469984768.0,848060022784.0,217.444,,,457210003456.0,0.722,-0.373,0.53911996,0.37484002,0.3116,0.23205,127.156,1.9904685,1348265312256.0,10.994787,7.871876,23.02,32.15244,27.0,10.33,1774569600.0,1.1359,10.99,10:1,1.59,67939999744.0,1218153600.0,0.362
2026-10-09T03:05:37.553451,CENTURYPLY.NS,Century Plyboards (India) Limited,Lumber & Wood Production,Basic Materials,NSE,https://www.centuryply.com,Kolkata,700088,146600837120.0,1791453575.0,659.85,689.0,689.0,657.0,35185.0,683.5,-23.650024,-3.4601352,618.5,859.0,935.0,11.355,732.631,-72.781006,-0.09934197,751.622,-91.77203,-0.122098655,41.349976,0.06685526,-199.15002,-0.23183937,618.5 - 859.0,84049.0,110242.0,84049.0,58686681.0,222172990.0,222172990.0,0.71883005,0.20774001,590134976.0,2.653,17648764928.0,57892044800.0,260.52,,,27890044928.0,0.549,0.335,0.48176,0.12349,0.09201,0.05029,117.331,5.623833,164037967872.0,52.20332,25.659243,12.64,25.71588,1.0,0.15,1788912000.0,0.0764,0.16,10:1,2.834,2911405056.0,1208995200.0,0.26
2026-10-09T03:05:37.553451,HBLENGINE.NS,HBL Engineering Limited,Electrical Equipment & Parts,Industrials,NSE,https://www.hbl.in,Hyderabad,500034,201007923200.0,1791453603.0,725.15,762.7,762.7,721.4,1321160.0,762.45,-37.299988,-4.8921223,613.0,1122.0,1122.0,5.75,722.327,2.822998,0.0039081993,749.33923,-24.189209,-0.032280717,112.150024,0.18295273,-396.84998,-0.35369873,613.0 - 1122.0,1515716.0,1967082.0,1515716.0,105200066.0,277194946.0,277194946.0,0.080690004,0.55392,6924299776.0,25.074,668700032.0,33390899200.0,120.533,,,19083900928.0,-0.235,0.06,0.57153,0.31829,0.21051,0.23381001,80.581,8.99902,193988345856.0,27.067936,,26.79,,3.0,0.39,1789084800.0,0.1065,0.15,10:1,5.81,7807000064.0,1259020800.0,0.027
2026-10-09T03:05:37.553451,KSL.NS,Kalyani Steels Limited,Steel,Basic Materials,NSE,https://www.kalyanisteels.com,Pune,411036,41354801152.0,1791453601.0,945.05,936.0,956.3,900.55,109467.0,932.65,12.399963,1.329541,574.0,1032.9,1277.0,12.0,909.301,35.748962,0.039314773,806.11273,138.93726,0.17235462,371.05,0.6464285,-87.85004,-0.08505183,574.0 - 1032.9,100085.0,153995.0,100085.0,15192574.0,43759380.0,43759380.0,0.65221,0.12494001,8237069824.0,188.694,4750260224.0,18674200576.0,427.755,,,5492360192.0,0.119,0.049,0.29411,0.19646999,0.16753,0.1416,482.192,1.959904,37767516160.0,15.602609,11.177409,60.57,84.55,10.0,1.07,1785456000.0,0.16510001,1.58,,2.022,2644329984.0,,0.868
2026-10-09T03:05:37.553451,KPITTECH.NS,KPIT Technologies Limited,Software - Application,Technology,NSE,https://www.kpit.com,Pune,411057,128219029504.0,1791452699.0,471.0,484.25,493.85,470.1,1407369.0,484.25,-13.25,-2.7361898,470.1,1284.9,1928.7,34.35,566.052,-95.052,-0.16792098,726.68274,-255.68274,-0.3518492,0.8999939,0.0019144733,-813.9,-0.63343453,470.1 - 1284.9,2843021.0,1545411.0,2843021.0,151998941.0,272227219.0,272227219.0,0.443,0.28854,13899740160.0,51.007,8383869952.0,65911640064.0,242.191,,,24230619136.0,-0.318,0.089,0.36762002,0.20417,0.122530006,0.08839,130.072,3.6210713,122914603008.0,22.753622,15.194054,20.7,30.99897,7.5,1.55,1786492800.0,0.3875,0.45,,1.865,5826180096.0,,0.007
2026-10-09T03:05:37.553451,BRIGADE.NS,Brigade Enterprises Limited,Real Estate - Development,Real Estate,NSE,https://www.brigadegroup.com,Bengaluru,560055,178476056576.0,1791453595.0,547.2,554.2,558.2,540.2,303610.0,554.2,-7.0,-1.2630819,450.75,802.0125,1089.825,13.95,614.305,-67.10498,-0.10923724,562.9711,-15.771118,-0.02801408,96.45001,0.21397673,-254.8125,-0.31771636,450.75 - 802.0125,560931.0,270966.0,560931.0,1711175870.0,326162379.0,326162379.0,0.46712002,0.37627,27353100288.0,8.387,63439499264.0,55316299776.0,169.538,,,29310699520.0,0.338,-0.129,0.52987,0.26756,0.25834,0.12562999,20.913,26.165543,1827678322688.0,25.702208,14.638542,21.29,37.38077,2.0,0.36,1785888000.0,0.088,0.24,4:3,33.041,6949199872.0,1781654400.0,0.253
2026-10-09T03:05:37.553451,SUBROS.NS,Subros Limited,Auto Parts,Consumer Cyclical,NSE,https://www.subros.com,New Delhi,110001,43349155840.0,1791453572.0,664.5,675.6,680.3,657.0,32055.0,675.5,-11.0,-1.6284235,622.1,1172.7,1213.7,13.9,732.145,-67.64502,-0.09239292,760.7865,-96.2865,-0.12656179,42.400024,0.06815629,-508.19995,-0.43335888,622.1 - 1172.7,43360.0,30060.0,43360.0,20009245.0,65235750.0,65235750.0,0.74593,0.11413,1400700032.0,21.456,747600000.0,39093800960.0,599.074,,,10433500160.0,0.016,0.175,0.26688,0.08420999,0.0504,0.04255,190.663,3.485207,42727464960.0,26.069046,18.106266,25.49,36.7,3.0,0.44,1789084800.0,0.102,0.22,,1.093,1744199936.0,,0.573
2026-10-09T03:05:37.553451,MOTILALOFS.NS,Motilal Oswal Financial Services Limited,Capital Markets,Financial Services,NSE,https://www.motilaloswal.com,Mumbai,400025,611599777792.0,1791452706.0,1014.3,1066.9,1066.9,1011.25,788865.0,1067.9,-53.600037,-5.0192,614.9,1097.1,1588.4,43.6,979.19,35.109985,0.03585615,857.9858,156.31421,0.18218741,399.39996,0.64953643,-82.79999,-0.07547169,614.9 - 1097.1,1194358.0,1061129.0,1194358.0,158325311.0,602977213.0,602977213.0,0.52705,0.29118,52623298560.0,87.434,214747299840.0,86241697792.0,143.496,,,54245801984.0,0.087,0.239,0.629,0.0,0.51267,0.22963,214.138,4.7366652,773231149056.0,31.441414,17.187077,32.26,59.01527,6.0,0.56,1769731200.0,0.1856,0.81,4:1,8.966,19803600896.0,1717977600.0,0.38
2026-10-09T03:05:37.553451,CGPOWER.NS,CG Power and Industrial Solutions Limited,Electrical Equipment & Parts,Industrials,NSE,https://www.cgglobal.com,Mumbai,400030,1358132412416.0,1791452706.0,862.05,894.0,896.3,862.0,1549117.0,894.5,-32.450012,-3.6277266,525.5,980.9,980.9,0.143671,883.77,-21.720032,-0.024576565,802.2308,59.819214,0.07456609,336.55,0.64043766,-118.85004,-0.12116427,525.5 - 980.9,2926220.0,2122680.0,2926220.0,684854505.0,1575468309.0,1575468309.0,0.60002,0.19742,29838700544.0,18.946,1185100032.0,128207101952.0,81.464,,,39388200960.0,0.131,0.14,0.30722,0.12359,0.104490004,0.0975,50.609,17.033531,1331284934656.0,112.83377,61.899178,7.64,13.92668,1.3,0.15,1769731200.0,0.16389999,0.56,7:4,10.384,12481000448.0,1268006400.0,0.55
2026-10-09T03:05:37.553451,SBICARD.NS,SBI Cards and Payment Services Limited,Credit Services,Financial Services,NSE,https://www.sbicard.com,Gurugram,122002,521167732736.0,1791452700.0,547.65,555.0,559.45,547.65,923935.0,557.4,-9.75,-1.7491926,547.65,965.0,1165.0,495.0,632.5,-84.849976,-0.13415016,674.1795,-126.52948,-0.18767922,0.0,0.0,-417.34998,-0.432487,547.65 - 965.0,2118723.0,1017883.0,2118723.0,299074153.0,951643783.0,951643783.0,0.6858,0.24429001,23197800448.0,24.369,440637292544.0,125014499328.0,131.38,,,30817200128.0,0.195,0.234,0.24650998,0.0,0.26674,0.18199,165.178,3.3155146,938758373376.0,23.324106,15.4542,23.48,35.43697,2.5,0.45,1773187200.0,0.1046,0.32,,7.509,22751899648.0,,0.227
2026-10-09T03:05:37.553451,INNOVACAP.NS,Innova Captab Limited,Drug Manufacturers - Specialty & Generic,Healthcare,NSE,https://innovacaptab.com,Panchkula,134113,64635555840.0,1791453594.0,1129.5,1172.0,1172.0,1125.0,39635.0,1166.2,-36.69995,-3.146969,622.0,1353.5,1353.5,421.35,1104.145,25.35498,0.022963451,869.221,260.279,0.29943937,507.5,0.8159164,-224.0,-0.16549686,622.0 - 1353.5,99301.0,169710.0,99301.0,15922836.0,57224929.0,57224929.0,0.68431,0.18885,682499968.0,11.927,3436900096.0,17493280768.0,305.681,,,6002169856.0,0.423,0.339,0.34311,0.14656,0.13042,0.08805,190.615,5.9255567,67389956096.0,43.34229,24.906286,26.06,45.35,4.0,0.34,1769731200.0,0.0743,,,3.852,1540280064.0,,-0.028
2026-10-09T03:05:37.553451,DATAMATICS.NS,Datamatics Global Services Limited,Information Technology Services,Technology,NSE,https://www.datamatics.com,Mumbai,400093,44022435840.0,1791453600.0,744.8,765.8,767.0,741.2,37472.0,763.8,-19.0,-2.4875622,632.0,1010.0,1120.0,11.1,802.098,-57.298035,-0.071435206,768.671,-23.871033,-0.03105494,112.79999,0.178481,-265.2,-0.26257426,632.0 - 1010.0,122739.0,119342.0,122739.0,15429448.0,59106389.0,59106389.0,0.80337,0.00657,5635999744.0,95.388,2209299968.0,20334999552.0,344.132,,,7908800000.0,0.437,0.099,0.38893002,0.20021,0.15258001,0.10629,261.221,2.8512254,40499982336.0,20.360851,14.985915,36.58,49.7,5.0,0.65,1789084800.0,0.1367,0.58,,1.992,2161499904.0,,0.196
2026-10-09T03:05:37.553451,CLEAN.NS,Clean Science and Technology Limited,Specialty Chemicals,Basic Materials,NSE,https://cleanscience.co.in,Pune,411013,84687183872.0,1791453600.0,796.8,813.65,827.75,794.2,230697.0,813.7,-16.900024,-2.0769355,652.0,1097.2,2705.0,652.0,817.13,-20.330017,-0.024879783,784.232,12.567993,0.016025862,144.79999,0.22208588,-300.39996,-0.2737878,652.0 - 1097.2,387483.0,237494.0,387483.0,52259217.0,106284121.0,106284121.0,0.55210996,0.23331,3753679872.0,35.311,21390000.0,9821100032.0,92.417,,,6038179840.0,0.047,0.105,0.61482,0.35799,0.28083,0.23719,148.941,5.3497696,80971014144.0,37.14685,25.020292,21.45,31.84615,6.0,0.74,1788480000.0,0.2738,0.37,,8.245,2329420032.0,,0.381
2026-10-09T03:05:37.553451,JSL.NS,Jindal Stainless Limited,Steel,Basic Materials,NSE,https://www.jindalstainless.com,New Delhi,110066,581378965504.0,1791453603.0,705.6,734.6,734.6,702.2,721655.0,732.15,-26.550049,-3.6263127,652.25,884.0,884.0,14.2,734.725,-29.125,-0.039640684,743.885,-38.285034,-0.051466335,53.349976,0.081793755,-178.40002,-0.20180999,652.25 - 884.0,728901.0,835806.0,728901.0,341895676.0,823949824.0,823949824.0,0.64682,0.16540001,29351499776.0,35.633,74603298816.0,440260591616.0,534.357,,,96812498944.0,0.076,0.105,0.2199,0.12644,0.09104,0.07379,54.627,12.916689,627381698560.0,17.922276,13.594066,39.37,51.905,4.0,0.55,1787270400.0,0.0762,1.34,,1.425,32486500352.0,,0.557
2026-10-09T03:05:37.553451,INDIASHLTR.NS,India Shelter Finance Corporation Limited,Mortgage Finance,Financial Services,NSE,https://www.indiashelter.in,Gurugram,122002,70268248064.0,1791453597.0,643.5,630.0,650.0,630.0,71079.0,633.85,9.650024,1.5224462,620.15,924.0,1011.75,519.15,669.198,-25.697998,-0.038401186,746.78925,-103.289246,-0.1383111,23.349976,0.03765214,-280.5,-0.30357143,620.15 - 924.0,122033.0,112968.0,122033.0,45195661.0,109196965.0,109196965.0,0.28478,0.54693,1883864064.0,17.322,62460370944.0,10979390464.0,101.177,,,10958017536.0,0.223,0.218,0.99805,0.0,0.62151,0.47973,294.058,2.1883438,130562564096.0,13.538818,9.258993,47.53,69.5,10.0,1.58,1781827200.0,0.21100001,,,11.892,5267150848.0,,-0.012
2026-10-09T03:05:37.553451,AHLUCONT.NS,Ahluwalia Contracts (India) Limited,Engineering & Construction,Industrials,NSE,https://www.acilnet.com,New Delhi,110020,37114458112.0,1791453578.0,554.05,557.0,561.05,550.0,71412.0,561.5,-7.450012,-1.3268054,540.55,1077.95,1542.45,97.35,666.46,-112.410034,-0.16866733,785.5515,-231.50153,-0.29469937,13.5,0.024974564,-523.89996,-0.4860151,540.55 - 1077.95,75396.0,73585.0,75396.0,24578047.0,66987560.0,66987560.0,0.55358005,0.33650002,8174610944.0,121.97,731398976.0,46861320192.0,699.601,,,9586169856.0,-0.797,0.12,0.20456,0.08416,0.01432,0.04802,307.25,1.8032546,29689933824.0,16.494492,11.6478615,33.59,47.56667,0.7,0.12,1790035200.0,0.0179,0.05,5:1,0.634,2250412032.0,1189728000.0,0.505
2026-10-09T03:05:37.553451,ATHERENERG.NS,Ather Energy Limited,Auto Manufacturers,Consumer Cyclical,NSE,https://www.atherenergy.com,Bengaluru,560029,557785677824.0,1791452699.0,1406.0,1454.5,1469.0,1386.0,2832249.0,1455.0,-49.0,-3.3676975,582.05,1744.0,1744.0,288.15,1512.83,-106.829956,-0.07061597,1032.9232,373.07678,0.3611854,823.95,1.4156001,-338.0,-0.19380733,582.05 - 1744.0,4758477.0,3589111.0,4758477.0,168923415.0,396718101.0,396718101.0,0.50619,0.25159,24890200064.0,65.043,6642200064.0,42440998912.0,111.511,,,8871400448.0,,0.888,0.20903,-0.09241,-0.059359998,-0.0919,67.228,20.913906,519790460928.0,,790.5227,-9.83,1.77857,,0.0,,,,,12.247,-3900300032.0,,
2026-10-09T03:05:37.553451,CHALET.NS,Chalet Hotels Limited,Lodging,Consumer Cyclical,NSE,https://www.chalethotels.com,Mumbai,400051,,1791453601.0,825.55,848.0,848.05,818.8,102996.0,847.4,-21.850037,-2.5784795,691.35,989.0,1082.0,99.6,860.62,-35.070007,-0.040749703,817.57623,7.973755,0.009752919,134.20001,0.19411299,-163.45001,-0.16526796,691.35 - 989.0,169396.0,215980.0,169396.0,71332687.0,,,0.67401004,0.27374,3231089920.0,14.74,23676780544.0,23874750464.0,109.08,,,16509859840.0,-0.577,-0.427,0.69152,0.44881,0.33731,0.2212,168.984,4.885374,201407021056.0,34.255184,26.226353,24.1,31.47788,2.0,0.24,1789084800.0,0.041500002,,,8.436,5281079808.0,,0.074
2026-10-09T03:05:37.553451,MARICO.NS,Marico Limited,Household & Personal Products,Consumer Defensive,NSE,https://marico.com,Mumbai,400098,1008864854016.0,1791452698.0,777.25,788.2,794.15,774.3,565730.0,787.25,-10.0,-1.2702446,705.2,889.1,889.1,1.424274,829.682,-52.432007,-0.0631953,800.43176,-23.181763,-0.028961573,72.04999,0.10216958,-111.849976,-0.12580135,705.2 - 889.1,1692720.0,1577918.0,1692720.0,551726279.0,1297992656.0,1297992656.0,0.5894,0.25305998,24399998976.0,18.796,5569999872.0,143470002176.0,110.82,,,62940000256.0,0.247,0.214,0.4387,0.16836001,0.19282,0.13159999,32.431,23.966267,992996229120.0,53.382553,39.878033,14.56,19.49068,4.0,0.51,1785369600.0,0.4811,1.1,2:1,6.921,18880000000.0,1450742400.0,0.182
2026-10-09T03:05:37.553451,JYOTICNC.NS,Jyoti CNC Automation Limited,Specialty Industrial Machinery,Industrials,NSE,https://www.jyoti.co.in,Rajkot,360021,229674598400.0,1791453599.0,1009.9,1069.2,1070.9,988.2,1725982.0,1071.0,-61.099976,-5.7049465,580.1,1134.6,1504.3,368.0,972.753,37.147034,0.03818753,822.245,187.65503,0.22822277,429.80005,0.74090683,-124.69995,-0.10990653,580.1 - 1134.6,1206970.0,795736.0,1206970.0,74357124.0,227423096.0,227423096.0,0.67337,0.14285,1371200000.0,6.023,8527499776.0,21914300416.0,96.376,,,12201499648.0,-0.201,0.24,0.55678004,0.24509001,0.18441999,0.14681,87.946,11.483183,237059424256.0,75.761444,41.731403,13.33,24.2,,0.0,,0.0,,,10.818,3217200128.0,,-0.42
2026-10-09T03:05:37.553451,INDIGOPNTS.NS,Indigo Paints Limited,Specialty Chemicals,Basic Materials,NSE,https://indigopaints.com,Pune,411045,49436688384.0,1791453599.0,1035.7,1053.8,1071.0,1033.0,59869.0,1060.2,-24.5,-2.310885,708.05,1345.9,3329.95,708.05,1120.166,-84.466064,-0.07540495,1007.997,27.702942,0.02748316,327.64996,0.46274975,-310.20007,-0.2304778,708.05 - 1345.9,101304.0,48482.0,101304.0,21970965.0,47732637.0,47732637.0,0.53814,0.27926,3319696896.0,69.655,211304992.0,14658237440.0,307.553,,,6765536256.0,0.609,0.197,0.46155,0.18697001,0.12557,0.10977,242.133,4.277401,46252408832.0,30.787752,23.96067,33.64,43.225,5.0,0.47,1788480000.0,0.103999995,0.27,,3.155,1609011968.0,,0.541
2026-10-09T03:05:37.553451,CARBORUNIV.NS,Carborundum Universal Limited,Conglomerates,Industrials,NSE,https://www.cumi-murugappa.com,Chennai,600001,230402949120.0,1791453603.0,1209.4,1264.0,1264.0,1205.0,172818.0,1256.7,-47.299927,-3.7638202,735.2,1368.9,1841.15,0.97,1137.06,72.339966,0.06362018,983.947,225.453,0.22913124,474.2,0.64499456,-159.5,-0.11651691,735.2 - 1368.9,345283.0,662864.0,345283.0,119528330.0,190510134.0,190510134.0,0.39367,0.37698,6999849984.0,36.746,4125339904.0,54361948160.0,287.483,,,30722770944.0,0.235,0.194,0.56515,0.11023,0.0675,0.03849,204.723,5.9074945,228591960064.0,109.34901,40.127823,11.06,30.13869,4.0,0.32,1785456000.0,0.36130002,0.35,2:1,4.205,2092339968.0,1317772800.0,0.357
2026-10-09T03:05:37.553451,KSCL.NS,Kaveri Seed Company Limited,Agricultural Inputs,Basic Materials,NSE,https://www.kaveriseeds.in,Secunderabad,500003,34656747520.0,1791453601.0,679.0,710.0,710.0,670.8,208193.0,710.75,-31.75,-4.467112,670.8,1095.9,1602.0,23.2,747.707,-68.70697,-0.09189024,841.6575,-162.65747,-0.19325851,8.200012,0.012224228,-416.90002,-0.38041794,670.8 - 1095.9,581454.0,1310455.0,581454.0,16209486.0,51040869.0,51040869.0,0.71718,0.05488,4391930880.0,86.053,0.0,12787339264.0,246.238,,,6356998144.0,-0.14,-0.135,0.49713,0.23287001,0.37763,0.19520001,414.423,1.6384226,30238695424.0,14.802704,10.916399,45.87,62.2,5.0,0.7,1762905600.0,0.1041,0.62,5:1,2.365,2496029952.0,1390780800.0,0.108
2026-10-09T03:05:37.553451,UNIMECH.NS,Unimech Aerospace and Manufacturing Limited,Aerospace & Defense,Industrials,NSE,https://unimechaerospace.com,Bengaluru,562135,89175212032.0,1791453603.0,1751.9,1854.0,1854.0,1721.7,293737.0,1854.5,-102.599976,-5.532487,695.0,1901.0,1901.0,695.0,1542.01,209.89001,0.13611457,1115.959,635.94104,0.5698606,1056.9,1.5207194,-149.09998,-0.07843239,695.0 - 1901.0,260282.0,280328.0,260282.0,10262938.0,50901997.0,50901997.0,0.79745,0.07789,5917983744.0,116.388,1267284992.0,2851223040.0,56.053,,,1955598976.0,0.455,0.709,0.68587995,0.33979,0.29081,0.2526,144.925,12.088322,84427980800.0,123.89674,56.695793,14.14,30.9,,0.0,,0.0,,,29.611,720227968.0,,
2026-10-09T03:05:37.553451,SYRMA.NS,Syrma SGS Technology Limited,Electronic Components,Technology,NSE,https://www.syrmasgs.com,Chennai,600045,323783327744.0,1791453603.0,1680.9,1752.0,1759.5,1657.6,904475.0,1746.7,-65.79993,-3.7670996,634.5,1822.6,1822.6,248.1,1557.874,123.026,0.07897044,1136.0878,544.81226,0.4795512,1046.4,1.6491727,-141.69995,-0.07774605,634.5 - 1822.6,1796269.0,1560408.0,1796269.0,76524794.0,192624977.0,192624977.0,0.59611,0.17336,8079860224.0,41.903,3998919936.0,54636969984.0,285.718,,,13885139968.0,0.86,0.683,0.25413,0.11412,0.08756,0.06737,149.623,11.234236,322064384000.0,90.81037,52.904045,18.51,31.77262,1.5,0.09,1787011200.0,0.078,,,5.895,3681139968.0,,0.181
2026-10-09T03:05:37.553451,ARE&M.NS,Amara Raja Energy & Mobility Limited,Electrical Equipment & Parts,Industrials,NSE,https://www.amararajaeandm.com,Hyderabad,500032,131833167872.0,1791453598.0,720.3,733.05,740.6,715.0,437567.0,733.25,-12.950012,-1.7661115,670.0,1023.0,1775.95,3.066666,859.315,-139.01501,-0.16177422,842.754,-122.45404,-0.14530224,50.299988,0.075074606,-302.7,-0.29589444,670.0 - 1023.0,838396.0,393163.0,838396.0,103500843.0,183025364.0,183025364.0,0.33269,0.28737,3635899904.0,19.866,4061600000.0,146274598912.0,799.251,,,46105899008.0,0.159,0.239,0.3152,0.101789996,0.05862,0.06303,442.505,1.6277782,132258873344.0,14.300179,12.328603,50.37,58.42511,10.6,1.45,1785110400.0,0.21040002,0.92,2:1,0.904,9219099648.0,1348531200.0,0.858
2026-10-09T03:05:37.553451,LICI.NS,Life Insurance Corporation of India,Insurance - Life,Financial Services,NSE,https://www.licindia.in,Mumbai,400021,4797510451200.0,1791452706.0,379.25,386.3,388.0,378.2,3328450.0,386.3,-7.049988,-1.8250034,360.75,468.475,611.0,265.025,405.639,-26.389008,-0.0650554,410.70474,-31.454742,-0.07658724,18.5,0.051282052,-89.225006,-0.19045842,360.75 - 468.475,10054755.0,6185115.0,10054755.0,1265126040.0,12649995402.0,12649995402.0,0.89999,0.059270002,731417477120.0,57.82,7619200000.0,9964507627520.0,787.708,,,1104514383872.0,0.4,0.068,0.11083999,0.06803,0.06426,0.06515,139.609,2.7165155,4076465029120.0,8.133176,6.4490466,46.63,58.80714,10.0,2.59,1782345600.0,0.3368,0.54,2:1,0.409,649223929856.0,1780012800.0,0.545
2026-10-09T03:05:37.553451,SHYAMMETL.NS,Shyam Metalics and Energy Limited,Steel,Basic Materials,NSE,https://www.shyammetalics.com,Kolkata,700088,296978317312.0,1791453599.0,1066.8,1067.0,1073.0,1053.4,357697.0,1067.3,-0.5,-0.046847183,746.0,1148.0,1148.0,254.55,1046.948,19.85205,0.01896183,926.8323,139.96777,0.15101737,320.80005,0.4300269,-81.19995,-0.07073166,746.0 - 1148.0,572946.0,419565.0,572946.0,70096084.0,278382372.0,278382372.0,0.75998,0.14669,5316599808.0,19.098,10050700288.0,195843096576.0,700.749,,,55112601600.0,0.207,0.235,0.28141,0.12818,0.09275,0.057350002,404.449,2.6376626,310053568512.0,26.623411,15.7019,40.07,67.94083,4.5,0.42,1786060800.0,0.1,0.57,,1.583,11231599616.0,,0.499
2026-10-09T03:05:37.553451,PNBHOUSING.NS,PNB Housing Finance Limited,Mortgage Finance,Financial Services,NSE,https://www.pnbhousing.com,Gurugram,122015,299924520960.0,1791452698.0,1150.0,1143.0,1166.9,1131.2,1912348.0,1131.0,19.0,1.6799294,729.6,1211.5,1422.627,120.6332,1139.316,10.68396,0.0093775205,993.54974,156.45026,0.15746595,420.40002,0.5762062,-61.5,-0.050763518,729.6 - 1211.5,958968.0,971152.0,958968.0,172746976.0,260803913.0,260803913.0,0.28011,0.54956,28500400128.0,109.386,552998076416.0,37733998592.0,144.858,,,37336498176.0,0.043,0.058,0.98947,0.0,0.75161004,0.61353,737.638,1.5590303,824129683456.0,12.9709,10.8614,88.66,105.87954,8.0,0.71,1785456000.0,0.056399997,,,21.841,23150800896.0,,0.295
2026-10-09T03:05:37.553451,SIGNATURE.NS,Signatureglobal (India) Limited,Real Estate - Development,Real Estate,NSE,https://www.signatureglobal.in,Gurugram,122001,100062937088.0,1791453596.0,711.25,714.4,738.4,695.0,963944.0,712.5,-1.25,-0.1754386,695.0,1153.9,1647.0,444.0,779.877,-68.627014,-0.08799723,840.6705,-129.42047,-0.15394911,16.25,0.023381295,-442.65002,-0.3836121,695.0 - 1153.9,406007.0,512696.0,406007.0,58725576.0,140686026.0,140686026.0,0.76808,0.12380999,27367038976.0,195.372,29785849856.0,22821849088.0,162.532,,,5831660032.0,,-0.362,0.25553,-0.05371,-0.09312,0.45731997,131.624,5.4036503,102048055296.0,9.602404,12.906425,74.07,55.10821,,0.0,,0.0,,,4.472,10436800512.0,,0.816
2026-10-09T03:05:37.553451,KSB.NS,KSB Limited,Specialty Industrial Machinery,Industrials,NSE,https://www.ksb.com/en-in,Pune,411018,135176257536.0,1791453595.0,776.7,802.0,803.15,775.0,89997.0,801.5,-24.799988,-3.0941968,666.65,1028.3,1060.0,5.31,808.74,-32.039978,-0.039617155,820.06775,-43.367737,-0.052883115,110.04999,0.1650791,-251.60004,-0.2446757,666.65 - 1028.3,245448.0,728339.0,245448.0,52213690.0,174039220.0,174039220.0,0.69966006,0.13874,1766000000.0,10.158,63000000.0,27256279040.0,156.56,0.06953,0.15192,12390259712.0,-0.186,0.036,0.45458,0.12933,0.09671,0.09007,97.636,7.9550576,133334204416.0,55.085106,38.641792,14.1,20.1,4.4,0.55,1778198400.0,0.3121,0.52,5:1,4.892,2454939904.0,1721865600.0,-0.166
2026-10-09T03:05:37.553451,FACT.NS,The Fertilisers and Chemicals Travancore Limited,Agricultural Inputs,Basic Materials,NSE,https://www.fact.co.in,Kochi,683501,464435937280.0,1791453599.0,717.75,743.1,743.1,715.1,65737.0,746.95,-29.200012,-3.9092324,652.1,1058.6,1187.0,14.0,794.567,-76.81702,-0.09667783,828.6285,-110.87848,-0.13380964,65.650024,0.100674786,-340.84998,-0.32198185,652.1 - 1058.6,713642.0,150304.0,713642.0,64520833.0,647071974.0,647071974.0,0.0,0.00096000003,16706942976.0,25.894,39854510080.0,59343912960.0,90.53,,,11866327040.0,,0.202,0.19996001,0.00342,-0.029140001,-0.01783,21.366,33.593094,486245859328.0,,,-1.58,,0.39,0.0,1758240000.0,0.90699995,,,8.194,-1058201984.0,,0.21
2026-10-09T03:05:37.553451,SUNDRMFAST.NS,Sundram Fasteners Limited,Auto Parts,Consumer Cyclical,NSE,https://www.sundram.com,Chennai,600004,232885272576.0,1791453595.0,1108.3,1159.9,1159.9,1095.2,103704.0,1127.0,-18.699951,-1.6592681,730.1,1347.2,1505.95,13.0,1178.12,-69.81995,-0.059263866,952.4605,155.83954,0.16361785,378.20007,0.51801133,-238.8999,-0.17733069,730.1 - 1347.2,213806.0,167127.0,213806.0,95307925.0,210128371.0,210128370.0,0.4955,0.29248,1240499968.0,5.904,6245700096.0,66014998528.0,314.129,,,38180900864.0,0.135,0.204,0.57837003,0.15668,0.12101,0.09259,203.449,5.447557,238117568512.0,38.75175,26.609844,28.6,41.65,8.5,0.75,1778198400.0,0.2751,0.65,2:1,3.607,6112200192.0,1167868800.0,0.26
2026-10-09T03:05:37.553451,SUDARSCHEM.NS,Sudarshan Chemical Industries Limited,Specialty Chemicals,Basic Materials,NSE,https://www.sudarshan.com,Pune,411069,93693116416.0,1791453599.0,1176.8,1233.0,1240.1,1170.0,357753.0,1226.6,-49.799927,-4.059997,726.4,1347.0,1603.0,8.0,1191.492,-14.691895,-0.012330671,972.868,203.93207,0.20961946,450.40002,0.62004405,-170.19995,-0.12635483,726.4 - 1347.0,403554.0,262049.0,403554.0,51030844.0,79616857.0,79616857.0,0.35282,0.32783002,13642999808.0,171.378,24732000256.0,99224002560.0,1260.71,,,47615000576.0,1.05,0.054,0.47987,0.055960003,0.06166,0.0073,438.887,2.681328,108809191424.0,134.79956,18.421082,8.73,63.88333,5.0,0.41,1786406400.0,0.4945,0.39,5:1,1.097,724000000.0,1412035200.0,0.509
2026-10-09T03:05:37.553451,SYMPHONY.NS,Symphony Limited,"Furnishings, Fixtures & Appliances",Consumer Cyclical,NSE,https://www.symphonylimited.com,Ahmedabad,380059,37003583488.0,1791453599.0,538.85,560.0,560.0,536.25,57974.0,558.1,-19.25,-3.4492028,536.25,970.45,2209.0,86.775,606.858,-68.007996,-0.112065755,738.4775,-199.6275,-0.27032307,2.5999756,0.0048484392,-431.60004,-0.44474217,536.25 - 970.45,160073.0,57812.0,160073.0,15492955.0,68671400.0,68671400.0,0.75847,0.0879,1630700032.0,23.746,1725100032.0,11584400384.0,168.543,,,5557899776.0,-0.051,0.506,0.47977,0.10488,0.10582,-0.12349,79.395,6.786951,37097984000.0,,19.294027,-18.5,27.92833,9.0,1.61,1786406400.0,0.4878,0.87,2:1,3.202,-1430499968.0,1473811200.0,0.318
2026-10-09T03:05:37.553451,EIDPARRY.NS,E.I.D.- Parry (India) Limited,Agricultural Inputs,Basic Materials,NSE,https://www.eidparry.com,Chennai,600 001,120502706176.0,1791453590.0,677.15,700.0,700.0,675.0,289572.0,699.55,-22.399963,-3.202053,672.3,1118.0,1246.8,7.3,754.212,-77.06195,-0.10217545,807.286,-130.13599,-0.16120183,4.8500366,0.007214096,-440.84998,-0.3943202,672.3 - 1118.0,506646.0,310637.0,506646.0,94163758.0,177955692.0,177955692.0,0.46921003,0.25802,33091198976.0,186.584,35280699392.0,388318494720.0,2183.399,,,87650500608.0,-0.424,0.034,0.22572,0.08554,0.0563,0.01197,494.275,1.3699864,183818633216.0,26.004225,9.040721,26.04,74.9,,0.0,1700524800.0,0.0,1.15,2:1,0.473,4648600064.0,1293062400.0,0.05
2026-10-09T03:05:37.553451,SHARDAMOTR.NS,Sharda Motor Industries Limited,Auto Parts,Consumer Cyclical,NSE,https://www.shardamotor.com,New Delhi,110020,50771374080.0,1791453600.0,884.4,929.0,929.0,871.0,97687.0,924.85,-40.44995,-4.3736773,700.0,1189.9,2952.1,95.3169,913.519,-29.118958,-0.03187559,871.25,13.150024,0.015093285,184.40002,0.2634286,-305.5,-0.25674427,700.0 - 1189.9,70570.0,56177.0,70570.0,20188349.0,57407706.0,57407706.0,0.64838,0.12997,9908697088.0,172.57,491534016.0,36515897344.0,635.96,,,8171975168.0,-0.134,0.337,0.22378999,0.116210006,0.087460004,0.09092,228.769,3.8659086,41363542016.0,15.2931,12.032654,57.83,73.5,20.0,2.16,1789689600.0,0.0,0.74,2:1,1.133,3319981056.0,1751587200.0,0.563
2026-10-09T03:05:37.553451,WELCORP.NS,Welspun Corp Limited,Steel,Basic Materials,NSE,https://www.welspuncorp.com,Mumbai,400013,699158233088.0,1791453603.0,2651.3,2699.4,2709.4,2593.0,1394418.0,2704.6,-53.30005,-1.9707183,710.0,2900.0,2900.0,5.714285,2364.52,286.78003,0.12128467,1424.078,1227.222,0.86176604,1941.3,2.7342255,-248.69995,-0.085758604,710.0 - 2900.0,1996204.0,2003919.0,1996204.0,134609728.0,263703928.0,263703928.0,0.49845,0.28371,37637300224.0,142.679,23554500608.0,172997705728.0,656.285,,,66432000000.0,1.983,0.149,0.38401002,0.13972001,0.13912,0.13348,347.077,7.638939,687808315392.0,30.290188,23.645668,87.53,112.12625,5.0,0.18,1782777600.0,0.1142,0.8,7:10,3.976,23091200000.0,1113955200.0,0.578
2026-10-09T03:05:37.553451,GODREJIND.NS,Godrej Industries Limited,Conglomerates,Industrials,NSE,https://www.godrejindustries.com,Mumbai,400079,337659494400.0,1791453589.0,1002.4,1019.1,1042.9,974.5,144752.0,1029.0,-26.599976,-2.5850317,744.2,1443.0,1443.0,2.208233,1160.542,-158.14197,-0.13626562,1072.0513,-69.651245,-0.06497007,258.2,0.34694976,-440.59998,-0.3053361,744.2 - 1443.0,161885.0,92136.0,161885.0,45253099.0,336851055.0,336851055.0,0.87194,0.06391,112279003136.0,333.365,515644096512.0,246912696320.0,733.048,,,100220600320.0,-0.186,-0.047,0.40589002,0.15349,0.081,0.04761,331.839,3.0207422,861055746048.0,29.491026,,33.99,,,0.0,1564704000.0,0.0,0.32,1251:1250,3.487,11756699648.0,1420416000.0,0.631
2026-10-09T03:05:37.553451,AURIONPRO.NS,Aurionpro Solutions Limited,Software - Application,Technology,NSE,https://www.aurionpro.com,Navi Mumbai,400701,32094189568.0,1791453600.0,596.55,616.8,624.3,595.0,110427.0,612.8,-16.25,-2.6517625,593.35,1240.0,1991.75,4.222259,686.046,-89.49603,-0.13045193,826.5433,-229.99329,-0.27825922,3.2000122,0.005393128,-643.45,-0.5189113,593.35 - 1240.0,179460.0,154524.0,179460.0,25074683.0,53799664.0,53799664.0,0.54241,0.14253001,2049942016.0,38.082,606734976.0,14323332096.0,266.073,,,3851425024.0,-0.083,0.063,0.26889,0.19859,0.14099,0.14232999,322.889,1.8475388,30740482048.0,16.352797,11.674169,36.48,51.1,3.0,0.49,1790035200.0,0.106800005,0.22,2:1,2.146,2066112000.0,1719446400.0,-0.179
2026-10-09T03:05:37.553451,TDPOWERSYS.NS,TD Power Systems Limited,Specialty Industrial Machinery,Industrials,NSE,https://www.tdps.co.in,Bengaluru,562111,248926388224.0,1791453603.0,793.5,835.0,836.0,790.5,2547734.0,821.1,-27.599976,-3.3613417,291.35,856.1,856.1,7.0,734.975,58.525024,0.079628594,558.0024,235.49762,0.42203695,502.15,1.7235284,-62.599976,-0.07312227,291.35 - 856.1,2899760.0,4399976.0,2899760.0,224546322.0,313706860.0,313706860.0,0.27227,0.37831002,1436436992.0,4.598,181074000.0,21243891712.0,67.966,,,6938775040.0,0.72,0.721,0.32661998,0.17920999,0.17884001,0.12945,34.304,23.131413,246657581056.0,93.35294,53.34454,8.5,14.875,1.05,0.13,1785888000.0,0.0938,0.31,2:1,11.611,2749943040.0,1787529600.0,0.597
2026-10-09T03:05:37.553451,KPRMILL.NS,K.P.R. Mill Limited,Textile Manufacturing,Consumer Cyclical,NSE,https://www.kprmilllimited.com,Coimbatore,641 018,360779022336.0,1791453597.0,1053.3,1096.9,1102.6,1050.1,199674.0,1101.3,-48.0,-4.358485,796.1,1334.0,1389.0,1.905,1111.368,-58.067993,-0.05224911,992.2605,61.03955,0.06151565,257.20007,0.3230751,-280.69995,-0.21041976,796.1 - 1334.0,256342.0,128734.0,256342.0,110918643.0,342522549.0,341814000.0,0.6754,0.22564,14298900480.0,41.832,5961399808.0,68196200448.0,199.509,,,26366799872.0,0.215,0.096,0.38662997,0.19830999,0.16448,0.13378,166.687,6.3190293,351695175680.0,39.46422,29.287916,26.69,35.96364,5.0,0.45,1784505600.0,0.1873,0.12,5:1,5.157,9123399680.0,1632441600.0,0.361
2026-10-09T03:05:37.553451,GANECOS.NS,Ganesha Ecosphere Limited,Textile Manufacturing,Consumer Cyclical,NSE,https://www.ganeshaecosphere.com,Kanpur,208002,25702656000.0,1791453590.0,961.3,998.9,998.9,959.1,59511.0,998.9,-37.600037,-3.764144,653.55,1268.0,2484.2,106.65,1049.729,-88.429016,-0.084239855,946.0445,15.255493,0.016125556,307.75,0.47088978,-306.7,-0.24187697,653.55 - 1268.0,120577.0,49415.0,120577.0,13309221.0,26737394.0,26737394.0,0.45058,0.24868,1294029952.0,48.401,4956128768.0,15682054144.0,587.729,,,4102555904.0,1.611,0.257,0.26161,0.105749995,0.100159995,0.03603,477.043,2.0151224,29362976768.0,45.710888,14.3979025,21.03,66.76667,3.5,0.35,1788998400.0,0.142,0.24,,1.872,564947008.0,,-0.115
2026-10-09T03:05:37.553451,INDUSINDBK.NS,IndusInd Bank Limited,Banks - Regional,Financial Services,NSE,https://www.indusind.bank.in,Mumbai,400013,673181007872.0,1791452700.0,864.0,876.0,877.95,857.0,1682222.0,874.9,-10.900024,-1.2458595,726.3,1077.85,2038.0,12.75,975.755,-111.755005,-0.11453183,925.2748,-61.27478,-0.06622333,137.70001,0.1895911,-213.84998,-0.19840421,726.3 - 1077.85,1856963.0,2176984.0,1856963.0,637111784.0,779144712.0,779144712.0,0.16339001,0.53594,489323495424.0,628.021,427891884032.0,172924993536.0,222.074,,,172924993536.0,0.717,0.01,0.0,0.0,0.27308,0.076469995,844.192,1.0234638,611754901504.0,51.09403,10.985065,16.91,78.65224,1.5,0.17,1782345600.0,0.0884,0.64,,3.538,13223199744.0,,0.542
2026-10-09T03:05:37.553451,HDFCBANK.NS,HDFC Bank Limited,Banks - Regional,Financial Services,NSE,https://www.hdfc.bank.in,Mumbai,400018,10673442521088.0,1791452700.0,692.25,704.05,705.8,690.5,26793233.0,702.75,-10.5,-1.4941303,681.9,1020.5,1020.5,1.1975,720.816,-28.565979,-0.03963006,798.994,-106.74402,-0.13359801,10.349976,0.015178142,-328.25,-0.32165605,681.9 - 1020.5,29527042.0,34490844.0,29527042.0,15337571997.0,15418479370.0,15418479370.0,0.00195,0.70203,2377666265088.0,154.436,5658713784320.0,2949644288000.0,191.839,0.0175,0.13838,2949644288000.0,0.181,0.166,0.0,0.0,0.33291999,0.26787,393.813,1.757814,14169562677248.0,15.359441,11.052473,45.07,62.63304,13.0,1.85,1781827200.0,0.24040002,0.97,2:1,4.804,790127706112.0,1756166400.0,0.412
2026-10-09T03:05:37.553451,RAYMONDLSL.NS,Raymond Lifestyle Limited,Apparel Manufacturing,Consumer Cyclical,NSE,https://raymondlifestyle.com,Mumbai,400001,36324212736.0,1791453596.0,596.4,625.05,625.15,593.9,302387.0,624.85,-28.449951,-4.5530853,593.9,1246.4,3100.0,615.0,690.446,-94.04596,-0.13621046,792.477,-196.07697,-0.24742292,2.5,0.0042094626,-650.0,-0.5215019,593.9 - 1246.4,238881.0,273117.0,238881.0,22779345.0,60905789.0,60905789.0,0.65189004,0.07381,9371299840.0,153.82,21855299584.0,69730803712.0,1145.008,,,29059299328.0,,0.059,0.41674,0.06763,-0.012940001,0.00622,1581.623,0.377081,48818851840.0,83.76405,13.623696,7.12,43.77667,1.0,0.16,1782691200.0,0.1401,,,0.7,434000000.0,,0.627
2026-10-09T03:05:37.553451,WHIRLPOOL.NS,Whirlpool of India Limited,"Furnishings, Fixtures & Appliances",Consumer Cyclical,NSE,https://corporate.whirlpool.in,Gurugram,122 002,104474484736.0,1791453600.0,823.15,842.0,847.3,806.2,426208.0,845.5,-22.349976,-2.6434035,706.0,1437.0,2787.0,14.0,805.132,18.018005,0.022378946,833.5037,-10.353699,-0.012421899,117.150024,0.16593488,-613.85,-0.42717466,706.0 - 1437.0,1287859.0,4444748.0,1287859.0,75999270.0,126920341.0,126871830.0,0.42369998,0.39122,25527500800.0,201.233,3586899968.0,83286302720.0,656.336,,,26969499648.0,-0.294,0.121,0.32382,0.03966,0.031040002,0.03013,327.871,2.510591,82480693248.0,42.73884,23.61289,19.26,34.8602,5.0,0.59,1787875200.0,0.25280002,0.35,,0.99,2508999936.0,,0.378
2026-10-09T03:05:37.553451,MEDPLUS.NS,MedPlus Health Services Limited,Pharmaceutical Retailers,Healthcare,NSE,https://www.medplusindia.com,Hyderabad,500037,75883364352.0,1791453595.0,631.9,645.0,645.0,626.5,44613.0,647.3,-15.399963,-2.3791077,626.5,1022.2,1343.0,548.25,668.542,-36.641968,-0.054808777,798.1685,-166.2685,-0.20831251,5.4000244,0.008619352,-390.3,-0.3818235,626.5 - 1022.2,204088.0,102641.0,204088.0,71244860.0,120087613.0,120087613.0,0.30546,0.39106,6129480192.0,51.022,14243829760.0,72294318080.0,602.617,,,18652719104.0,-0.218,0.218,0.25801,0.054640003,0.02943,0.02911,164.554,3.840077,84020609024.0,36.067352,27.857462,17.52,22.68333,,0.0,,0.0,,,1.162,2104669952.0,,0.461
2026-10-09T03:05:37.553451,BIRLACORPN.NS,Birla Corporation Limited,Building Materials,Basic Materials,NSE,https://www.birlacorporation.com,Kolkata,700071,61207695360.0,1791453600.0,794.85,811.85,816.95,790.2,32679.0,814.4,-19.550049,-2.400546,769.6,1244.3,1802.0,10.4,863.679,-68.82904,-0.07969285,948.7705,-153.92053,-0.16223158,25.25,0.032809254,-449.45007,-0.36120716,769.6 - 1244.3,83816.0,62077.0,83816.0,31893305.0,77005347.0,77005347.0,0.64341,0.20573999,12043799552.0,156.402,33907200000.0,98478399488.0,1278.825,,,80835600384.0,0.487,0.078,0.82085,0.1436,0.07556,0.05623,956.388,0.8310957,83071303680.0,11.053399,10.168331,71.91,78.16917,12.5,1.53,1784851200.0,0.1391,0.52,,0.844,5537500160.0,,0.492
2026-10-09T03:05:37.553451,FORTIS.NS,Fortis Healthcare Limited,Medical Care Facilities,Healthcare,NSE,https://www.fortishealthcare.com,Gurugram,122001,576033062912.0,1791452702.0,763.0,779.1,779.1,762.35,1664401.0,779.1,-16.099976,-2.066484,745.35,1104.3,1104.3,46.1,886.943,-123.94299,-0.13974178,906.2305,-143.23053,-0.15805088,17.650024,0.023680184,-341.30005,-0.3090646,745.35 - 1104.3,1439436.0,3024629.0,1439436.0,489311024.0,754958148.0,754958148.0,0.35187,0.50905,5586745856.0,7.4,34725834752.0,95061516288.0,125.907,,,56454152192.0,0.023,0.175,0.59387,0.21205,0.16316,0.11023,131.074,5.821139,607901712384.0,56.144222,33.408733,13.59,22.83834,1.0,0.13,1784851200.0,0.072,,,6.395,10478838784.0,,0.642
2026-10-09T03:05:37.553451,ACE.NS,Action Construction Equipment Limited,Farm & Heavy Construction Machinery,Industrials,NSE,https://www.ace-cranes.com,Palwal,121102,140429115392.0,1791453599.0,1179.8,1249.9,1249.9,1165.0,394192.0,1249.9,-70.099976,-5.6084466,745.1,1268.0,1695.0,7.65,1157.054,22.746094,0.019658629,965.4335,214.36658,0.22204179,434.70007,0.58341175,-88.19995,-0.06955832,745.1 - 1268.0,496181.0,286855.0,496181.0,37460829.0,119027888.0,119027888.0,0.66814005,0.07513,6374600192.0,53.562,79000000.0,34140399616.0,286.889,,,11003199488.0,0.223,0.205,0.32229,0.15519,0.13842,0.12796,168.988,6.9815607,134117752832.0,34.058895,25.048834,34.64,47.1,2.0,0.16,1788393600.0,0.0545,0.15,5:1,3.928,4368600064.0,1205366400.0,0.401
2026-10-09T03:05:37.553451,CANFINHOME.NS,Can Fin Homes Limited,Mortgage Finance,Financial Services,NSE,https://www.canfinhomes.com,Bengaluru,560004,96370638848.0,1791453589.0,723.75,727.3,731.4,714.15,193848.0,727.0,-3.25,-0.44704264,700.0,971.5,971.5,4.592709,787.82,-64.07001,-0.081325695,849.666,-125.916016,-0.14819472,23.75,0.033928573,-247.75,-0.25501803,700.0 - 971.5,249308.0,279931.0,249308.0,89993547.0,133154591.0,133154591.0,0.38682,0.2988,13604000.0,0.102,380703506432.0,16928704512.0,127.136,,,16748090368.0,0.196,0.225,0.98933,0.0,0.79907995,0.66733,449.134,1.6114345,477060202496.0,8.530765,7.638004,84.84,94.75643,16.0,2.2,1783036800.0,0.2475,0.68,5:1,28.181,11296999424.0,1507766400.0,0.481
2026-10-09T03:05:37.553451,JUBLPHARMA.NS,Jubilant Pharmova Limited,Drug Manufacturers - Specialty & Generic,Healthcare,NSE,https://www.jubilantpharmova.com,Noida,201301,147648512000.0,1791453600.0,932.2,971.0,974.6,921.5,417017.0,974.6,-42.399963,-4.350499,786.05,1184.8,1309.9,1.652394,959.466,-27.265991,-0.028417882,950.33826,-18.138245,-0.019086093,146.15002,0.18592969,-252.60004,-0.21320057,786.05 - 1184.8,283660.0,296676.0,283660.0,70182938.0,158387168.0,158387168.0,0.56228,0.24102,12670999552.0,80.0,36146999296.0,86083002368.0,543.43,,,55935000576.0,-0.45,0.173,0.64978,0.12375,0.05414,0.040900003,447.814,2.081668,171152523264.0,42.047813,18.441149,22.17,50.55,5.0,0.51,1784851200.0,0.22549999,0.71,21:20,1.988,3520999936.0,1290643200.0,0.465
2026-10-09T03:05:37.553451,EPIGRAL.NS,Epigral Limited,Chemicals,Basic Materials,NSE,https://www.epigral.com,Ahmedabad,380015,43667660800.0,1791453594.0,1012.2,1038.4,1038.4,995.2,29610.0,1030.0,-17.799988,-1.7281542,807.0,1729.9,2406.75,387.1,1122.296,-110.09601,-0.098098904,1089.6083,-77.408264,-0.071042284,205.20001,0.2542751,-717.7,-0.41487947,807.0 - 1729.9,92507.0,44915.0,92507.0,13399700.0,43141338.0,43141338.0,0.68857,0.061739996,50200000.0,1.164,5720399872.0,26260000768.0,608.69,,,9779399680.0,-0.379,0.163,0.37241,0.2217,0.19323,0.10321,514.919,1.965746,49337864192.0,16.146116,9.928396,62.69,101.95,5.0,0.49,1780272000.0,0.0798,,,1.879,2710200064.0,,0.308
2026-10-09T03:05:37.553451,LODHA.NS,Lodha Developers Limited,Real Estate - Development,Real Estate,NSE,https://www.lodhagroup.com,Mumbai,400013,1064801730560.0,1791452700.0,1065.6,1109.1,1111.1,1065.6,1705553.0,1109.4,-43.80005,-3.9480844,650.8,1344.95,1649.95,211.3,1184.017,-118.41699,-0.10001292,1012.466,53.133972,0.05247976,414.8,0.6373694,-279.34998,-0.20770288,650.8 - 1344.95,2059758.0,2296591.0,2059758.0,460599760.0,999250853.0,999250853.0,0.7029,0.19316,59927998464.0,59.993,98959998976.0,181812002816.0,182.049,,,79373000704.0,1.033,0.431,0.43657002,0.32275,0.37088,0.22692,233.115,4.571134,1104905895936.0,26.929491,21.713198,39.57,49.07614,4.25,0.38,1786060800.0,0.1033,,2:1,6.077,41256001536.0,1685491200.0,0.65
2026-10-09T03:05:37.553451,ASAHIINDIA.NS,Asahi India Glass Limited,Auto Parts,Consumer Cyclical,NSE,https://www.aisglass.com,Gurugram,122002,239325659136.0,1791453600.0,938.8,980.05,980.05,934.0,75103.0,976.25,-37.450012,-3.8361087,775.1,1074.0,1074.0,1.475146,944.189,-5.389038,-0.005707584,900.81726,37.982727,0.042164743,163.70001,0.21119858,-135.20001,-0.12588455,775.1 - 1074.0,166179.0,124080.0,166179.0,83163704.0,254927192.0,254927192.0,0.67417,0.09909,2453100032.0,9.626,21979600896.0,51745800192.0,205.063,,,29696399360.0,1.532,0.15,0.57389,0.20627001,0.17254,0.08457,154.339,6.0827136,258788851712.0,56.862507,40.465515,16.51,23.2,2.0,0.2,1789084800.0,0.1145,0.27,2:1,5.001,4376099840.0,1125532800.0,0.377
2026-10-09T03:05:37.553451,WAAREERTL.NS,Waaree Renewable Technologies Limited,Engineering & Construction,Industrials,NSE,https://www.waareertl.com,Mumbai,400066,83080634368.0,1791453590.0,795.95,815.0,817.95,790.55,133592.0,812.45,-16.5,-2.0308943,779.5,1358.0,1358.0,779.5,858.387,-62.43701,-0.0727376,918.6658,-122.71576,-0.13358042,16.450012,0.021103287,-562.05,-0.4138807,779.5 - 1358.0,145318.0,101537.0,145318.0,24972247.0,104379217.0,104379217.0,0.7535,0.01091,3814394880.0,36.564,1456585984.0,36524871680.0,350.259,,,7973840896.0,0.341,0.532,0.21831,0.19003999,0.18145001,0.13912,89.753,8.868228,80670867456.0,16.357378,,48.66,,,0.0,,0.0,,,2.209,5081515008.0,,0.457
2026-10-09T03:05:37.553451,CYIENT.NS,Cyient Limited,Conglomerates,Industrials,NSE,https://www.cyient.com,Hyderabad,500 081,112919044096.0,1791453597.0,1084.7,1120.7,1129.5,1071.3,425425.0,1115.0,-30.300049,-2.717493,750.3,1222.0,2458.95,34.4,1008.016,76.68396,0.07607415,953.737,130.96295,0.13731559,334.39996,0.44568834,-137.30005,-0.112356834,750.3 - 1222.0,913481.0,737880.0,913481.0,83618405.0,104101639.0,104101639.0,0.25327998,0.52197,16679000064.0,150.976,4640000000.0,76320997376.0,691.194,,,22780999680.0,-0.324,0.213,0.29849002,0.11017,0.09014,0.04955,514.316,2.1090147,112607059968.0,31.86545,14.954001,34.04,72.53577,32.0,2.87,1761264000.0,0.4699,2.11,2:1,1.475,3782000128.0,1276128000.0,0.696
2026-10-09T03:05:37.553451,PREMIERENE.NS,Premier Energies Limited,Solar,Technology,NSE,https://premierenergies.com,Hyderabad,500019,399372189696.0,1791452699.0,884.65,912.8,927.4,881.0,1266419.0,910.0,-25.349976,-2.7857115,660.0,1134.0,1388.0,660.0,973.68,-89.02997,-0.09143658,932.9275,-48.277466,-0.051748358,224.65002,0.34037882,-249.34998,-0.21988533,660.0 - 1134.0,1168545.0,1221372.0,1168545.0,141512389.0,451446522.0,451446522.0,0.67314005,0.19756001,24932640768.0,56.265,37071450112.0,84662263808.0,189.378,,,33436770304.0,0.53,0.353,0.39494,0.30656,0.25125,0.19667,95.617,9.252016,404176961536.0,24.46488,18.060492,36.16,48.98261,0.75,0.08,1778198400.0,0.0336,,,4.774,16650420224.0,,-0.216
2026-10-09T03:05:37.553451,GMMPFAUDLR.NS,GMM Pfaudler Limited,Specialty Industrial Machinery,Industrials,NSE,https://www.gmmpfaudler.com,Mumbai,400037,60260663296.0,1791453600.0,1340.4,1439.9,1445.4,1329.8,282772.0,1438.0,-97.599976,-6.7872024,735.0,1533.6,2300.0,191.66667,1169.458,170.94202,0.146172,957.375,383.02502,0.40007836,605.4,0.8236735,-193.19995,-0.12597807,735.0 - 1533.6,395645.0,263187.0,395645.0,26663680.0,44957224.0,44957224.0,0.40655997,0.19748,6353800192.0,141.33,10414000128.0,36541501440.0,812.964,,,20041000960.0,1.145,0.164,0.54844004,0.09349,0.057439998,0.01931,267.921,5.0029674,64605761536.0,80.84439,28.398306,16.58,47.2,2.0,0.14,1785196800.0,0.1274,0.14,3:1,1.768,705699968.0,1657497600.0,0.064
2026-10-09T03:05:37.553451,GABRIEL.NS,Gabriel India Limited,Auto Parts,Consumer Cyclical,NSE,https://www.anandgroupindia.com/gabrielindia,Pune,410501,255908347904.0,1791453595.0,1335.4,1357.7,1357.7,1316.9,168581.0,1346.9,-11.5,-0.8538124,795.7,1600.0,1600.0,3.025,1394.838,-59.43799,-0.042612825,1130.8595,204.54053,0.18087174,539.7,0.6782707,-264.59998,-0.16537498,795.7 - 1600.0,617867.0,222039.0,617867.0,55921382.0,191634227.0,191634227.0,0.59503,0.15317,3509349888.0,19.801,1481170048.0,48582590464.0,338.003,,,12500719616.0,0.406,0.298,0.25731,0.09242,0.06444,0.052360002,95.14,14.036158,234875535360.0,69.15588,33.59497,19.31,39.75,5.0,0.37,1786492800.0,0.25129998,0.69,2:1,4.835,2543709952.0,1342051200.0,0.736
2026-10-09T03:05:37.553451,INDIAGLYCO.NS,India Glycols Limited,Chemicals,Basic Materials,NSE,https://www.indiaglycols.com,Noida,201304,23921852416.0,1791453603.0,356.9,399.0,399.0,351.8,2964723.0,382.7,-25.800018,-6.741577,217.0,1222.0,1222.0,20.75,691.554,-334.65402,-0.48391595,899.1885,-542.28845,-0.60308653,139.9,0.6447004,-865.1,-0.7079378,217.0 - 1222.0,566096.0,2133158.0,566096.0,24911838.0,67026765.0,67026765.0,0.63842,0.03442,318660992.0,4.754,16906059776.0,43013431296.0,661.891,,,15355659264.0,0.221,0.086,0.357,0.14987999,0.11241999,0.07354,437.553,0.8156726,40509251584.0,7.7485886,,46.06,,7.5,1.96,1774224000.0,0.256,0.75,2:1,0.942,3163418112.0,1754956800.0,0.354
2026-10-09T03:05:37.553451,MAPMYINDIA.NS,C. E. Info Systems Limited,Software - Infrastructure,Technology,NSE,https://www.mapmyindia.com,New Delhi,110020,47899496448.0,1791453595.0,874.7,895.4,909.1,870.0,90530.0,896.0,-21.299988,-2.377231,795.0,1998.0,2747.85,795.0,966.016,-91.31598,-0.09452844,1032.376,-157.67596,-0.15273115,79.70001,0.100251585,-1123.3,-0.5622122,795.0 - 1998.0,383090.0,119997.0,383090.0,17238780.0,54761056.0,54761056.0,0.69431,0.12376001,3324999936.0,60.718,70400000.0,4922100224.0,89.598,,,3278899968.0,0.079,0.149,0.66616,0.33146998,0.33617002,0.28,165.254,5.293064,44647694336.0,34.988,21.692158,25.0,40.32333,3.5,0.39,1785801600.0,0.1399,0.19,,9.071,1378200064.0,,0.014
2026-10-09T03:05:37.553451,FINCABLES.NS,Finolex Cables Limited,Electrical Equipment & Parts,Industrials,NSE,https://www.finolex.com,Pune,411018,214451535872.0,1791453603.0,1402.2,1497.3,1499.0,1396.6,719625.0,1483.5,-81.30005,-5.4802866,700.8,1499.0,1700.0,15.2,1303.639,98.56091,0.07560445,1025.2605,376.93945,0.36765236,701.39996,1.0008562,-96.80005,-0.06457642,700.8 - 1499.0,1185518.0,546702.0,1185518.0,66142454.0,152939345.0,152939345.0,0.58642,0.21059999,20693999616.0,135.279,191400000.0,69386403840.0,453.723,,,12968599552.0,0.532,0.443,0.1869,0.104329996,0.11058,0.11532,397.807,3.5248246,193996095488.0,28.36165,19.287483,49.44,72.7,9.0,0.61,1788480000.0,0.1529,0.81,5:1,2.796,8001399808.0,1168214400.0,0.621
2026-10-09T03:05:37.553451,NAM-INDIA.NS,Nippon Life India Asset Management Limited,Asset Management,Financial Services,NSE,,Mumbai,400 013,665259671552.0,1791452701.0,1039.4,1055.0,1059.5,1032.6,490488.0,1047.2,-7.7999268,-0.74483645,795.8,1269.5,1269.5,127.2,1159.768,-120.36792,-0.10378621,1039.0658,0.33422852,0.00032166252,243.60004,0.3061071,-230.09998,-0.18125245,795.8 - 1269.5,1078117.0,773516.0,1078117.0,178742672.0,640041982.0,640041982.0,0.00556,0.88391,39300001792.0,61.588,753400000.0,31175399424.0,48.934,,,25929500672.0,0.264,0.245,0.83172995,0.68566,0.71078,0.52507997,73.014,14.235626,624711172096.0,41.52617,31.06835,25.03,33.45527,21.5,2.05,1782345600.0,0.85150003,2.66,,20.039,16369600512.0,,0.642
2026-10-09T03:05:37.553451,BAJFINANCE.NS,Bajaj Finance Limited,Credit Services,Financial Services,NSE,https://www.aboutbajajfinserv.com/finance-about-us,Pune,411014,5946881867776.0,1791452700.0,955.95,956.5,962.75,946.3,9366708.0,963.85,-7.8999634,-0.8196258,787.9,1176.4,1176.4,0.367354,1049.824,-93.87396,-0.08941876,971.5525,-15.602478,-0.016059326,168.04999,0.21328847,-220.45001,-0.18739375,787.9 - 1176.4,7354713.0,7995376.0,7354713.0,2665479228.0,6220913102.0,6220913102.0,0.56525004,0.27574,47410601984.0,7.625,3683091742720.0,466800803840.0,75.078,,,427360288768.0,0.272,0.261,0.91551,0.0,0.61552,0.43495,183.341,5.2140546,9609524805632.0,29.35063,18.9937,32.57,50.32985,5.4,0.56,1782777600.0,0.1658,0.32,2:1,20.586,203035295744.0,1750032000.0,0.324
2026-10-09T03:05:37.553451,POLYPLEX.NS,Polyplex Corporation Limited,Specialty Chemicals,Basic Materials,NSE,https://www.polyplex.com,Noida,201301,32552314880.0,1791453599.0,998.9,1031.6,1031.6,992.1,40581.0,1023.3,-24.399963,-2.384439,740.0,1264.0,2870.2,13.025,1129.425,-130.52502,-0.11556767,956.0792,42.8208,0.04478792,258.90002,0.3498649,-265.09998,-0.209731,740.0 - 1264.0,87413.0,42427.0,87413.0,14233325.0,32588162.0,32588162.0,0.56541,0.05784,10588800000.0,337.334,9353100288.0,76008103936.0,2421.605,,,24120999936.0,,0.296,0.31735,0.07093,0.10727999,0.02043,1350.616,0.7395885,58086625280.0,20.192036,,49.47,,2.0,0.2,1788825600.0,0.1314,1.05,2:1,0.764,1552899968.0,1293062400.0,0.334
2026-10-09T03:05:37.553451,KRN.NS,KRN Heat Exchanger and Refrigeration Limited,Electronic Components,Technology,NSE,https://krnheatexchanger.com,Neemrana,301705,92591030272.0,1791453602.0,1414.5,1519.0,1519.0,1408.5,210537.0,1484.2,-69.69995,-4.69613,589.8,1687.0,1687.0,402.1,1443.552,-29.052002,-0.02012536,1122.097,292.40295,0.26058614,824.7,1.3982706,-272.5,-0.16152935,589.8 - 1687.0,195762.0,231155.0,195762.0,20128944.0,65458486.0,65458486.0,0.68487,0.08076999,464439008.0,7.342,1873127040.0,7370926080.0,118.014,,,2399964928.0,1.6,1.189,0.32560003,0.19427,0.16881001,0.13152,92.138,15.351972,90891042816.0,95.76845,34.669117,14.77,40.8,,0.0,,0.0,,,12.331,969422016.0,,0.792
2026-10-09T03:05:37.553451,ADANIGREEN.NS,Adani Green Energy Limited,Utilities - Renewable,Utilities,NSE,https://www.adanigreenenergy.com,Ahmedabad,382 421,2035415515136.0,1791452699.0,1235.7,1342.7,1344.8,1208.0,7489055.0,1341.4,-105.70007,-7.8798323,765.0,1631.5,3050.0,22.8,1307.74,-72.04004,-0.055087432,1205.5317,30.168213,0.025024818,470.69995,0.61529404,-395.80005,-0.24259886,765.0 - 1631.5,2120033.0,3300988.0,2120033.0,334607364.0,1647176155.0,1647176155.0,0.82274,0.14187,40730001408.0,24.727,1035449991168.0,136239996928.0,83.298,,,129009999872.0,0.185,0.166,0.94693,0.85926,0.6678,0.13095,117.11,10.551618,3129275580416.0,128.45114,41.42153,9.62,29.83231,,0.0,,0.0,,,22.969,17109999616.0,,1.081
2026-10-09T03:05:37.553451,INDIANB.NS,Indian Bank,Banks - Regional,Financial Services,NSE,https://indianbank.bank.in,Chennai,600014,1088077496320.0,1791452703.0,807.8,830.9,832.0,807.8,2114648.0,828.3,-20.5,-2.474949,756.5,1000.9,1000.9,41.55,854.943,-47.143005,-0.055141695,866.65576,-58.855774,-0.067911364,51.299988,0.06781228,-193.10004,-0.19292639,756.5 - 1000.9,1607663.0,1117580.0,1607663.0,352405741.0,1346963981.0,1346963981.0,0.76411,0.17326,599759978496.0,445.269,482530000896.0,351093489664.0,260.656,0.0134000005,0.16171,351093489664.0,0.475,0.103,0.0,0.0,0.48043,0.36413,622.913,1.2968103,971206098944.0,8.727312,7.348885,92.56,109.92143,18.25,2.2,1781049600.0,0.19229999,1.99,,2.766,127845400576.0,,0.327
2026-10-09T03:05:37.553451,ZYDUSLIFE.NS,Zydus Lifesciences Limited,Drug Manufacturers - Specialty & Generic,Healthcare,NSE,https://zyduslife.com,Ahmedabad,382481,1109224194048.0,1791452700.0,1112.0,1165.0,1166.9,1109.1,1745796.0,1153.0,-41.0,-3.555941,835.5,1232.1,1324.3,0.994381,1144.464,-32.46399,-0.028366107,1017.5295,94.47052,0.09284303,276.5,0.33093956,-120.099976,-0.097475834,835.5 - 1232.1,1462497.0,2087739.0,1462497.0,242884761.0,997503832.0,997503832.0,0.75188005,0.16184,49711001600.0,49.403,125145997312.0,285916987392.0,284.209,,,206177992704.0,-0.359,0.22,0.72111,0.23806,0.16438,0.15784,269.434,4.1271706,1219075244032.0,24.782705,22.600422,44.87,49.20262,1.0,0.09,1784851200.0,0.24520001,0.47,5:1,4.264,45129998336.0,1444089600.0,0.371
2026-10-09T03:05:37.553451,SCHNEIDER.NS,Schneider Electric Infrastructure Limited,Electrical Equipment & Parts,Industrials,NSE,https://infra-in.se.com,Gurugram,122002,284868542464.0,1791453589.0,1191.4,1256.2,1259.0,1185.2,286019.0,1256.2,-64.79993,-5.1584086,571.85,1548.0,1548.0,54.5,1252.02,-60.619995,-0.04841775,1098.52,92.880005,0.08455013,619.55005,1.0834136,-356.59998,-0.23036174,571.85 - 1548.0,347051.0,326245.0,347051.0,52862823.0,239104035.0,239104035.0,0.76943,0.06156,3578500096.0,14.958,5482500096.0,29203599360.0,122.208,,,10599799808.0,-0.698,0.048,0.36296,0.115380004,0.03873,0.06292,32.429,36.73872,286923522048.0,154.92848,49.849373,7.69,23.9,,0.0,1342656000.0,0.0,,,9.825,1837600000.0,,0.423
2026-10-09T03:05:37.553451,STAR.NS,Strides Pharma Science Limited,Drug Manufacturers - Specialty & Generic,Healthcare,NSE,https://www.strides.com,Bengaluru,560076,100956774400.0,1791453597.0,1095.3,1100.6,1106.1,1067.0,420781.0,1100.6,-5.2999268,-0.48154885,768.65,1260.9,1675.0,51.889175,1078.45,16.850098,0.015624367,1012.12823,83.171814,0.08217517,326.65002,0.42496586,-165.59998,-0.13133474,768.65 - 1260.9,370053.0,200550.0,370053.0,56697280.0,92172715.0,92172714.0,0.30784,0.28553,2044819968.0,22.185,17579829248.0,50043539456.0,542.878,,,28117559296.0,0.574,0.13,0.56186,0.16386999,0.13701001,0.12259,337.146,3.2487411,116909506560.0,16.458302,11.4811325,66.55,95.4,5.0,0.45,1785456000.0,0.060100004,0.32,,2.336,6134989824.0,,0.369
2026-10-09T03:05:37.553451,ISGEC.NS,Isgec Heavy Engineering Limited,Specialty Industrial Machinery,Industrials,NSE,https://www.isgec.com,Noida,201301,67529506816.0,1791453600.0,918.4,901.75,931.05,886.1,230975.0,901.75,16.650024,1.8464124,683.95,1113.9,1675.55,417.85,811.532,106.86804,0.13168679,888.0375,30.362549,0.034190618,234.45001,0.34278822,-195.5,-0.17550947,683.95 - 1113.9,74700.0,110786.0,74700.0,27033401.0,73529510.0,73529510.0,0.63154,0.117139995,4418599936.0,60.231,9509099520.0,74129301504.0,1009.098,,,25332000768.0,-0.828,0.477,0.34173,0.08157,0.0297,0.01497,372.202,2.4674773,73975824384.0,25.447493,,36.09,,6.0,0.67,1789948800.0,0.6098,0.32,,0.998,1109500032.0,,0.32
2026-10-09T03:05:37.553451,LUXIND.NS,Lux Industries Limited,Apparel Manufacturing,Consumer Cyclical,NSE,https://www.luxinnerwear.com,Kolkata,700091,33334456320.0,1791453585.0,1108.5,1166.0,1166.0,1100.0,19524.0,1157.5,-49.0,-4.233261,824.05,1823.35,4644.0,536.2,1177.62,-69.119995,-0.058694653,1166.3287,-57.828735,-0.049581848,284.45,0.3451854,-714.85,-0.39205307,824.05 - 1823.35,38813.0,27765.0,38813.0,6831134.0,30071681.0,30071681.0,0.75889,0.05414,2520499968.0,83.827,6184000000.0,29334401024.0,975.519,,,8774899712.0,-0.061,0.008,0.29913,0.06418,0.05645,0.03489,609.814,1.8177673,36861005824.0,32.56463,15.926724,34.04,69.6,2.0,0.17,1789689600.0,0.0588,0.21,5:1,1.257,1023600000.0,1465171200.0,0.642
2026-10-09T03:05:37.553451,GRINFRA.NS,G R Infraprojects Limited,Engineering & Construction,Industrials,NSE,https://www.grinfra.com,Udaipur,313002,76382765056.0,1791453558.0,789.4,802.35,806.3,780.0,16920.0,798.4,-9.0,-1.1272545,775.0,1279.9,2267.65,775.0,857.8,-68.39996,-0.079738826,903.0615,-113.6615,-0.1258624,14.400024,0.018580677,-490.5,-0.38323307,775.0 - 1279.9,31717.0,17648.0,31717.0,24042089.0,96760529.0,96760529.0,0.75848,0.21148,13043937280.0,134.806,48718184448.0,91979915264.0,950.638,,,29950369792.0,0.464,0.401,0.32562,0.18591999,0.15149,0.11047,969.38,0.8143349,112169869312.0,7.5180955,8.116389,105.0,97.26,5.0,0.63,1771372800.0,0.0238,,,1.22,10160768000.0,,0.672
2026-10-09T03:05:37.553451,HINDALCO.NS,Hindalco Industries Limited,Aluminum,Basic Materials,NSE,https://www.hindalco.com,Mumbai,400013,1975988125696.0,1791452699.0,890.15,910.0,910.85,886.5,3806457.0,910.85,-20.699951,-2.272597,754.45,1176.0,1176.0,4.706867,1002.059,-111.909,-0.11167905,985.345,-95.19495,-0.09661078,135.70001,0.17986614,-285.84998,-0.24306971,754.45 - 1176.0,4197820.0,4023018.0,4197820.0,1418897662.0,2219837078.0,2219837078.0,0.37572,0.40228,228049993728.0,102.733,991649988608.0,2955370037248.0,1331.035,,,925429989376.0,0.751,0.321,0.31314,0.14022,0.13668999,0.05549,615.284,1.4467304,2739708100608.0,12.358046,7.998345,72.03,111.29178,5.0,0.55,1783641600.0,0.0678,0.6,10:1,0.927,164000006144.0,1125360000.0,0.952
2026-10-09T03:05:37.553451,AUBANK.NS,AU Small Finance Bank Limited,Banks - Regional,Financial Services,NSE,https://www.au.bank.in,Mumbai,400070,730680459264.0,1791452703.0,975.0,997.9,997.9,974.0,973323.0,993.4,-18.400024,-1.852227,755.15,1144.1,1144.1,183.0,1056.728,-81.72803,-0.07734065,1004.6398,-29.63977,-0.029502884,219.84998,0.29113418,-169.09998,-0.14780174,755.15 - 1144.1,1546946.0,2148173.0,1546946.0,545680748.0,749415850.0,749415850.0,0.31408,0.49604,85234098176.0,113.831,138715447296.0,111671615488.0,149.466,,,111671615488.0,0.351,0.298,0.0,0.0,0.35311002,0.25577998,267.236,3.6484606,783541600256.0,26.230833,16.13829,37.17,60.41532,1.0,0.1,1785456000.0,0.0,0.11,2:1,7.016,28563490816.0,1654732800.0,0.576
2026-10-09T03:05:37.553451,ALIVUS.NS,Alivus Life Sciences Limited,Drug Manufacturers - Specialty & Generic,Healthcare,NSE,https://www.alivus.com,Mumbai,400093,164169973760.0,1791453591.0,1337.2,1370.2,1371.9,1320.3,82770.0,1370.2,-33.0,-2.4084077,819.0,1493.8,1493.8,370.0,1362.288,-25.088013,-0.018416086,1098.2025,238.99744,0.21762602,518.19995,0.6327228,-156.6001,-0.10483337,819.0 - 1493.8,161444.0,116410.0,161444.0,30846547.0,122771448.0,122771448.0,0.76077,0.073359996,7825110016.0,63.744,567710016.0,25904001024.0,210.996,,,15391729664.0,0.317,0.064,0.59418,0.3236,0.29845,0.23279,271.018,4.9339895,156894150656.0,27.273098,21.28862,49.03,62.8129,5.0,0.36,1788220800.0,0.102,1.26,,6.057,6030239744.0,,0.072
2026-10-09T03:05:37.553451,AVALON.NS,Avalon Technologies Limited,Electronic Components,Technology,NSE,https://www.avalontec.com,Chennai,600045,153963053056.0,1791453599.0,2302.0,2429.7,2432.5,2272.3,267549.0,2429.7,-127.69995,-5.255791,777.3,2618.0,2618.0,348.0,2191.366,110.63403,0.050486334,1473.6388,828.3612,0.56211954,1524.7,1.9615334,-316.0,-0.120702825,777.3 - 2618.0,548084.0,524596.0,548084.0,33752791.0,66882300.0,66882300.0,0.54403,0.27696,1430710016.0,21.418,2129229952.0,17643110400.0,264.346,,,5879880192.0,1.453,0.498,0.33326998,0.10913,0.101940006,0.07572,108.034,21.308107,154469466112.0,121.92797,62.953644,18.88,36.56659,,0.0,,0.0,,,8.755,1336009984.0,,0.885
2026-10-09T03:05:37.553451,VIJAYA.NS,Vijaya Diagnostic Centre Limited,Diagnostics & Research,Healthcare,NSE,https://www.vijayadiagnostic.com,Hyderabad,500082,147400015872.0,1791453601.0,1431.1,1464.5,1472.7,1416.5,87061.0,1462.4,-31.300049,-2.1403205,848.0,1593.6,1593.6,295.0,1469.142,-38.041992,-0.02589402,1207.502,223.59802,0.18517405,583.1,0.6876179,-162.5,-0.10197038,848.0 - 1593.6,184664.0,109341.0,184664.0,48930194.0,102997715.0,102997715.0,0.5348,0.39417,2891252992.0,28.095,4225850112.0,8571307008.0,83.24,,,7582627840.0,0.373,0.228,0.88465,0.43291,0.31785,0.21874,93.061,15.378085,148607827968.0,78.675095,52.096832,18.19,27.47,2.0,0.14,1789516800.0,0.11,0.15,,17.338,1874887040.0,,0.362
2026-10-09T03:05:37.553451,DEEPAKFERT.NS,Deepak Fertilisers And Petrochemicals Corporation Limited,Chemicals,Basic Materials,NSE,https://www.dfpcl.com,Pune,411036,175673065472.0,1791453589.0,1390.2,1415.0,1415.1,1378.3,269929.0,1415.4,-25.200073,-1.7804205,866.4,1681.0,1778.6,8.241688,1416.99,-26.79004,-0.0189063,1290.1605,100.03943,0.07754029,523.7999,0.6045705,-290.80005,-0.17299229,866.4 - 1681.0,347348.0,331272.0,347348.0,65313420.0,126365329.0,126237825.0,0.47094002,0.18993999,6623699968.0,52.472,56702799872.0,121035399168.0,958.804,,,39479799808.0,1.016,0.225,0.32618,0.16792999,0.22732,0.08131,542.105,2.5644479,231763574784.0,17.832222,11.136449,77.96,124.83333,10.0,0.71,1787616000.0,0.1283,0.99,,1.915,9841200128.0,,0.046
2026-10-09T03:05:37.553451,ASTRAMICRO.NS,Astra Microwave Products Limited,Communication Equipment,Technology,NSE,https://astramwp.com,Hyderabad,500038,154836320256.0,1791453603.0,1630.8,1700.0,1701.1,1625.0,259967.0,1701.1,-70.29993,-4.1326156,851.0,1960.0,1960.0,21.966665,1690.358,-59.557983,-0.035233945,1322.914,307.8861,0.23273328,779.80005,0.9163338,-329.19995,-0.16795915,851.0 - 1960.0,426630.0,330133.0,426630.0,74947480.0,94945008.0,94945008.0,0.30155,0.23077999,2528466944.0,26.414,2876673024.0,11397388288.0,119.84,,,5822967808.0,-0.246,-0.115,0.5109,0.28628,0.11986,0.16587,138.431,11.780599,156453683200.0,85.65126,50.167953,19.04,32.50681,2.4,0.14,1789084800.0,0.1108,0.27,3:2,13.727,1890452992.0,1293667200.0,0.594
2026-10-09T03:05:37.553451,KFINTECH.NS,KFin Technologies Limited,Software - Application,Technology,NSE,https://www.kfintech.com,Hyderabad,500032,144901373952.0,1791452703.0,838.2,863.95,863.95,838.2,350672.0,858.0,-19.799988,-2.3076909,784.95,1215.0,1641.35,272.0,916.714,-78.51398,-0.08564719,925.25073,-87.05072,-0.09408338,53.25,0.06783871,-376.8,-0.31012344,784.95 - 1215.0,1004678.0,652432.0,1004678.0,129317130.0,172872079.0,172872079.0,0.14502,0.64643997,5569050112.0,32.28,554430016.0,14002230272.0,81.215,,,8244380160.0,-0.025,0.301,0.58879,0.35134998,0.26553,0.24400999,96.976,8.643376,139595038720.0,43.56549,30.285162,19.24,27.67692,12.0,1.4,1784073600.0,0.3807,,,9.969,3416689920.0,,-0.207
2026-10-09T03:05:37.553451,KAJARIACER.NS,Kajaria Ceramics Limited,Building Products & Equipment,Industrials,NSE,https://www.kajariaceramics.com,New Delhi,110044,190237376512.0,1791453588.0,1210.6,1228.4,1254.5,1209.0,385389.0,1226.2,-15.599976,-1.2722212,869.6,1293.8,1578.7,1.5,1218.062,-7.462036,-0.0061261547,1097.5685,113.031494,0.10298355,341.0,0.39213434,-83.20007,-0.06430675,869.6 - 1293.8,352893.0,930452.0,352893.0,85594039.0,157143050.0,157143050.0,0.62705004,0.30616,7551200256.0,47.368,2285900032.0,50557001728.0,317.414,,,19635800064.0,0.554,0.204,0.38839,0.18731001,0.16424999,0.107980005,192.497,6.2889295,188373614592.0,35.304752,27.809792,34.29,43.53143,12.0,0.98,1789948800.0,0.35,0.71,2:1,3.726,5467400192.0,1475539200.0,0.486
2026-10-09T03:05:37.553451,NATCOPHARM.NS,NATCO Pharma Limited,Drug Manufacturers - Specialty & Generic,Healthcare,NSE,https://www.natcopharma.co.in,Hyderabad,500034,146353602560.0,1791453599.0,795.4,812.95,819.0,792.1,312084.0,810.1,-14.699951,-1.8145849,792.05,1226.8,1639.0,1.72,855.01294,-59.612915,-0.069721654,941.3922,-145.99219,-0.15508115,3.3500366,0.0042295773,-431.40002,-0.35164657,792.05 - 1226.8,440574.0,496315.0,440574.0,83812493.0,184000000.0,184000000.0,0.50878,0.12994,21290999808.0,118.879,7138999808.0,34845999104.0,194.558,,,28796000256.0,-0.57,-0.447,0.82638,0.30696,0.18961,0.32839,514.922,1.5447,128302555136.0,12.783671,16.7924,62.22,47.36667,5.95,0.73,1787184000.0,0.0783,0.67,5:1,3.682,11443000320.0,1448496000.0,0.149
2026-10-09T03:05:37.553451,GULFOILLUB.NS,Gulf Oil Lubricants India Limited,Specialty Chemicals,Basic Materials,NSE,https://india.gulfoilltd.com,Mumbai,400093,53980839936.0,1791453599.0,1089.3,1111.1,1111.1,1080.1,42061.0,1118.6,-29.299927,-2.6193392,865.0,1289.4,1513.55,230.0,1117.338,-28.037964,-0.025093539,1041.8247,47.47534,0.045569416,224.30005,0.2593064,-200.09998,-0.15518844,865.0 - 1289.4,77846.0,48540.0,77846.0,15903967.0,49555526.0,49555526.0,0.6866,0.087299995,11572824064.0,233.786,5666444800.0,43668013056.0,884.294,,,18414163968.0,0.28,0.306,0.42169,0.12755,0.11022,0.08585,311.026,3.5022798,48489132032.0,14.889284,10.421929,73.16,104.52,51.0,4.56,1788480000.0,0.6522,2.42,,1.11,3749103104.0,,0.598
2026-10-09T03:05:37.553451,ABSLAMC.NS,Aditya Birla Sun Life AMC Limited,Asset Management,Financial Services,NSE,https://www.adityabirla.com/en/businesses/brands/aditya-birla-sun-life-amc-limited-abslamc/,Mumbai,400093,290793095168.0,1791453596.0,1004.9,1012.05,1024.6,996.2,254248.0,1015.5,-10.599976,-1.0438184,708.0,1224.9,1224.9,307.0,1027.808,-22.907959,-0.02228817,991.334,13.56604,0.013684631,296.90002,0.41935033,-220.0,-0.1796065,708.0 - 1224.9,254985.0,189038.0,254985.0,152824687.0,289375135.0,289375135.0,0.44801,0.44778,38120001536.0,131.992,637299968.0,21167800320.0,73.291,,,16195900416.0,0.113,0.106,0.76512,0.62608004,0.65116,0.47594002,139.944,7.1807294,252738650112.0,28.876438,23.135942,34.8,43.43458,25.5,2.51,1784678400.0,0.6901,1.82,,11.94,10074500096.0,,0.37
2026-10-09T03:05:37.553451,UTIAMC.NS,UTI Asset Management Company Limited,Asset Management,Financial Services,NSE,https://www.utiwms.com,Mumbai,400051,112755482624.0,1791453594.0,877.2,896.9,897.0,875.45,71495.0,892.3,-15.099976,-1.6922531,866.0,1409.0,1494.8,477.0,897.918,-20.718018,-0.023073396,963.61176,-86.41174,-0.08967485,11.200012,0.012933039,-531.8,-0.3774308,866.0 - 1409.0,183842.0,66807.0,183842.0,99244457.0,128540222.0,128540222.0,0.34737,0.51758,40844701696.0,317.808,1409299968.0,17346699264.0,135.172,,,11670700032.0,0.24,0.067,0.67279,0.48039,0.63324,0.26583,350.5,2.5027103,73302376448.0,24.49595,15.383464,35.81,57.02227,40.0,4.48,1783987200.0,0.72589993,2.36,,4.226,4611299840.0,,0.373
2026-10-09T03:05:37.553451,MAXHEALTH.NS,Max Healthcare Institute Limited,Medical Care Facilities,Healthcare,NSE,https://www.maxhealthcare.in,Gurugram,122102,850089213952.0,1791452699.0,873.4,900.5,903.6,870.0,2238798.0,908.0,-34.599976,-3.81057,870.0,1221.9,1314.3,97.15,1012.374,-138.974,-0.13727535,1026.216,-152.81592,-0.14891204,3.4000244,0.003908074,-348.5,-0.28521156,870.0 - 1221.9,2150039.0,4024315.0,2150039.0,699039362.0,973310251.0,973310251.0,0.28203,0.59362,6657999872.0,6.841,34783600640.0,87120502784.0,89.591,,,54466600960.0,0.048,0.167,0.62519,0.25778,0.19728,0.16723,110.433,7.9088683,878153433088.0,60.906555,37.450275,14.34,23.32159,2.0,0.22,1783036800.0,0.1341,,,10.08,14569299968.0,,0.099
2026-10-09T03:05:37.553451,RAMCOCEM.NS,The Ramco Cements Limited,Building Materials,Basic Materials,NSE,https://www.ramcocements.in,Chennai,600004,193263550464.0,1791453599.0,817.9,844.55,844.6,811.6,68677.0,845.0,-27.099976,-3.2070975,811.6,1214.5,1214.5,16.225,890.515,-72.61499,-0.08154269,963.5272,-145.6272,-0.15113968,6.300049,0.0077625047,-396.59998,-0.32655412,811.6 - 1214.5,221067.0,175895.0,221067.0,126676345.0,236292380.0,236292380.0,0.49148,0.31046,1883200000.0,7.97,38767398912.0,92277899264.0,390.219,,,48878600192.0,-0.633,0.096,0.52969,0.1455,0.0513,0.06988,342.521,2.387883,230151438336.0,29.981672,31.314873,27.28,26.11858,2.5,0.3,1786579200.0,0.0733,0.26,10:1,2.494,6448500224.0,1222819200.0,0.104
2026-10-09T03:05:37.553451,HOMEFIRST.NS,Home First Finance Company India Limited,Mortgage Finance,Financial Services,NSE,https://homefirstindia.com,Mumbai,400059,112081240064.0,1791453600.0,1071.9,1086.2,1087.0,1054.0,119742.0,1087.9,-16.0,-1.4707234,893.7,1317.7,1519.0,440.0,1176.764,-104.86401,-0.089112185,1129.3325,-57.432495,-0.050855257,178.20001,0.19939578,-245.79993,-0.1865371,893.7 - 1317.7,201191.0,256951.0,201191.0,92459662.0,104563142.0,104563142.0,0.093380004,0.6671,10311910400.0,98.841,106274947072.0,11303950336.0,108.793,,,11297349632.0,0.323,0.297,0.99942,0.0,0.66038,0.51428,417.581,2.5669272,207792242688.0,19.390377,13.634669,55.28,78.61577,5.2,0.48,1780012800.0,0.0942,,,18.382,5813429760.0,,0.589
2026-10-09T03:05:37.553451,LAURUSLABS.NS,Laurus Labs Limited,Drug Manufacturers - Specialty & Generic,Healthcare,NSE,https://www.lauruslabs.com,Hyderabad,500033,1079489724416.0,1791452700.0,1997.9,2055.0,2055.0,1997.9,1393893.0,2052.8,-54.900024,-2.674397,843.0,2065.2,2065.2,59.0,1909.814,88.08606,0.04612285,1384.9103,612.98975,0.44262055,1154.9,1.3699882,-67.29993,-0.032587606,843.0 - 2065.2,2434519.0,1571937.0,2434519.0,363426052.0,540312218.0,540312218.0,0.32031,0.33451,1136999936.0,2.106,25184800768.0,72696397824.0,134.689,,,43214499840.0,1.252,0.291,0.59445,0.28076,0.25386,0.1504,98.175,20.350395,1103940288512.0,101.46775,67.73686,19.69,29.49502,2.4,0.12,1778198400.0,0.098900005,0.22,5:1,15.186,10933699584.0,1601337600.0,0.335
2026-10-09T03:05:37.553451,NAUKRI.NS,Info Edge (India) Limited,Internet Content & Information,Communication Services,NSE,https://www.infoedge.in,Noida,201304,766144086016.0,1791452697.0,1182.8,1221.0,1253.2,1182.8,2180294.0,1225.3,-42.5,-3.468538,908.3,1419.9,1825.78,18.81,1287.565,-104.76489,-0.08136669,1130.612,52.18799,0.04615906,274.50006,0.30221298,-237.09998,-0.16698357,908.3 - 1419.9,1703586.0,1673911.0,1703586.0,311892122.0,647737579.0,647737579.0,0.47012,0.35526,45885431808.0,70.84,2585299968.0,33746180096.0,52.111,,,19030550528.0,0.507,0.114,0.56393003,0.35501,0.34807998,0.47402,585.316,2.020789,747406950400.0,47.964317,50.143463,24.66,23.58832,14.4,1.18,1784851200.0,0.3404,0.34,5:1,22.148,15996260352.0,1746576000.0,0.319
2026-10-09T03:05:37.553451,DHANUKA.NS,Dhanuka Agritech Limited,Agricultural Inputs,Basic Materials,NSE,https://www.dhanuka.com,Gurugram,122002,39824044032.0,1791453599.0,893.35,895.85,907.0,885.55,26882.0,891.8,1.5499878,0.17380442,885.55,1504.9,1975.0,78.15,980.668,-87.318054,-0.08903936,1042.2708,-148.92078,-0.14288108,7.799988,0.008808072,-611.55005,-0.40637255,885.55 - 1504.9,30463.0,26474.0,30463.0,18029076.0,44578324.0,44578324.0,0.70184,0.19715999,3208559104.0,71.177,306392000.0,19534295040.0,433.45,,,7854266880.0,-0.345,-0.126,0.40208,0.19292,0.08773,0.13721,373.101,2.3943918,37368553472.0,15.021859,12.279725,59.47,72.75,2.0,0.22,1784246400.0,0.0336,0.35,,1.913,2680358912.0,,0.316
2026-10-09T03:05:37.553451,MGL.NS,Mahanagar Gas Limited,Utilities - Regulated Gas,Utilities,NSE,https://www.mahanagargas.com,Mumbai,400051,103114121216.0,1791453597.0,1043.9,1040.0,1050.8,1028.3,94398.0,1041.6,2.3000488,0.22081882,900.0,1329.0,1988.0,492.65,1092.536,-48.635986,-0.044516597,1092.159,-48.259033,-0.04418682,143.90002,0.15988892,-285.09998,-0.21452218,900.0 - 1329.0,235065.0,116964.0,235065.0,56788818.0,98777779.0,98777778.0,0.42501,0.34802,11498999808.0,116.42,2229299968.0,85354102784.0,864.082,,,24770500608.0,-0.393,0.139,0.29021,0.1527,0.09854999,0.08382,650.7,1.6042724,93977927680.0,14.414527,11.154079,72.42,93.58908,36.0,3.46,1787011200.0,0.4143,2.41,,1.101,7154599936.0,,0.734
2026-10-09T03:05:37.553451,SAILIFE.NS,Sai Life Sciences Limited,Diagnostics & Research,Healthcare,NSE,https://www.sailife.com,Hyderabad,500032,319816859648.0,1791453600.0,1505.6,1563.4,1563.4,1499.0,513975.0,1561.8,-56.200073,-3.5984166,783.85,1697.0,1697.0,636.1,1509.24,-3.6400146,-0.0024118195,1167.529,338.07092,0.28956103,721.75,0.9207757,-191.40002,-0.112787284,783.85 - 1697.0,615442.0,421368.0,615442.0,133285505.0,212418216.0,212418216.0,0.36291,0.43849,1578630016.0,7.453,2884519936.0,22503579648.0,106.833,,,16756710400.0,0.208,0.117,0.74461997,0.2975,0.18414,0.16075,117.47,12.816889,320201555968.0,92.254906,60.263145,16.32,24.98376,,0.0,,0.0,,,14.229,3617400064.0,,
2026-10-09T03:05:37.553451,SHARDACROP.NS,Sharda Cropchem Limited,Agricultural Inputs,Basic Materials,NSE,https://www.shardacropchem.com,Mumbai,400056,65482035200.0,1791453601.0,725.8,744.0,744.0,721.6,69664.0,742.05,-16.25,-2.1898794,697.6,1297.0,1297.0,99.4,771.804,-46.00403,-0.05960584,926.9985,-201.19849,-0.21704295,28.200012,0.040424332,-571.2,-0.44040093,697.6 - 1297.0,154876.0,97522.0,154876.0,21733215.0,90220495.0,90220495.0,0.74821,0.10067,7016671232.0,77.772,32666000.0,52831551488.0,585.573,,,18612092928.0,-0.383,0.049,0.35229,0.19296,0.03965,0.11851,347.647,2.08775,58503512064.0,10.456706,8.825389,69.41,82.24,15.0,2.02,1786060800.0,0.1729,0.95,,1.107,6261175808.0,,0.605
2026-10-09T03:05:37.553451,CHENNPETRO.NS,Chennai Petroleum Corporation Limited,Oil & Gas Refining & Marketing,Energy,NSE,https://www.cpcl.co.in,Chennai,600018,227983343616.0,1791453603.0,1531.0,1605.0,1625.0,1521.1,6074578.0,1612.3,-81.30005,-5.042489,716.8,1677.5,1677.5,24.7,1405.966,125.03406,0.08893107,1114.7023,416.29773,0.37346092,814.2,1.1358818,-146.5,-0.08733234,716.8 - 1677.5,2617204.0,4357393.0,2617204.0,44605962.0,148911400.0,148911400.0,0.69061,0.05633,13421800448.0,90.134,19641600000.0,761971015680.0,5118.353,,,88772501504.0,,0.848,0.1165,0.08154,0.051149998,0.054780003,746.005,2.0522652,234200858624.0,5.7519627,3.817955,266.17,401.0,62.0,3.85,1786060800.0,0.0464,1.28,,0.307,41741500416.0,,0.067
2026-10-09T03:05:37.553451,SHRIRAMFIN.NS,Shriram Finance Limited,Credit Services,Financial Services,NSE,https://shriramfinance.in,Mumbai,400051,2158330511360.0,1791452700.0,917.25,950.0,951.0,917.25,6407051.0,948.0,-30.75,-3.243671,658.75,1153.7,1153.7,2.01691,1049.788,-132.53796,-0.12625213,1009.1395,-91.88953,-0.09105731,258.5,0.39240986,-236.44995,-0.20494926,658.75 - 1153.7,4665006.0,5223814.0,4665006.0,1767008667.0,2353045034.0,2353045034.0,0.22171,0.59594,104298799104.0,44.332,1820772663296.0,226304098304.0,113.628,,0.18495001,219087994880.0,0.295,0.428,0.96810997,0.0,0.68518996,0.50009996,350.339,2.6181784,3874475474944.0,16.741194,12.803802,54.79,71.63888,10.8,1.14,1783036800.0,0.24370001,1.48,5:1,17.121,113180303360.0,1736467200.0,0.606
2026-10-09T03:05:37.553451,PVRINOX.NS,PVR INOX Limited,Entertainment,Communication Services,NSE,https://www.pvrcinemas.com,Gurugram,122002,125854703616.0,1791453603.0,1309.2,1335.1,1342.4,1301.0,661906.0,1343.8,-34.600098,-2.574795,907.4,1374.8,2214.85,57.148746,1219.565,89.63501,0.07349753,1053.1238,256.07617,0.24315867,401.79993,0.44280353,-65.6001,-0.0477161,907.4 - 1374.8,639175.0,997131.0,639175.0,71674426.0,96130997.0,96130997.0,0.29404,0.42275003,5916000256.0,60.207,67790999552.0,68188000256.0,693.672,,,45661999104.0,,0.104,0.66964996,0.35536,0.13192001,0.0652,750.517,1.7443974,190518132736.0,47.246483,22.225857,27.71,58.90436,,0.0,1583366400.0,0.0,0.16,,2.794,2808000000.0,,0.388
2026-10-09T03:05:37.553451,IFBIND.NS,IFB Industries Limited,"Furnishings, Fixtures & Appliances",Consumer Cyclical,NSE,https://www.ifbindustries.com,Kolkata,700 107,48087707648.0,1791453600.0,1186.8,1222.0,1222.0,1180.5,16892.0,1216.0,-29.199951,-2.4013116,883.2,2019.8,2359.9,1.8,1310.106,-123.30591,-0.094119035,1221.4988,-34.69873,-0.028406685,303.60004,0.34375003,-833.0,-0.41241705,883.2 - 2019.8,68895.0,32122.0,68895.0,8888608.0,40518796.0,40518796.0,0.77917,0.05158,3834800128.0,94.642,1559000064.0,58659098624.0,1447.332,,,22087600128.0,0.644,0.184,0.37654,0.05051,0.03529,0.02735,245.53,4.8336253,45811908608.0,29.977268,18.54375,39.59,64.0,,0.0,,0.0,,,0.781,1604499968.0,,0.43
2026-10-09T03:05:37.553451,ADANIENSOL.NS,Adani Energy Solutions Limited,Utilities - Independent Power Producers,Utilities,NSE,https://www.adanienergysolutions.com,Ahmedabad,382421,1530527612928.0,1791452706.0,1251.5,1328.9,1328.9,1241.2,2431059.0,1318.8,-67.30005,-5.1031275,803.1,1789.0,4236.75,25.0,1463.352,-211.85205,-0.14477175,1297.8778,-46.377808,-0.03573357,448.40002,0.5583365,-537.5,-0.30044717,803.1 - 1789.0,2756941.0,2371164.0,2756941.0,299227493.0,1222954468.0,1222954468.0,0.73388,0.22134,48825597952.0,40.645,515923509248.0,304798302208.0,253.701,,,133078802432.0,1.241,0.424,0.43660998,0.31635,0.24952,0.095769994,211.67,5.912505,1981484105728.0,54.271465,34.163773,23.06,36.63237,,0.0,,0.0,,,6.501,29191200768.0,,0.659
2026-10-09T03:05:37.553451,OLECTRA.NS,Olectra Greentech Limited,Farm & Heavy Construction Machinery,Industrials,NSE,https://olectra.com,Hyderabad,500037,85487083520.0,1791453593.0,1041.5,1085.0,1096.2,1037.1,500946.0,1084.1,-42.599976,-3.9295244,866.6,1573.8,2221.95,3.4,1255.396,-213.896,-0.1703813,1201.3838,-159.88379,-0.13308303,174.90002,0.20182325,-532.30005,-0.33822596,866.6 - 1573.8,369702.0,365020.0,369702.0,40826433.0,82080737.0,82080737.0,0.50267,0.051859997,1719499008.0,20.939,3802938112.0,25404506112.0,309.432,,,5793721856.0,-0.003,0.657,0.22805999,0.13687,0.09316,0.06984,149.465,6.968187,87665565696.0,48.19528,24.053118,21.61,43.3,0.6,0.06,1789689600.0,0.0185,0.03,,3.451,1774162048.0,,0.176
2026-10-09T03:05:37.553451,MEDANTA.NS,Global Health Limited,Medical Care Facilities,Healthcare,NSE,https://www.medanta.org,Gurugram,122001,343023419392.0,1791453596.0,1276.5,1299.0,1309.3,1270.9,144593.0,1294.1,-17.599976,-1.3600167,956.0,1544.0,1544.0,406.65,1430.69,-154.18994,-0.10777313,1236.7703,39.729736,0.03212378,320.5,0.33525103,-267.5,-0.1732513,956.0 - 1544.0,268500.0,282159.0,268500.0,88414430.0,268721832.0,268721832.0,0.66385,0.23509,11302280192.0,42.083,11900460032.0,46834728960.0,178.984,,,24723810304.0,-0.002,0.265,0.52789,0.2067,0.16700001,0.11875,147.471,8.655939,343659446272.0,61.726303,37.98387,20.68,33.60637,0.5,0.04,1786665600.0,0.0242,,,7.338,5561780224.0,,0.164
2026-10-09T03:05:37.553451,GODREJCP.NS,Godrej Consumer Products Limited,Household & Personal Products,Consumer Defensive,NSE,https://www.godrejcp.com,Mumbai,400079,885294694400.0,1791452706.0,865.0,866.2,874.5,861.3,892009.0,865.55,-0.5499878,-0.063542,832.6,1273.9,1541.85,7.083333,914.794,-49.794006,-0.054431934,1050.0482,-185.04822,-0.1762283,32.400024,0.038914274,-408.90002,-0.3209828,832.6 - 1273.9,1514243.0,1080609.0,1514243.0,389702699.0,1023462075.0,1023462075.0,0.64247,0.2292,28327000064.0,27.684,44158099456.0,158320492544.0,154.753,,,78713602048.0,0.115,0.154,0.49717999,0.20385,0.17186001,0.12086,123.609,6.9978724,900984733696.0,46.256683,31.972263,18.7,27.0547,20.0,2.31,1786579200.0,1.0695,0.82,3:2,5.691,19135399936.0,1536710400.0,0.332
2026-10-09T03:05:37.553451,CCL.NS,CCL Products (India) Limited,Packaged Foods,Consumer Defensive,NSE,https://www.cclproducts.com,Hyderabad,500034,140091441152.0,1791453597.0,1050.6,1050.6,1059.7,1041.9,55123.0,1052.3,-1.7000732,-0.16155784,816.25,1242.2,1242.2,5.195,1093.148,-42.547974,-0.03892243,1080.6665,-30.066528,-0.027822208,234.34998,0.28710565,-191.59998,-0.15424246,816.25 - 1242.2,160716.0,173723.0,160716.0,67777645.0,133344224.0,133344224.0,0.49148,0.26049,2165156096.0,16.248,13243601920.0,46113546240.0,346.14,,,16401038336.0,0.61,0.138,0.35567,0.17021,0.13101,0.0938,176.048,5.9676905,151079223296.0,32.395927,22.126364,32.43,47.48182,5.75,0.55,1788220800.0,0.2391,0.66,5:1,3.276,4325245952.0,1376870400.0,0.021
